"Signal Time","Game","Player","Market","Side","Line","Odds","Book","EV %","Hit Rate %","Num Games","Baba Lock?","Confirmation Books","Player ID","Event ID","Commence Time","Market Key","Resolved?","Actual Outcome","Actual Stat","Resolved Time","Notes"
"2026-02-27T08:50:31.231943-05:00","DET Pistons vs CLE Cavaliers (7:10 PM EST)","James Harden","Threes","Over","2.5","-107","BallyBet","2.97","70.0","10","False","FD at -132, DK at -121, ESPN at -120","192","cf8cdaeaad30f552b5926615f7d28cab","2026-02-28 00:10:00+00:00","player_threes","True","Void","DNP or no data","2026-03-01T16:11:21.980282+00:00",""
"2026-02-27T08:50:32.922510-05:00","DET Pistons vs CLE Cavaliers (7:10 PM EST)","James Harden","Threes","Over","2.5","100","HardRockBet","6.45","70.0","10","True","FD at -132, DK at -121, ESPN at -120","192","cf8cdaeaad30f552b5926615f7d28cab","2026-02-28 00:10:00+00:00","player_threes","True","Void","DNP or no data","2026-03-01T16:11:21.980282+00:00",""
"2026-02-27T08:50:43.059319-05:00","BOS Celtics vs BKN Nets (7:40 PM EST)","Payton Pritchard","Rebounds Assists","Over","9.5","105","HardRockBet","3.74","60.0","10","False","FD at -118, DK at -115, ESPN at -115","3547276","e1e1a9d8e15113a1bd412d2137a14251","2026-02-28 00:40:00+00:00","player_rebounds_assists","True","Void","DNP or no data","2026-03-01T16:11:21.980282+00:00",""
"2026-02-27T08:50:57.274087-05:00","MIL Bucks vs NYK Knicks (8:10 PM EST)","Ryan Rollins","Rebounds Assists","Over","9.5","110","HardRockBet","3.73","50.0","10","False","FD at -112, DK at -113, ESPN at -110","38017712","0187f9083f62982033a3af48bf31bec9","2026-02-28 01:10:00+00:00","player_rebounds_assists","True","Void","DNP or no data","2026-03-01T16:11:21.980282+00:00",""
"2026-02-27T08:50:58.755691-05:00","MIL Bucks vs NYK Knicks (8:10 PM EST)","Ryan Rollins","Rebounds Assists","Over","9.5","110","BetMGM","3.73","50.0","10","False","FD at -112, DK at -113, ESPN at -110","38017712","0187f9083f62982033a3af48bf31bec9","2026-02-28 01:10:00+00:00","player_rebounds_assists","True","Void","DNP or no data","2026-03-01T16:11:21.980282+00:00",""
"2026-02-27T08:51:09.095297-05:00","DAL Mavericks vs MEM Grizzlies (8:40 PM EST)","Max Christie","Rebounds","Under","3.5","105","HardRockBet","7.44","80.0","10","True","FD at -128, DK at -133, ESPN at -125","38017697","173782733e149dd225b1ee09169ee375","2026-02-28 01:40:00+00:00","player_rebounds","True","Void","DNP or no data","2026-03-01T16:11:21.980282+00:00",""
"2026-02-27T08:56:18.105286-05:00","BOS Celtics vs BKN Nets (7:40 PM EST)","Payton Pritchard","Rebounds","Over","3.5","-105","HardRockBet","1.81","50.0","10","False","FD at -125, DK at -128, ESPN at -125","3547276","e1e1a9d8e15113a1bd412d2137a14251","2026-02-28 00:40:00+00:00","player_rebounds","True","Void","DNP or no data","2026-03-01T16:11:21.980282+00:00",""
"2026-02-27T08:56:19.710819-05:00","BOS Celtics vs BKN Nets (7:40 PM EST)","Payton Pritchard","Rebounds","Over","3.5","-105","BetMGM","1.81","50.0","10","False","FD at -125, DK at -128, ESPN at -125","3547276","e1e1a9d8e15113a1bd412d2137a14251","2026-02-28 00:40:00+00:00","player_rebounds","True","Void","DNP or no data","2026-03-01T16:11:21.980282+00:00",""
"2026-02-27T09:01:40.054971-05:00","MIL Bucks vs NYK Knicks (8:10 PM EST)","Ryan Rollins","Assists","Over","4.5","-130","HardRockBet","3.14","60.0","10","False","FD at -166, ESPN at -160, Pinnacle at -180","38017712","0187f9083f62982033a3af48bf31bec9","2026-02-28 01:10:00+00:00","player_assists","True","Void","DNP or no data","2026-03-01T16:11:21.980282+00:00",""
"2026-02-27T09:01:50.151331-05:00","DAL Mavericks vs MEM Grizzlies (8:40 PM EST)","Daniel Gafford","Points","Under","9.5","-105","HardRockBet","3.92","70.0","10","True","FD at -132, DK at -122, ESPN at -125","666577","173782733e149dd225b1ee09169ee375","2026-02-28 01:40:00+00:00","player_points","True","Void","DNP or no data","2026-03-01T16:11:21.980282+00:00",""
"2026-02-27T09:12:29.375327-05:00","DAL Mavericks vs MEM Grizzlies (8:40 PM EST)","Naji Marshall","Rebounds Assists","Under","9.5","100","DraftKings","3.83","60.0","10","False","FD at -125, DK at 100, ESPN at -115","3547293","173782733e149dd225b1ee09169ee375","2026-02-28 01:40:00+00:00","player_rebounds_assists","True","Void","DNP or no data","2026-03-01T16:11:21.980282+00:00",""
"2026-02-27T09:23:00.740625-05:00","DAL Mavericks vs MEM Grizzlies (8:40 PM EST)","Jaylen Wells","Rebounds","Under","3.5","-110","HardRockBet","4.2","90.0","10","True","FD at -140, DK at -142, ESPN at -140","1028039105","173782733e149dd225b1ee09169ee375","2026-02-28 01:40:00+00:00","player_rebounds","True","Void","DNP or no data","2026-03-01T16:11:21.980282+00:00",""
"2026-02-27T09:23:02.528957-05:00","DAL Mavericks vs MEM Grizzlies (8:40 PM EST)","Naji Marshall","Rebounds","Under","5.5","100","HardRockBet","5.63","60.0","10","False","FD at -130, DK at -113, ESPN at -120","3547293","173782733e149dd225b1ee09169ee375","2026-02-28 01:40:00+00:00","player_rebounds","True","Void","DNP or no data","2026-03-01T16:11:21.980282+00:00",""
"2026-02-27T09:28:22.862677-05:00","DAL Mavericks vs MEM Grizzlies (8:40 PM EST)","Daniel Gafford","Points","Under","9.5","-110","BetMGM","2.69","70.0","10","False","FD at -136, DK at -117, ESPN at -130","666577","173782733e149dd225b1ee09169ee375","2026-02-28 01:40:00+00:00","player_points","True","Void","DNP or no data","2026-03-01T16:11:21.980282+00:00",""
"2026-02-27T09:33:53.311531-05:00","OKC Thunder vs DEN Nuggets (9:40 PM EST)","Bruce Brown","Rebounds","Over","3.5","-115","HardRockBet","3.03","50.0","10","False","FD at -144, DK at -141, ESPN at -150","69","97389f0f24c00f44acf93382323f7d0a","2026-02-28 02:40:00+00:00","player_rebounds","True","Void","DNP or no data","2026-03-01T16:11:21.980282+00:00",""
"2026-02-27T09:44:13.759705-05:00","BOS Celtics vs BKN Nets (7:40 PM EST)","Jaylen Brown","Assists","Over","4.5","-125","FanDuel","3.32","20.0","10","False","ESPN at -160, Pinnacle at -158","70","e1e1a9d8e15113a1bd412d2137a14251","2026-02-28 00:40:00+00:00","player_assists","True","Void","DNP or no data","2026-03-01T16:11:21.980282+00:00",""
"2026-02-27T10:53:57.643521-05:00","DET Pistons vs CLE Cavaliers (7:10 PM EST)","Jaylon Tyson","Rebounds","Over","4.5","-107","BallyBet","2.18","50.0","10","False","FD at -130, DK at -134, ESPN at -130","1028028993","cf8cdaeaad30f552b5926615f7d28cab","2026-02-28 00:10:00+00:00","player_rebounds","True","Void","DNP or no data","2026-03-01T16:11:21.980282+00:00",""
"2026-02-27T10:53:59.711161-05:00","DET Pistons vs CLE Cavaliers (7:10 PM EST)","Jaylon Tyson","Rebounds","Over","4.5","-105","BetMGM","3.12","50.0","10","False","FD at -130, DK at -134, ESPN at -130","1028028993","cf8cdaeaad30f552b5926615f7d28cab","2026-02-28 00:10:00+00:00","player_rebounds","True","Void","DNP or no data","2026-03-01T16:11:21.980282+00:00",""
"2026-02-27T10:54:10.053666-05:00","BOS Celtics vs BKN Nets (7:40 PM EST)","Payton Pritchard","Rebounds Assists","Over","9.5","110","HardRockBet","3.73","60.0","10","False","FD at -112, DK at -101, ESPN at -110","3547276","e1e1a9d8e15113a1bd412d2137a14251","2026-02-28 00:40:00+00:00","player_rebounds_assists","True","Void","DNP or no data","2026-03-01T16:11:21.980282+00:00",""
"2026-02-27T11:10:01.828536-05:00","MIL Bucks vs NYK Knicks (8:10 PM EST)","Jalen Brunson","Points","Under","26.5","105","HardRockBet","8.27","60.0","10","False","FD at -130, DK at -122","73","0187f9083f62982033a3af48bf31bec9","2026-02-28 01:10:00+00:00","player_points","True","Void","DNP or no data","2026-03-01T16:11:21.980282+00:00",""
"2026-02-27T11:15:16.733079-05:00","BOS Celtics vs BKN Nets (7:40 PM EST)","Derrick White","Assists","Under","6.5","-130","HardRockBet","3.14","30.0","10","False","FD at -166, DK at -144, ESPN at -150","473","e1e1a9d8e15113a1bd412d2137a14251","2026-02-28 00:40:00+00:00","player_assists","True","Void","DNP or no data","2026-03-01T16:11:21.980282+00:00",""
"2026-02-27T11:25:58.102056-05:00","DAL Mavericks vs MEM Grizzlies (8:40 PM EST)","Klay Thompson","Points","Under","12.5","-105","HardRockBet","3.92","70.0","10","False","FD at -132, DK at -115, ESPN at -125","443","173782733e149dd225b1ee09169ee375","2026-02-28 01:40:00+00:00","player_points","True","Void","DNP or no data","2026-03-01T16:11:21.980282+00:00",""
"2026-02-27T11:31:12.444326-05:00","DAL Mavericks vs MEM Grizzlies (8:40 PM EST)","Daniel Gafford","Points","Under","9.5","-105","HardRockBet","5.02","70.0","10","False","FD at -136, DK at -122","666577","173782733e149dd225b1ee09169ee375","2026-02-28 01:40:00+00:00","player_points","True","Void","DNP or no data","2026-03-01T16:11:21.980282+00:00",""
"2026-02-27T11:31:15.439704-05:00","DAL Mavericks vs MEM Grizzlies (8:40 PM EST)","Jaylen Wells","Rebounds","Under","3.5","-110","HardRockBet","4.2","90.0","10","True","FD at -140, DK at -135, ESPN at -130","1028039105","173782733e149dd225b1ee09169ee375","2026-02-28 01:40:00+00:00","player_rebounds","True","Void","DNP or no data","2026-03-01T16:11:21.980282+00:00",""
"2026-02-27T11:46:48.870390-05:00","DET Pistons vs CLE Cavaliers (7:10 PM EST)","Jaylon Tyson","Rebounds","Over","4.5","105","HardRockBet","8.27","50.0","10","False","FD at -130, DK at -134, ESPN at -130","1028028993","cf8cdaeaad30f552b5926615f7d28cab","2026-02-28 00:10:00+00:00","player_rebounds","True","Void","DNP or no data","2026-03-01T16:11:21.980282+00:00",""
"2026-02-27T12:02:56.275102-05:00","DET Pistons vs CLE Cavaliers (7:10 PM EST)","Jaylon Tyson","Rebounds","Over","4.5","-107","BetRivers","2.18","50.0","10","False","FD at -130, DK at -133, ESPN at -130","1028028993","cf8cdaeaad30f552b5926615f7d28cab","2026-02-28 00:10:00+00:00","player_rebounds","True","Void","DNP or no data","2026-03-01T16:11:21.980282+00:00",""
"2026-02-27T12:08:21.114874-05:00","DET Pistons vs CLE Cavaliers (7:10 PM EST)","Cade Cunningham","Assists","Over","9.5","-118","BetRivers","1.81","60.0","10","False","FD at -144, DK at -141, ESPN at -160","17896075","cf8cdaeaad30f552b5926615f7d28cab","2026-02-28 00:10:00+00:00","player_assists","True","Void","DNP or no data","2026-03-01T16:11:21.980282+00:00",""
"2026-02-27T12:08:22.858374-05:00","DET Pistons vs CLE Cavaliers (7:10 PM EST)","Cade Cunningham","Assists","Over","9.5","-118","BallyBet","1.81","60.0","10","False","FD at -144, DK at -141, ESPN at -160","17896075","cf8cdaeaad30f552b5926615f7d28cab","2026-02-28 00:10:00+00:00","player_assists","True","Void","DNP or no data","2026-03-01T16:11:21.980282+00:00",""
"2026-02-27T12:08:52.127148-05:00","OKC Thunder vs DEN Nuggets (9:40 PM EST)","Bruce Brown","Rebounds","Over","3.5","-115","HardRockBet","3.03","50.0","10","False","FD at -144, DK at -152, ESPN at -160","69","97389f0f24c00f44acf93382323f7d0a","2026-02-28 02:40:00+00:00","player_rebounds","True","Void","DNP or no data","2026-03-01T16:11:21.980282+00:00",""
"2026-02-27T12:13:59.579099-05:00","DET Pistons vs CLE Cavaliers (7:10 PM EST)","Jalen Duren","Points","Under","17.5","-106","BetRivers","2.64","30.0","10","False","FD at -130, DK at -120, ESPN at -130","38017694","cf8cdaeaad30f552b5926615f7d28cab","2026-02-28 00:10:00+00:00","player_points","True","Void","DNP or no data","2026-03-01T16:11:21.980282+00:00",""
"2026-02-27T12:35:38.718236-05:00","BOS Celtics vs BKN Nets (7:40 PM EST)","Payton Pritchard","Points Rebounds","Over","21.5","105","HardRockBet","3.74","60.0","10","False","FD at -118, DK at -115, ESPN at -115","3547276","e1e1a9d8e15113a1bd412d2137a14251","2026-02-28 00:40:00+00:00","player_points_rebounds","True","Void","DNP or no data","2026-03-01T16:11:21.980282+00:00",""
"2026-02-27T12:41:21.096400-05:00","OKC Thunder vs DEN Nuggets (9:40 PM EST)","Cason Wallace","Points","Over","9.5","105","BetMGM","2.5","60.0","10","False","FD at -114, DK at -106, ESPN at -115, Pinnacle at -108","56677833","97389f0f24c00f44acf93382323f7d0a","2026-02-28 02:40:00+00:00","player_points","True","Void","DNP or no data","2026-03-01T16:11:21.980282+00:00",""
"2026-02-27T12:46:30.890069-05:00","BOS Celtics vs BKN Nets (7:40 PM EST)","Payton Pritchard","Points","Over","17.5","100","HardRockBet","2.02","60.0","10","False","FD at -120, DK at -120, ESPN at -115","3547276","e1e1a9d8e15113a1bd412d2137a14251","2026-02-28 00:40:00+00:00","player_points","True","Void","DNP or no data","2026-03-01T16:11:21.980282+00:00",""
"2026-02-27T12:46:42.180355-05:00","DAL Mavericks vs MEM Grizzlies (8:40 PM EST)","Cam Spencer","Rebounds Assists","Under","7.5","-110","HardRockBet","8.25","40.0","10","False","FD at -154, DK at -148, ESPN at -130","1028048549","173782733e149dd225b1ee09169ee375","2026-02-28 01:40:00+00:00","player_rebounds_assists","True","Void","DNP or no data","2026-03-01T16:11:21.980282+00:00",""
"2026-02-27T12:46:51.815566-05:00","OKC Thunder vs DEN Nuggets (9:40 PM EST)","Luguentz Dort","Points Rebounds","Under","13.5","-110","BetMGM","2.69","70.0","10","False","FD at -136, DK at -130, ESPN at -125","666541","97389f0f24c00f44acf93382323f7d0a","2026-02-28 02:40:00+00:00","player_points_rebounds","True","Void","DNP or no data","2026-03-01T16:11:21.980282+00:00",""
"2026-02-27T13:09:41.892695-05:00","DET Pistons vs CLE Cavaliers (7:10 PM EST)","Jarrett Allen","Rebounds Assists","Over","10.5","-110","HardRockBet","2.69","90.0","10","False","FD at -136, ESPN at -140","9","cf8cdaeaad30f552b5926615f7d28cab","2026-02-28 00:10:00+00:00","player_rebounds_assists","True","Void","DNP or no data","2026-03-01T16:11:21.980282+00:00",""
"2026-02-27T13:09:43.750243-05:00","DET Pistons vs CLE Cavaliers (7:10 PM EST)","Jarrett Allen","Rebounds Assists","Over","10.5","-110","BetMGM","2.69","90.0","10","False","FD at -136, ESPN at -140","9","cf8cdaeaad30f552b5926615f7d28cab","2026-02-28 00:10:00+00:00","player_rebounds_assists","True","Void","DNP or no data","2026-03-01T16:11:21.980282+00:00",""
"2026-02-27T13:09:55.286771-05:00","MIL Bucks vs NYK Knicks (8:10 PM EST)","Jalen Brunson","Points","Under","26.5","105","HardRockBet","8.27","60.0","10","False","FD at -130, DK at -119, ESPN at -125","73","0187f9083f62982033a3af48bf31bec9","2026-02-28 01:10:00+00:00","player_points","True","Void","DNP or no data","2026-03-01T16:11:21.980282+00:00",""
"2026-02-27T13:10:02.730523-05:00","DAL Mavericks vs MEM Grizzlies (8:40 PM EST)","Daniel Gafford","Points","Under","9.5","-110","DraftKings","2.69","70.0","10","False","FD at -136, DK at -110, ESPN at -130","666577","173782733e149dd225b1ee09169ee375","2026-02-28 01:40:00+00:00","player_points","True","Void","DNP or no data","2026-03-01T16:11:21.980282+00:00",""
"2026-02-27T13:10:06.334677-05:00","DAL Mavericks vs MEM Grizzlies (8:40 PM EST)","Klay Thompson","Points","Under","12.5","-105","HardRockBet","5.02","70.0","10","False","FD at -136, DK at -112, ESPN at -125","443","173782733e149dd225b1ee09169ee375","2026-02-28 01:40:00+00:00","player_points","True","Void","DNP or no data","2026-03-01T16:11:21.980282+00:00",""
"2026-02-27T13:10:08.471628-05:00","DAL Mavericks vs MEM Grizzlies (8:40 PM EST)","Daniel Gafford","Points","Under","9.5","-105","HardRockBet","5.02","70.0","10","True","FD at -136, DK at -110, ESPN at -130","666577","173782733e149dd225b1ee09169ee375","2026-02-28 01:40:00+00:00","player_points","True","Void","DNP or no data","2026-03-01T16:11:21.980282+00:00",""
"2026-02-27T13:10:27.810759-05:00","OKC Thunder vs DEN Nuggets (9:40 PM EST)","Bruce Brown","Rebounds","Over","3.5","-115","HardRockBet","3.03","50.0","10","False","FD at -144, DK at -152, ESPN at -160","69","97389f0f24c00f44acf93382323f7d0a","2026-02-28 02:40:00+00:00","player_rebounds","True","Void","DNP or no data","2026-03-01T16:11:21.980282+00:00",""
"2026-02-27T13:16:35.457165-05:00","DET Pistons vs CLE Cavaliers (7:10 PM EST)","James Harden","Threes","Over","2.5","100","HardRockBet","2.02","70.0","10","False","FD at -120, DK at -101, ESPN at -120","192","cf8cdaeaad30f552b5926615f7d28cab","2026-02-28 00:10:00+00:00","player_threes","True","Void","DNP or no data","2026-03-01T16:11:21.980282+00:00",""
"2026-02-27T13:16:37.348277-05:00","DET Pistons vs CLE Cavaliers (7:10 PM EST)","James Harden","Threes","Over","2.5","100","BetMGM","2.02","70.0","10","False","FD at -120, DK at -101, ESPN at -120","192","cf8cdaeaad30f552b5926615f7d28cab","2026-02-28 00:10:00+00:00","player_threes","True","Void","DNP or no data","2026-03-01T16:11:21.980282+00:00",""
"2026-02-27T13:32:22.053159-05:00","DAL Mavericks vs MEM Grizzlies (8:40 PM EST)","Cam Spencer","Points Assists","Over","14.5","-105","HardRockBet","2.32","40.0","10","False","FD at -128, DK at -126, ESPN at -115","1028048549","173782733e149dd225b1ee09169ee375","2026-02-28 01:40:00+00:00","player_points_assists","True","Void","DNP or no data","2026-03-01T16:11:21.980282+00:00",""
"2026-02-27T13:32:24.017882-05:00","DAL Mavericks vs MEM Grizzlies (8:40 PM EST)","Cam Spencer","Points Assists","Over","14.5","-105","BetMGM","2.32","40.0","10","False","FD at -128, DK at -126, ESPN at -115","1028048549","173782733e149dd225b1ee09169ee375","2026-02-28 01:40:00+00:00","player_points_assists","True","Void","DNP or no data","2026-03-01T16:11:21.980282+00:00",""
"2026-02-27T13:35:45.501830-05:00","OKC Thunder vs DEN Nuggets (9:40 PM EST)","Cason Wallace","Points","Under","9.5","110","HardRockBet","5.84","40.0","10","False","FD at -118, DK at -120, ESPN at -115, Pinnacle at -117","56677833","97389f0f24c00f44acf93382323f7d0a","2026-02-28 02:40:00+00:00","player_points","True","Void","DNP or no data","2026-03-01T16:11:21.980282+00:00",""
"2026-02-27T13:42:05.714133-05:00","DET Pistons vs CLE Cavaliers (7:10 PM EST)","Jalen Duren","Points Rebounds","Over","29.5","105","BetMGM","2.5","70.0","10","False","FD at -114, DK at -125","38017694","cf8cdaeaad30f552b5926615f7d28cab","2026-02-28 00:10:00+00:00","player_points_rebounds","True","Void","DNP or no data","2026-03-01T16:11:21.980282+00:00",""
"2026-02-27T13:42:12.291739-05:00","DAL Mavericks vs MEM Grizzlies (8:40 PM EST)","Cam Spencer","Rebounds Assists","Under","7.5","-115","HardRockBet","6.01","40.0","10","False","FD at -154, DK at -136, ESPN at -125","1028048549","173782733e149dd225b1ee09169ee375","2026-02-28 01:40:00+00:00","player_rebounds_assists","True","Void","DNP or no data","2026-03-01T16:11:21.980282+00:00",""
"2026-02-27T13:45:33.034923-05:00","OKC Thunder vs DEN Nuggets (9:40 PM EST)","Luguentz Dort","Points Rebounds","Under","13.5","-110","BetMGM","2.69","70.0","10","False","FD at -136, DK at -130, ESPN at -125","666541","97389f0f24c00f44acf93382323f7d0a","2026-02-28 02:40:00+00:00","player_points_rebounds","True","Void","DNP or no data","2026-03-01T16:11:21.980282+00:00",""
"2026-02-27T13:48:39.520279-05:00","DET Pistons vs CLE Cavaliers (7:10 PM EST)","Jalen Duren","Points Rebounds Assists","Over","31.5","110","BetMGM","3.73","70.0","10","True","FD at -112, ESPN at -115, Pinnacle at -107","38017694","cf8cdaeaad30f552b5926615f7d28cab","2026-02-28 00:10:00+00:00","player_points_rebounds_assists","True","Void","DNP or no data","2026-03-01T16:11:21.980282+00:00",""
"2026-02-27T13:48:46.663294-05:00","BOS Celtics vs BKN Nets (7:40 PM EST)","Baylor Scheierman","Rebounds","Over","4.5","-125","theScore","2.91","70.0","10","False","FD at -158, DK at -147, ESPN at -125","1028028434","e1e1a9d8e15113a1bd412d2137a14251","2026-02-28 00:40:00+00:00","player_rebounds","True","Void","DNP or no data","2026-03-01T16:11:21.980282+00:00",""
"2026-02-27T13:48:48.629430-05:00","BOS Celtics vs BKN Nets (7:40 PM EST)","Baylor Scheierman","Rebounds","Over","4.5","-105","HardRockBet","11.63","70.0","10","True","FD at -158, DK at -147, ESPN at -125","1028028434","e1e1a9d8e15113a1bd412d2137a14251","2026-02-28 00:40:00+00:00","player_rebounds","True","Void","DNP or no data","2026-03-01T16:11:21.980282+00:00",""
"2026-02-27T13:48:59.999132-05:00","DAL Mavericks vs MEM Grizzlies (8:40 PM EST)","Khris Middleton","Assists","Under","3.5","-122","FanDuel","5.02","60.0","10","False","ESPN at -150, Pinnacle at -171","315","173782733e149dd225b1ee09169ee375","2026-02-28 01:40:00+00:00","player_assists","True","Void","DNP or no data","2026-03-01T16:11:21.980282+00:00",""
"2026-02-27T13:49:06.028483-05:00","OKC Thunder vs DEN Nuggets (9:40 PM EST)","Cason Wallace","Points","Over","9.5","105","BetMGM","2.5","60.0","10","False","FD at -114, DK at -106, ESPN at -115, Pinnacle at -113","56677833","97389f0f24c00f44acf93382323f7d0a","2026-02-28 02:40:00+00:00","player_points","True","Void","DNP or no data","2026-03-01T16:11:21.980282+00:00",""
"2026-02-27T13:52:21.575497-05:00","OKC Thunder vs DEN Nuggets (9:40 PM EST)","Shai Gilgeous-Alexander","Points","Under","28.5","-106","DraftKings","3.44","30.0","10","False","FD at -132, DK at -106, ESPN at -125, Pinnacle at -127","175","97389f0f24c00f44acf93382323f7d0a","2026-02-28 02:40:00+00:00","player_points","True","Void","DNP or no data","2026-03-01T16:11:21.980282+00:00",""
"2026-02-27T14:18:38.170424-05:00","BOS Celtics vs BKN Nets (7:40 PM EST)","Nicolas Claxton","Rebounds","Under","6.5","110","HardRockBet","2.02","50.0","10","False","FD at -108, DK at -104, ESPN at -115","666508","e1e1a9d8e15113a1bd412d2137a14251","2026-02-28 00:40:00+00:00","player_rebounds","True","Void","DNP or no data","2026-03-01T16:11:21.980282+00:00",""
"2026-02-27T14:25:47.205539-05:00","BOS Celtics vs BKN Nets (7:40 PM EST)","Nicolas Claxton","Rebounds","Under","6.5","110","BetMGM","2.02","50.0","10","False","FD at -108, DK at -104, ESPN at -115","666508","e1e1a9d8e15113a1bd412d2137a14251","2026-02-28 00:40:00+00:00","player_rebounds","True","Void","DNP or no data","2026-03-01T16:11:21.980282+00:00",""
"2026-02-27T14:26:01.704557-05:00","DAL Mavericks vs MEM Grizzlies (8:40 PM EST)","Jaylen Wells","Rebounds","Under","3.5","-115","HardRockBet","2.04","90.0","10","False","FD at -140, DK at -151, ESPN at -130","1028039105","173782733e149dd225b1ee09169ee375","2026-02-28 01:40:00+00:00","player_rebounds","True","Void","DNP or no data","2026-03-01T16:11:21.980282+00:00",""
"2026-02-27T14:29:54.389653-05:00","OKC Thunder vs DEN Nuggets (9:40 PM EST)","Cason Wallace","Points Rebounds Assists","Over","15.5","100","BetMGM","2.84","70.0","10","False","FD at -122, DK at -114, ESPN at -105, Pinnacle at -119","56677833","97389f0f24c00f44acf93382323f7d0a","2026-02-28 02:40:00+00:00","player_points_rebounds_assists","True","Void","DNP or no data","2026-03-01T16:11:21.980282+00:00",""
"2026-02-27T14:46:46.530444-05:00","BOS Celtics vs BKN Nets (7:40 PM EST)","Jaylen Brown","Assists","Under","4.5","-104","BetRivers","3.6","80.0","10","False","FD at -130, DK at -121","70","e1e1a9d8e15113a1bd412d2137a14251","2026-02-28 00:40:00+00:00","player_assists","True","Void","DNP or no data","2026-03-01T16:11:21.980282+00:00",""
"2026-02-27T14:46:50.586187-05:00","BOS Celtics vs BKN Nets (7:40 PM EST)","Jaylen Brown","Assists","Under","4.5","-105","HardRockBet","3.12","80.0","10","False","FD at -130, DK at -121","70","e1e1a9d8e15113a1bd412d2137a14251","2026-02-28 00:40:00+00:00","player_assists","True","Void","DNP or no data","2026-03-01T16:11:21.980282+00:00",""
"2026-02-27T14:46:52.239541-05:00","BOS Celtics vs BKN Nets (7:40 PM EST)","Jaylen Brown","Assists","Under","4.5","100","BetMGM","5.63","80.0","10","True","FD at -130, DK at -121","70","e1e1a9d8e15113a1bd412d2137a14251","2026-02-28 00:40:00+00:00","player_assists","True","Void","DNP or no data","2026-03-01T16:11:21.980282+00:00",""
"2026-02-27T14:54:07.869703-05:00","DAL Mavericks vs MEM Grizzlies (8:40 PM EST)","Max Christie","Rebounds","Under","3.5","-105","HardRockBet","3.12","80.0","10","True","FD at -130, DK at -138, ESPN at -125","38017697","173782733e149dd225b1ee09169ee375","2026-02-28 01:40:00+00:00","player_rebounds","True","Void","DNP or no data","2026-03-01T16:11:21.980282+00:00",""
"2026-02-27T14:57:48.654001-05:00","OKC Thunder vs DEN Nuggets (9:40 PM EST)","Tim Hardaway Jr","Points","Over","11.5","108","BetRivers","1.89","60.0","10","False","FD at -110, DK at -108, ESPN at -110, Pinnacle at -107","191","97389f0f24c00f44acf93382323f7d0a","2026-02-28 02:40:00+00:00","player_points","True","Void","DNP or no data","2026-03-01T16:11:21.980282+00:00",""
"2026-02-27T14:57:50.657444-05:00","OKC Thunder vs DEN Nuggets (9:40 PM EST)","Tim Hardaway Jr","Points","Over","11.5","108","BallyBet","1.89","60.0","10","False","FD at -110, DK at -108, ESPN at -110, Pinnacle at -107","191","97389f0f24c00f44acf93382323f7d0a","2026-02-28 02:40:00+00:00","player_points","True","Void","DNP or no data","2026-03-01T16:11:21.980282+00:00",""
"2026-02-27T15:01:04.536217-05:00","BOS Celtics vs BKN Nets (7:40 PM EST)","Baylor Scheierman","Points Rebounds","Over","12.5","-110","BetMGM","2.69","50.0","10","False","FD at -136, DK at -116, ESPN at -125","1028028434","e1e1a9d8e15113a1bd412d2137a14251","2026-02-28 00:40:00+00:00","player_points_rebounds","True","Void","DNP or no data","2026-03-01T16:11:21.980282+00:00",""
"2026-02-27T15:04:28.636003-05:00","BOS Celtics vs BKN Nets (7:40 PM EST)","Payton Pritchard","Points","Over","17.5","100","HardRockBet","2.02","60.0","10","False","FD at -120, DK at -120, ESPN at -115","3547276","e1e1a9d8e15113a1bd412d2137a14251","2026-02-28 00:40:00+00:00","player_points","True","Void","DNP or no data","2026-03-01T16:11:21.980282+00:00",""
"2026-02-27T15:11:21.746786-05:00","BOS Celtics vs BKN Nets (7:40 PM EST)","Egor Demin","Rebounds","Under","3.5","-118","BetMGM","2.5","40.0","10","False","FD at -146, DK at -159, ESPN at -130","1057266813","e1e1a9d8e15113a1bd412d2137a14251","2026-02-28 00:40:00+00:00","player_rebounds","True","Void","DNP or no data","2026-03-01T16:11:21.980282+00:00",""
"2026-02-27T15:14:47.528737-05:00","DET Pistons vs CLE Cavaliers (7:10 PM EST)","Jalen Duren","Rebounds","Under","11.5","-110","DraftKings","5.83","40.0","10","False","FD at -142, DK at -110, ESPN at -130","38017694","cf8cdaeaad30f552b5926615f7d28cab","2026-02-28 00:10:00+00:00","player_rebounds","True","Void","DNP or no data","2026-03-01T16:11:21.980282+00:00",""
"2026-02-27T15:14:53.283923-05:00","BOS Celtics vs BKN Nets (7:40 PM EST)","Jaylen Brown","Rebounds","Under","6.5","104","BetRivers","2.0","20.0","10","False","FD at -114, DK at -112, ESPN at -115","70","e1e1a9d8e15113a1bd412d2137a14251","2026-02-28 00:40:00+00:00","player_rebounds","True","Void","DNP or no data","2026-03-01T16:11:21.980282+00:00",""
"2026-02-27T15:18:25.447811-05:00","DAL Mavericks vs MEM Grizzlies (8:40 PM EST)","Naji Marshall","Rebounds Assists","Over","10.5","110","BetMGM","5.0","30.0","10","False","FD at -114, DK at -119, ESPN at -115","3547293","173782733e149dd225b1ee09169ee375","2026-02-28 01:40:00+00:00","player_rebounds_assists","True","Void","DNP or no data","2026-03-01T16:11:21.980282+00:00",""
"2026-02-27T15:18:28.872762-05:00","OKC Thunder vs DEN Nuggets (9:40 PM EST)","Isaiah Hartenstein","Rebounds","Under","8.5","-115","HardRockBet","4.42","70.0","10","False","FD at -148, DK at -126, ESPN at -130","201","97389f0f24c00f44acf93382323f7d0a","2026-02-28 02:40:00+00:00","player_rebounds","True","Void","DNP or no data","2026-03-01T16:11:21.980282+00:00",""
"2026-02-27T15:22:06.579653-05:00","DAL Mavericks vs MEM Grizzlies (8:40 PM EST)","Khris Middleton","Assists","Under","3.5","100","HardRockBet","2.02","60.0","10","False","FD at -120, DK at -134, ESPN at -120","315","173782733e149dd225b1ee09169ee375","2026-02-28 01:40:00+00:00","player_assists","True","Void","DNP or no data","2026-03-01T16:11:21.980282+00:00",""
"2026-02-27T15:22:15.747546-05:00","OKC Thunder vs DEN Nuggets (9:40 PM EST)","Isaiah Hartenstein","Rebounds Assists","Under","11.5","-105","HardRockBet","3.92","60.0","10","False","FD at -132, DK at -119, ESPN at -115","201","97389f0f24c00f44acf93382323f7d0a","2026-02-28 02:40:00+00:00","player_rebounds_assists","True","Void","DNP or no data","2026-03-01T16:11:21.980282+00:00",""
"2026-02-27T15:22:18.508255-05:00","OKC Thunder vs DEN Nuggets (9:40 PM EST)","Isaiah Hartenstein","Rebounds Assists","Under","11.5","-105","BetMGM","3.92","60.0","10","False","FD at -132, DK at -119, ESPN at -115","201","97389f0f24c00f44acf93382323f7d0a","2026-02-28 02:40:00+00:00","player_rebounds_assists","True","Void","DNP or no data","2026-03-01T16:11:21.980282+00:00",""
"2026-02-27T15:35:47.427593-05:00","MIL Bucks vs NYK Knicks (8:10 PM EST)","Mikal Bridges","Points Rebounds Assists","Over","21.5","-105","HardRockBet","2.32","60.0","10","False","FD at -128, DK at -126, ESPN at -115","61","0187f9083f62982033a3af48bf31bec9","2026-02-28 01:10:00+00:00","player_points_rebounds_assists","True","Void","DNP or no data","2026-03-01T16:11:21.980282+00:00",""
"2026-02-27T15:35:49.430229-05:00","MIL Bucks vs NYK Knicks (8:10 PM EST)","Mikal Bridges","Points Rebounds Assists","Over","21.5","-105","BetMGM","2.32","60.0","10","False","FD at -128, DK at -126, ESPN at -115","61","0187f9083f62982033a3af48bf31bec9","2026-02-28 01:10:00+00:00","player_points_rebounds_assists","True","Void","DNP or no data","2026-03-01T16:11:21.980282+00:00",""
"2026-02-27T15:39:04.773077-05:00","DET Pistons vs CLE Cavaliers (7:10 PM EST)","Ausar Thompson","Points Rebounds","Over","14.5","100","BetMGM","4.77","50.0","10","False","FD at -125, DK at -109, ESPN at -115","56677826","cf8cdaeaad30f552b5926615f7d28cab","2026-02-28 00:10:00+00:00","player_points_rebounds","True","Void","DNP or no data","2026-03-01T16:11:21.980282+00:00",""
"2026-02-27T15:42:34.153529-05:00","BOS Celtics vs BKN Nets (7:40 PM EST)","Nicolas Claxton","Assists","Under","3.5","-125","FanDuel","3.27","50.0","10","False","ESPN at -160, DK at -157","666508","e1e1a9d8e15113a1bd412d2137a14251","2026-02-28 00:40:00+00:00","player_assists","True","Void","DNP or no data","2026-03-01T16:11:21.980282+00:00",""
"2026-02-27T15:52:47.898149-05:00","BOS Celtics vs BKN Nets (7:40 PM EST)","Nicolas Claxton","Rebounds","Under","6.5","104","BetRivers","2.0","50.0","10","False","FD at -113, DK at -103, ESPN at -125, Pinnacle at -118","666508","e1e1a9d8e15113a1bd412d2137a14251","2026-02-28 00:40:00+00:00","player_rebounds","True","Void","DNP or no data","2026-03-01T16:11:21.980282+00:00",""
"2026-02-27T16:03:02.904052-05:00","DET Pistons vs CLE Cavaliers (7:10 PM EST)","Jarrett Allen","Points","Over","15.5","-105","BetRivers","2.28","70.0","10","False","FD at -125, ESPN at -140","9","cf8cdaeaad30f552b5926615f7d28cab","2026-02-28 00:10:00+00:00","player_points","True","Void","DNP or no data","2026-03-01T16:11:21.980282+00:00",""
"2026-02-27T16:03:05.575483-05:00","DET Pistons vs CLE Cavaliers (7:10 PM EST)","Jarrett Allen","Points","Over","15.5","-105","BallyBet","2.28","70.0","10","False","FD at -125, ESPN at -140","9","cf8cdaeaad30f552b5926615f7d28cab","2026-02-28 00:10:00+00:00","player_points","True","Void","DNP or no data","2026-03-01T16:11:21.980282+00:00",""
"2026-02-27T16:03:07.298016-05:00","DET Pistons vs CLE Cavaliers (7:10 PM EST)","Jarrett Allen","Points","Over","15.5","-105","BetMGM","2.28","70.0","10","False","FD at -125, ESPN at -140","9","cf8cdaeaad30f552b5926615f7d28cab","2026-02-28 00:10:00+00:00","player_points","True","Void","DNP or no data","2026-03-01T16:11:21.980282+00:00",""
"2026-02-27T16:03:22.721091-05:00","MIL Bucks vs NYK Knicks (8:10 PM EST)","Karl-Anthony Towns","Rebounds","Under","10.5","100","BetMGM","2.84","30.0","10","False","FD at -122, DK at -111, ESPN at -115","447","0187f9083f62982033a3af48bf31bec9","2026-02-28 01:10:00+00:00","player_rebounds","True","Void","DNP or no data","2026-03-01T16:11:21.980282+00:00",""
"2026-02-27T16:09:53.085808-05:00","DET Pistons vs CLE Cavaliers (7:10 PM EST)","Jarrett Allen","Rebounds","Over","9.5","110","Fanatics","5.0","90.0","10","False","FD at -113, DK at 101, ESPN at -105","9","cf8cdaeaad30f552b5926615f7d28cab","2026-02-28 00:10:00+00:00","player_rebounds","True","Void","DNP or no data","2026-03-01T16:11:21.980282+00:00",""
"2026-02-27T16:10:14.269888-05:00","MIL Bucks vs NYK Knicks (8:10 PM EST)","Kevin Porter Jr.","Points Rebounds Assists","Over","31.5","100","BallyBet","2.84","80.0","10","False","FD at -122, DK at -112, ESPN at -120","666849","0187f9083f62982033a3af48bf31bec9","2026-02-28 01:10:00+00:00","player_points_rebounds_assists","True","Void","DNP or no data","2026-03-01T16:11:21.980282+00:00",""
"2026-02-27T16:10:15.997043-05:00","MIL Bucks vs NYK Knicks (8:10 PM EST)","Kevin Porter Jr.","Points Rebounds Assists","Over","31.5","100","BetRivers","2.84","80.0","10","False","FD at -122, DK at -112, ESPN at -120","666849","0187f9083f62982033a3af48bf31bec9","2026-02-28 01:10:00+00:00","player_points_rebounds_assists","True","Void","DNP or no data","2026-03-01T16:11:21.980282+00:00",""
"2026-02-27T16:39:20.529303-05:00","DET Pistons vs CLE Cavaliers (7:10 PM EST)","Jarrett Allen","Points","Over","15.5","-106","BetParx","1.81","70.0","10","False","FD at -125, ESPN at -130","9","cf8cdaeaad30f552b5926615f7d28cab","2026-02-28 00:10:00+00:00","player_points","True","Void","DNP or no data","2026-03-01T16:11:21.980282+00:00",""
"2026-02-27T16:39:23.862390-05:00","DET Pistons vs CLE Cavaliers (7:10 PM EST)","Sam Merrill","Points","Over","11.5","-105","HardRockBet","3.27","40.0","10","False","FD at -128, DK at -114, ESPN at -125","3547299","cf8cdaeaad30f552b5926615f7d28cab","2026-02-28 00:10:00+00:00","player_points","True","Void","DNP or no data","2026-03-01T16:11:21.980282+00:00",""
"2026-02-27T16:39:25.734927-05:00","DET Pistons vs CLE Cavaliers (7:10 PM EST)","Jarrett Allen","Points","Over","15.5","-105","BetMGM","2.28","70.0","10","False","FD at -125, ESPN at -130","9","cf8cdaeaad30f552b5926615f7d28cab","2026-02-28 00:10:00+00:00","player_points","True","Void","DNP or no data","2026-03-01T16:11:21.980282+00:00",""
"2026-02-27T16:39:27.320106-05:00","DET Pistons vs CLE Cavaliers (7:10 PM EST)","Sam Merrill","Points","Over","11.5","-105","BetMGM","3.27","40.0","10","False","FD at -128, DK at -114, ESPN at -125","3547299","cf8cdaeaad30f552b5926615f7d28cab","2026-02-28 00:10:00+00:00","player_points","True","Void","DNP or no data","2026-03-01T16:11:21.980282+00:00",""
"2026-02-27T16:39:47.184517-05:00","BOS Celtics vs BKN Nets (7:40 PM EST)","Nikola Vucevic","Rebounds","Under","7.5","-130","BetParx","2.33","40.0","10","False","FD at -158, ESPN at -165","460","e1e1a9d8e15113a1bd412d2137a14251","2026-02-28 00:40:00+00:00","player_rebounds","True","Void","DNP or no data","2026-03-01T16:11:21.980282+00:00",""
"2026-02-27T16:39:50.270018-05:00","BOS Celtics vs BKN Nets (7:40 PM EST)","Nicolas Claxton","Rebounds","Under","6.5","104","BetParx","2.0","50.0","10","False","FD at -113, DK at -103, ESPN at -125, Pinnacle at -118","666508","e1e1a9d8e15113a1bd412d2137a14251","2026-02-28 00:40:00+00:00","player_rebounds","True","Void","DNP or no data","2026-03-01T16:11:21.980282+00:00",""
"2026-02-27T16:40:13.257827-05:00","OKC Thunder vs DEN Nuggets (9:40 PM EST)","Isaiah Hartenstein","Rebounds","Under","8.5","-115","HardRockBet","4.42","70.0","10","False","FD at -148, DK at -131, ESPN at -130","201","97389f0f24c00f44acf93382323f7d0a","2026-02-28 02:40:00+00:00","player_rebounds","True","Void","DNP or no data","2026-03-01T16:11:21.980282+00:00",""
"2026-02-27T16:40:20.104554-05:00","OKC Thunder vs DEN Nuggets (9:40 PM EST)","Shai Gilgeous-Alexander","Assists","Over","6.5","107","BetRivers","2.24","40.0","10","False","FD at -112, DK at -114, ESPN at -105","175","97389f0f24c00f44acf93382323f7d0a","2026-02-28 02:40:00+00:00","player_assists","True","Void","DNP or no data","2026-03-01T16:11:21.980282+00:00",""
"2026-02-27T16:40:21.951375-05:00","OKC Thunder vs DEN Nuggets (9:40 PM EST)","Shai Gilgeous-Alexander","Assists","Over","6.5","108","BetParx","2.74","40.0","10","False","FD at -112, DK at -114, ESPN at -105","175","97389f0f24c00f44acf93382323f7d0a","2026-02-28 02:40:00+00:00","player_assists","True","Void","DNP or no data","2026-03-01T16:11:21.980282+00:00",""
"2026-02-27T16:40:23.474140-05:00","OKC Thunder vs DEN Nuggets (9:40 PM EST)","Shai Gilgeous-Alexander","Assists","Over","6.5","107","BallyBet","2.24","40.0","10","False","FD at -112, DK at -114, ESPN at -105","175","97389f0f24c00f44acf93382323f7d0a","2026-02-28 02:40:00+00:00","player_assists","True","Void","DNP or no data","2026-03-01T16:11:21.980282+00:00",""
"2026-02-27T16:40:25.351449-05:00","OKC Thunder vs DEN Nuggets (9:40 PM EST)","Shai Gilgeous-Alexander","Assists","Over","6.5","110","HardRockBet","3.73","40.0","10","False","FD at -112, DK at -114, ESPN at -105","175","97389f0f24c00f44acf93382323f7d0a","2026-02-28 02:40:00+00:00","player_assists","True","Void","DNP or no data","2026-03-01T16:11:21.980282+00:00",""
"2026-02-27T16:50:38.278030-05:00","DET Pistons vs CLE Cavaliers (7:10 PM EST)","Ausar Thompson","Points Rebounds","Over","14.5","100","BetMGM","4.77","50.0","10","False","FD at -125, DK at -118, ESPN at -120","56677826","cf8cdaeaad30f552b5926615f7d28cab","2026-02-28 00:10:00+00:00","player_points_rebounds","True","Void","DNP or no data","2026-03-01T16:11:21.980282+00:00",""
"2026-02-27T16:50:51.116537-05:00","BOS Celtics vs BKN Nets (7:40 PM EST)","Payton Pritchard","Points","Over","17.5","100","HardRockBet","2.08","60.0","10","False","FD at -118, DK at -120, ESPN at -110","3547276","e1e1a9d8e15113a1bd412d2137a14251","2026-02-28 00:40:00+00:00","player_points","True","Void","DNP or no data","2026-03-01T16:11:21.980282+00:00",""
"2026-02-27T16:50:56.819518-05:00","BOS Celtics vs BKN Nets (7:40 PM EST)","Nicolas Claxton","Rebounds","Under","6.5","105","HardRockBet","2.5","50.0","10","False","FD at -113, DK at -107, ESPN at -125, Pinnacle at -118","666508","e1e1a9d8e15113a1bd412d2137a14251","2026-02-28 00:40:00+00:00","player_rebounds","True","Void","DNP or no data","2026-03-01T16:11:21.980282+00:00",""
"2026-02-27T16:50:58.407798-05:00","BOS Celtics vs BKN Nets (7:40 PM EST)","Nicolas Claxton","Rebounds","Under","6.5","105","BetMGM","2.5","50.0","10","False","FD at -113, DK at -107, ESPN at -125, Pinnacle at -118","666508","e1e1a9d8e15113a1bd412d2137a14251","2026-02-28 00:40:00+00:00","player_rebounds","True","Void","DNP or no data","2026-03-01T16:11:21.980282+00:00",""
"2026-02-27T16:51:02.460195-05:00","BOS Celtics vs BKN Nets (7:40 PM EST)","Egor Demin","Rebounds","Under","3.5","-118","BetMGM","7.07","40.0","10","False","FD at -160, DK at -148, ESPN at -145","1057266813","e1e1a9d8e15113a1bd412d2137a14251","2026-02-28 00:40:00+00:00","player_rebounds","True","Void","DNP or no data","2026-03-01T16:11:21.980282+00:00",""
"2026-02-27T16:51:26.917509-05:00","BOS Celtics vs BKN Nets (7:40 PM EST)","Egor Demin","Rebounds Assists","Under","6.5","105","BetMGM","11.27","60.0","10","False","FD at -136, DK at -114, ESPN at -110","1057266813","e1e1a9d8e15113a1bd412d2137a14251","2026-02-28 00:40:00+00:00","player_rebounds_assists","True","Void","DNP or no data","2026-03-01T16:11:21.980282+00:00",""
"2026-02-27T16:51:32.489748-05:00","BOS Celtics vs BKN Nets (7:40 PM EST)","Payton Pritchard","Points Rebounds Assists","Over","27.5","105","HardRockBet","2.5","50.0","10","False","FD at -113, DK at -113, ESPN at -115","3547276","e1e1a9d8e15113a1bd412d2137a14251","2026-02-28 00:40:00+00:00","player_points_rebounds_assists","True","Void","DNP or no data","2026-03-01T16:11:21.980282+00:00",""
"2026-02-27T16:51:39.804789-05:00","DAL Mavericks vs MEM Grizzlies (8:40 PM EST)","Caleb Martin","Rebounds","Under","4.5","-110","HardRockBet","5.83","60.0","10","False","FD at -142, DK at -139, ESPN at -145","666747","173782733e149dd225b1ee09169ee375","2026-02-28 01:40:00+00:00","player_rebounds","True","Void","DNP or no data","2026-03-01T16:11:21.980282+00:00",""
"2026-02-27T16:51:43.178979-05:00","DAL Mavericks vs MEM Grizzlies (8:40 PM EST)","Caleb Martin","Rebounds","Under","4.5","-110","BetMGM","5.83","60.0","10","False","FD at -142, DK at -139, ESPN at -145","666747","173782733e149dd225b1ee09169ee375","2026-02-28 01:40:00+00:00","player_rebounds","True","Void","DNP or no data","2026-03-01T16:11:21.980282+00:00",""
"2026-02-27T16:51:53.654880-05:00","DAL Mavericks vs MEM Grizzlies (8:40 PM EST)","Cam Spencer","Assists","Over","4.5","105","BetRivers","11.27","70.0","10","False","FD at -136, DK at -108, ESPN at -105, Pinnacle at -111","1028048549","173782733e149dd225b1ee09169ee375","2026-02-28 01:40:00+00:00","player_assists","True","Void","DNP or no data","2026-03-01T16:11:21.980282+00:00",""
"2026-02-27T16:51:55.467131-05:00","DAL Mavericks vs MEM Grizzlies (8:40 PM EST)","Cam Spencer","Assists","Over","4.5","107","BetParx","12.35","70.0","10","False","FD at -136, DK at -108, ESPN at -105, Pinnacle at -111","1028048549","173782733e149dd225b1ee09169ee375","2026-02-28 01:40:00+00:00","player_assists","True","Void","DNP or no data","2026-03-01T16:11:21.980282+00:00",""
"2026-02-27T16:51:57.003756-05:00","DAL Mavericks vs MEM Grizzlies (8:40 PM EST)","Cam Spencer","Assists","Over","4.5","105","BallyBet","11.27","70.0","10","False","FD at -136, DK at -108, ESPN at -105, Pinnacle at -111","1028048549","173782733e149dd225b1ee09169ee375","2026-02-28 01:40:00+00:00","player_assists","True","Void","DNP or no data","2026-03-01T16:11:21.980282+00:00",""
"2026-02-27T17:02:23.770968-05:00","DET Pistons vs CLE Cavaliers (7:10 PM EST)","Jarrett Allen","Rebounds","Over","9.5","105","HardRockBet","2.5","90.0","10","False","FD at -113, DK at -114, ESPN at -110","9","cf8cdaeaad30f552b5926615f7d28cab","2026-02-28 00:10:00+00:00","player_rebounds","True","Void","DNP or no data","2026-03-01T16:11:21.980282+00:00",""
"2026-02-27T17:02:37.743593-05:00","BOS Celtics vs BKN Nets (7:40 PM EST)","Nicolas Claxton","Rebounds","Under","6.5","104","BetRivers","2.0","50.0","10","False","FD at -113, DK at -107, ESPN at -125, Pinnacle at -109","666508","e1e1a9d8e15113a1bd412d2137a14251","2026-02-28 00:40:00+00:00","player_rebounds","True","Void","DNP or no data","2026-03-01T16:11:21.980282+00:00",""
"2026-02-27T17:02:53.115288-05:00","BOS Celtics vs BKN Nets (7:40 PM EST)","Nikola Vucevic","Threes","Under","1.5","-178","DraftKings","6.41","80.0","10","False","FD at -260, DK at -178, ESPN at -190, Pinnacle at -239","460","e1e1a9d8e15113a1bd412d2137a14251","2026-02-28 00:40:00+00:00","player_threes","True","Void","DNP or no data","2026-03-01T16:11:21.980282+00:00",""
"2026-02-27T17:02:54.983951-05:00","BOS Celtics vs BKN Nets (7:40 PM EST)","Nikola Vucevic","Threes","Under","1.5","-190","theScore","3.99","80.0","10","False","FD at -260, DK at -178, ESPN at -190, Pinnacle at -239","460","e1e1a9d8e15113a1bd412d2137a14251","2026-02-28 00:40:00+00:00","player_threes","True","Void","DNP or no data","2026-03-01T16:11:21.980282+00:00",""
"2026-02-27T17:02:56.881925-05:00","BOS Celtics vs BKN Nets (7:40 PM EST)","Nikola Vucevic","Threes","Under","1.5","-193","Caesars","3.43","80.0","10","False","FD at -260, DK at -178, ESPN at -190, Pinnacle at -239","460","e1e1a9d8e15113a1bd412d2137a14251","2026-02-28 00:40:00+00:00","player_threes","True","Void","DNP or no data","2026-03-01T16:11:21.980282+00:00",""
"2026-02-27T17:03:16.438674-05:00","DAL Mavericks vs MEM Grizzlies (8:40 PM EST)","Naji Marshall","Rebounds Assists","Over","10.5","110","BetMGM","5.0","30.0","10","False","FD at -113, DK at -108, ESPN at -105","3547293","173782733e149dd225b1ee09169ee375","2026-02-28 01:40:00+00:00","player_rebounds_assists","True","Void","DNP or no data","2026-03-01T16:11:21.980282+00:00",""
"2026-02-27T17:13:44.467695-05:00","BOS Celtics vs BKN Nets (7:40 PM EST)","Egor Demin","Points","Over","9.5","-105","HardRockBet","4.08","50.0","10","False","FD at -130, DK at -109, ESPN at -125, Pinnacle at -131","1057266813","e1e1a9d8e15113a1bd412d2137a14251","2026-02-28 00:40:00+00:00","player_points","True","Void","DNP or no data","2026-03-01T16:11:21.980282+00:00",""
"2026-02-27T17:13:50.302867-05:00","BOS Celtics vs BKN Nets (7:40 PM EST)","Nicolas Claxton","Rebounds","Under","6.5","-107","DraftKings","3.13","50.0","10","False","FD at -130, DK at -107, ESPN at -125","666508","e1e1a9d8e15113a1bd412d2137a14251","2026-02-28 00:40:00+00:00","player_rebounds","True","Void","DNP or no data","2026-03-01T16:11:21.980282+00:00",""
"2026-02-27T17:14:08.948594-05:00","BOS Celtics vs BKN Nets (7:40 PM EST)","Michael Porter Jr","Rebounds Assists","Under","8.5","100","BetMGM","2.91","40.0","10","False","FD at -120, DK at -122, ESPN at -110","375","e1e1a9d8e15113a1bd412d2137a14251","2026-02-28 00:40:00+00:00","player_rebounds_assists","True","Void","DNP or no data","2026-03-01T16:11:21.980282+00:00",""
"2026-02-27T17:14:16.753760-05:00","MIL Bucks vs NYK Knicks (8:10 PM EST)","A.J. Green","Points","Over","9.5","108","BetParx","3.14","60.0","10","False","FD at -111, DK at 106, ESPN at -110","38017733","0187f9083f62982033a3af48bf31bec9","2026-02-28 01:10:00+00:00","player_points","True","Void","DNP or no data","2026-03-01T16:11:21.980282+00:00",""
"2026-02-27T17:14:18.865721-05:00","MIL Bucks vs NYK Knicks (8:10 PM EST)","A.J. Green","Points","Over","9.5","108","BallyBet","3.14","60.0","10","False","FD at -111, DK at 106, ESPN at -110","38017733","0187f9083f62982033a3af48bf31bec9","2026-02-28 01:10:00+00:00","player_points","True","Void","DNP or no data","2026-03-01T16:11:21.980282+00:00",""
"2026-02-27T17:14:20.499785-05:00","MIL Bucks vs NYK Knicks (8:10 PM EST)","A.J. Green","Points","Over","9.5","108","BetRivers","3.14","60.0","10","False","FD at -111, DK at 106, ESPN at -110","38017733","0187f9083f62982033a3af48bf31bec9","2026-02-28 01:10:00+00:00","player_points","True","Void","DNP or no data","2026-03-01T16:11:21.980282+00:00",""
"2026-02-27T17:14:27.969999-05:00","MIL Bucks vs NYK Knicks (8:10 PM EST)","Ryan Rollins","Rebounds","Over","4.5","110","BetMGM","7.18","40.0","10","False","FD at -118, DK at -109, ESPN at -110","38017712","0187f9083f62982033a3af48bf31bec9","2026-02-28 01:10:00+00:00","player_rebounds","True","Void","DNP or no data","2026-03-01T16:11:21.980282+00:00",""
"2026-02-27T17:14:41.143826-05:00","MIL Bucks vs NYK Knicks (8:10 PM EST)","Myles Turner","Threes","Over","1.5","-120","HardRockBet","3.9","60.0","10","False","FD at -150, DK at -140, ESPN at -145, Pinnacle at -140","452","0187f9083f62982033a3af48bf31bec9","2026-02-28 01:10:00+00:00","player_threes","True","Void","DNP or no data","2026-03-01T16:11:21.980282+00:00",""
"2026-02-27T17:14:42.865006-05:00","MIL Bucks vs NYK Knicks (8:10 PM EST)","Myles Turner","Threes","Over","1.5","-118","BetMGM","4.7","60.0","10","False","FD at -150, DK at -140, ESPN at -145, Pinnacle at -140","452","0187f9083f62982033a3af48bf31bec9","2026-02-28 01:10:00+00:00","player_threes","True","Void","DNP or no data","2026-03-01T16:11:21.980282+00:00",""
"2026-02-27T17:14:53.755076-05:00","DAL Mavericks vs MEM Grizzlies (8:40 PM EST)","Cam Spencer","Assists","Over","4.5","-105","HardRockBet","6.74","70.0","10","True","FD at -138, DK at -127, ESPN at -120","1028048549","173782733e149dd225b1ee09169ee375","2026-02-28 01:40:00+00:00","player_assists","True","Void","DNP or no data","2026-03-01T16:11:21.980282+00:00",""
"2026-02-27T17:14:55.897652-05:00","DAL Mavericks vs MEM Grizzlies (8:40 PM EST)","Cam Spencer","Assists","Over","4.5","-105","BetMGM","6.74","70.0","10","True","FD at -138, DK at -127, ESPN at -120","1028048549","173782733e149dd225b1ee09169ee375","2026-02-28 01:40:00+00:00","player_assists","True","Void","DNP or no data","2026-03-01T16:11:21.980282+00:00",""
"2026-02-27T17:15:04.881713-05:00","OKC Thunder vs DEN Nuggets (9:40 PM EST)","Bruce Brown","Points","Over","7.5","-105","BetRivers","3.12","70.0","10","True","FD at -130, DK at -123, ESPN at -130","69","97389f0f24c00f44acf93382323f7d0a","2026-02-28 02:40:00+00:00","player_points","True","Void","DNP or no data","2026-03-01T16:11:21.980282+00:00",""
"2026-02-27T17:15:06.919921-05:00","OKC Thunder vs DEN Nuggets (9:40 PM EST)","Bruce Brown","Points","Over","7.5","-104","BetParx","3.6","70.0","10","True","FD at -130, DK at -123, ESPN at -130","69","97389f0f24c00f44acf93382323f7d0a","2026-02-28 02:40:00+00:00","player_points","True","Void","DNP or no data","2026-03-01T16:11:21.980282+00:00",""
"2026-02-27T17:15:08.812969-05:00","OKC Thunder vs DEN Nuggets (9:40 PM EST)","Bruce Brown","Points","Over","7.5","-105","BallyBet","3.12","70.0","10","True","FD at -130, DK at -123, ESPN at -130","69","97389f0f24c00f44acf93382323f7d0a","2026-02-28 02:40:00+00:00","player_points","True","Void","DNP or no data","2026-03-01T16:11:21.980282+00:00",""
"2026-02-27T17:15:16.584672-05:00","OKC Thunder vs DEN Nuggets (9:40 PM EST)","Chet Holmgren","Rebounds","Under","8.5","-118","BetMGM","3.19","40.0","10","False","FD at -148, DK at -137, ESPN at -130","38017685","97389f0f24c00f44acf93382323f7d0a","2026-02-28 02:40:00+00:00","player_rebounds","True","Void","DNP or no data","2026-03-01T16:11:21.980282+00:00",""
"2026-02-27T17:26:14.714645-05:00","MIL Bucks vs NYK Knicks (8:10 PM EST)","Ryan Rollins","Rebounds","Over","4.5","105","HardRockBet","4.63","40.0","10","False","FD at -118, DK at -109, ESPN at -110","38017712","0187f9083f62982033a3af48bf31bec9","2026-02-28 01:10:00+00:00","player_rebounds","True","Void","DNP or no data","2026-03-01T16:11:21.980282+00:00",""
"2026-02-27T17:26:20.736861-05:00","MIL Bucks vs NYK Knicks (8:10 PM EST)","Ryan Rollins","Rebounds Assists","Over","9.5","100","HardRockBet","5.79","50.0","10","False","FD at -128, DK at -120, ESPN at -120","38017712","0187f9083f62982033a3af48bf31bec9","2026-02-28 01:10:00+00:00","player_rebounds_assists","True","Void","DNP or no data","2026-03-01T16:11:21.980282+00:00",""
"2026-02-27T17:26:22.402547-05:00","MIL Bucks vs NYK Knicks (8:10 PM EST)","Ryan Rollins","Rebounds Assists","Over","9.5","100","BetMGM","5.79","50.0","10","False","FD at -128, DK at -120, ESPN at -120","38017712","0187f9083f62982033a3af48bf31bec9","2026-02-28 01:10:00+00:00","player_rebounds_assists","True","Void","DNP or no data","2026-03-01T16:11:21.980282+00:00",""
"2026-02-27T17:26:38.235431-05:00","DAL Mavericks vs MEM Grizzlies (8:40 PM EST)","Taylor Hendricks","Points Rebounds","Over","15.5","-105","HardRockBet","3.27","30.0","10","False","FD at -128, DK at -127, ESPN at -125","56677824","173782733e149dd225b1ee09169ee375","2026-02-28 01:40:00+00:00","player_points_rebounds","True","Void","DNP or no data","2026-03-01T16:11:21.980282+00:00",""
"2026-02-27T17:37:04.414074-05:00","DET Pistons vs CLE Cavaliers (7:10 PM EST)","Ausar Thompson","Points Rebounds","Over","14.5","100","HardRockBet","2.91","50.0","10","False","FD at -120, DK at -118, ESPN at -120","56677826","cf8cdaeaad30f552b5926615f7d28cab","2026-02-28 00:10:00+00:00","player_points_rebounds","True","Void","DNP or no data","2026-03-01T16:11:21.980282+00:00",""
"2026-02-27T17:37:26.020175-05:00","MIL Bucks vs NYK Knicks (8:10 PM EST)","A.J. Green","Points","Over","9.5","106","DraftKings","2.58","60.0","10","False","FD at -113, DK at 106, ESPN at -115","38017733","0187f9083f62982033a3af48bf31bec9","2026-02-28 01:10:00+00:00","player_points","True","Void","DNP or no data","2026-03-01T16:11:21.980282+00:00",""
"2026-02-27T17:37:33.581582-05:00","MIL Bucks vs NYK Knicks (8:10 PM EST)","Ryan Rollins","Rebounds","Over","4.5","104","BetParx","4.12","40.0","10","False","FD at -118, DK at -109, ESPN at -110","38017712","0187f9083f62982033a3af48bf31bec9","2026-02-28 01:10:00+00:00","player_rebounds","True","Void","DNP or no data","2026-03-01T16:11:21.980282+00:00",""
"2026-02-27T17:37:51.491226-05:00","DAL Mavericks vs MEM Grizzlies (8:40 PM EST)","Max Christie","Threes","Over","2.5","110","HardRockBet","1.94","20.0","10","False","FD at -106, DK at -112, ESPN at 100, Pinnacle at -107","38017697","173782733e149dd225b1ee09169ee375","2026-02-28 01:40:00+00:00","player_threes","True","Void","DNP or no data","2026-03-01T16:11:21.980282+00:00",""
"2026-02-27T17:37:57.530831-05:00","OKC Thunder vs DEN Nuggets (9:40 PM EST)","Isaiah Hartenstein","Points","Over","9.5","105","HardRockBet","2.5","60.0","10","False","FD at -114, DK at -109, ESPN at -115, Pinnacle at -108","201","97389f0f24c00f44acf93382323f7d0a","2026-02-28 02:40:00+00:00","player_points","True","Void","DNP or no data","2026-03-01T16:11:21.980282+00:00",""
"2026-02-27T17:48:27.678833-05:00","BOS Celtics vs BKN Nets (7:40 PM EST)","Noah Clowney","Points","Under","11.5","100","HardRockBet","2.91","50.0","10","False","FD at -120, DK at -113, ESPN at -130, Pinnacle at -136","56677843","e1e1a9d8e15113a1bd412d2137a14251","2026-02-28 00:40:00+00:00","player_points","True","Void","DNP or no data","2026-03-01T16:11:21.980282+00:00",""
"2026-02-27T17:48:37.035810-05:00","BOS Celtics vs BKN Nets (7:40 PM EST)","Egor Demin","Assists","Under","3.5","-145","BetMGM","3.65","70.0","10","False","FD at -186, ESPN at -180","1057266813","e1e1a9d8e15113a1bd412d2137a14251","2026-02-28 00:40:00+00:00","player_assists","True","Void","DNP or no data","2026-03-01T16:11:21.980282+00:00",""
"2026-02-27T17:59:31.167300-05:00","BOS Celtics vs BKN Nets (7:40 PM EST)","Egor Demin","Rebounds","Under","3.5","-130","HardRockBet","6.12","40.0","10","False","FD at -174, DK at -150, ESPN at -150","1057266813","e1e1a9d8e15113a1bd412d2137a14251","2026-02-28 00:40:00+00:00","player_rebounds","True","Void","DNP or no data","2026-03-01T16:11:21.980282+00:00",""
"2026-02-27T17:59:41.080335-05:00","BOS Celtics vs BKN Nets (7:40 PM EST)","Egor Demin","Points Rebounds","Under","13.5","-105","BetMGM","3.27","60.0","10","False","FD at -128, DK at -129, ESPN at -125","1057266813","e1e1a9d8e15113a1bd412d2137a14251","2026-02-28 00:40:00+00:00","player_points_rebounds","True","Void","DNP or no data","2026-03-01T16:11:21.980282+00:00",""
"2026-02-27T17:59:53.627545-05:00","BOS Celtics vs BKN Nets (7:40 PM EST)","Nikola Vucevic","Rebounds Assists","Under","9.5","-115","HardRockBet","2.93","60.0","10","False","FD at -140, ESPN at -140","460","e1e1a9d8e15113a1bd412d2137a14251","2026-02-28 00:40:00+00:00","player_rebounds_assists","True","Void","DNP or no data","2026-03-01T16:11:21.980282+00:00",""
"2026-02-27T17:59:59.779137-05:00","BOS Celtics vs BKN Nets (7:40 PM EST)","Payton Pritchard","Threes","Under","2.5","110","BetMGM","1.94","50.0","10","False","FD at -106, DK at 103, ESPN at -110, Pinnacle at -108","3547276","e1e1a9d8e15113a1bd412d2137a14251","2026-02-28 00:40:00+00:00","player_threes","True","Void","DNP or no data","2026-03-01T16:11:21.980282+00:00",""
"2026-02-27T18:00:17.554062-05:00","MIL Bucks vs NYK Knicks (8:10 PM EST)","Ryan Rollins","Rebounds","Over","4.5","100","BallyBet","2.08","40.0","10","False","FD at -118, DK at -118, ESPN at -120","38017712","0187f9083f62982033a3af48bf31bec9","2026-02-28 01:10:00+00:00","player_rebounds","True","Void","DNP or no data","2026-03-01T16:11:21.980282+00:00",""
"2026-02-27T18:00:22.961237-05:00","MIL Bucks vs NYK Knicks (8:10 PM EST)","Ryan Rollins","Rebounds","Over","4.5","100","BetRivers","2.08","40.0","10","False","FD at -118, DK at -118, ESPN at -120","38017712","0187f9083f62982033a3af48bf31bec9","2026-02-28 01:10:00+00:00","player_rebounds","True","Void","DNP or no data","2026-03-01T16:11:21.980282+00:00",""
"2026-02-27T18:00:42.713780-05:00","DAL Mavericks vs MEM Grizzlies (8:40 PM EST)","Taylor Hendricks","Rebounds","Under","5.5","-122","FanDuel","2.84","70.0","10","False","ESPN at -150, Pinnacle at -154","56677824","173782733e149dd225b1ee09169ee375","2026-02-28 01:40:00+00:00","player_rebounds","True","Void","DNP or no data","2026-03-01T16:11:21.980282+00:00",""
"2026-02-27T18:22:13.218973-05:00","DET Pistons vs CLE Cavaliers (7:10 PM EST)","Tobias Harris","Rebounds","Under","5.5","-125","HardRockBet","3.5","20.0","10","False","FD at -156, DK at -138, ESPN at -165","200","cf8cdaeaad30f552b5926615f7d28cab","2026-02-28 00:10:00+00:00","player_rebounds","True","Void","DNP or no data","2026-03-01T16:11:21.980282+00:00",""
"2026-02-27T18:34:31.495115-05:00","DAL Mavericks vs MEM Grizzlies (8:40 PM EST)","Max Christie","Threes","Over","2.5","110","theScore","2.82","20.0","10","False","FD at -108, DK at 106, ESPN at 110, Pinnacle at -108","38017697","173782733e149dd225b1ee09169ee375","2026-02-28 01:40:00+00:00","player_threes","True","Void","DNP or no data","2026-03-01T16:11:21.980282+00:00",""
"2026-02-27T18:34:41.675696-05:00","OKC Thunder vs DEN Nuggets (9:40 PM EST)","Shai Gilgeous-Alexander","Rebounds Assists","Over","10.5","100","HardRockBet","5.79","40.0","10","False","FD at -128, DK at -118, ESPN at -120","175","97389f0f24c00f44acf93382323f7d0a","2026-02-28 02:40:00+00:00","player_rebounds_assists","True","Void","DNP or no data","2026-03-01T16:11:21.980282+00:00",""
"2026-02-27T18:34:43.432265-05:00","OKC Thunder vs DEN Nuggets (9:40 PM EST)","Shai Gilgeous-Alexander","Rebounds Assists","Over","10.5","100","BetMGM","5.79","40.0","10","False","FD at -128, DK at -118, ESPN at -120","175","97389f0f24c00f44acf93382323f7d0a","2026-02-28 02:40:00+00:00","player_rebounds_assists","True","Void","DNP or no data","2026-03-01T16:11:21.980282+00:00",""
"2026-02-27T18:56:05.630601-05:00","DET Pistons vs CLE Cavaliers (7:10 PM EST)","Jalen Duren","Rebounds","Under","11.5","-110","HardRockBet","5.83","40.0","10","False","FD at -142, DK at -133, ESPN at -125","38017694","cf8cdaeaad30f552b5926615f7d28cab","2026-02-28 00:10:00+00:00","player_rebounds","True","Void","DNP or no data","2026-03-01T16:11:21.980282+00:00",""
"2026-02-27T18:56:07.572962-05:00","DET Pistons vs CLE Cavaliers (7:10 PM EST)","Jalen Duren","Rebounds","Under","11.5","-115","BetMGM","3.64","40.0","10","False","FD at -142, DK at -133, ESPN at -125","38017694","cf8cdaeaad30f552b5926615f7d28cab","2026-02-28 00:10:00+00:00","player_rebounds","True","Void","DNP or no data","2026-03-01T16:11:21.980282+00:00",""
"2026-02-27T19:07:29.096929-05:00","DET Pistons vs CLE Cavaliers (7:10 PM EST)","Cade Cunningham","Points","Under","25.5","-103","DraftKings","3.25","40.0","10","False","FD at -125, DK at -103, ESPN at -125","17896075","cf8cdaeaad30f552b5926615f7d28cab","2026-02-28 00:10:00+00:00","player_points","True","Void","DNP or no data","2026-03-01T16:11:21.980282+00:00",""
"2026-02-27T19:07:32.092831-05:00","DET Pistons vs CLE Cavaliers (7:10 PM EST)","Evan Mobley","Points","Over","15.5","100","HardRockBet","3.75","40.0","10","False","FD at -122, DK at -110, ESPN at -125","17896076","cf8cdaeaad30f552b5926615f7d28cab","2026-02-28 00:10:00+00:00","player_points","True","Void","DNP or no data","2026-03-01T16:11:21.980282+00:00",""
"2026-02-27T19:07:51.847687-05:00","BOS Celtics vs BKN Nets (7:40 PM EST)","Egor Demin","Rebounds","Under","3.5","-139","DraftKings","3.13","40.0","10","False","FD at -174, DK at -139, ESPN at -165","1057266813","e1e1a9d8e15113a1bd412d2137a14251","2026-02-28 00:40:00+00:00","player_rebounds","True","Void","DNP or no data","2026-03-01T16:11:21.980282+00:00",""
"2026-02-27T19:08:28.606958-05:00","DAL Mavericks vs MEM Grizzlies (8:40 PM EST)","Max Christie","Points","Over","15.5","-105","HardRockBet","3.27","40.0","10","False","FD at -128, DK at -114, ESPN at -125","38017697","173782733e149dd225b1ee09169ee375","2026-02-28 01:40:00+00:00","player_points","True","Void","DNP or no data","2026-03-01T16:11:21.980282+00:00",""
"2026-02-27T19:18:58.487972-05:00","BOS Celtics vs BKN Nets (7:40 PM EST)","Nikola Vucevic","Points","Under","11.5","100","DraftKings","3.75","60.0","10","False","FD at -122, DK at 100, ESPN at -120","460","e1e1a9d8e15113a1bd412d2137a14251","2026-02-28 00:40:00+00:00","player_points","True","Void","DNP or no data","2026-03-01T16:11:21.980282+00:00",""
"2026-02-27T19:19:52.313711-05:00","OKC Thunder vs DEN Nuggets (9:40 PM EST)","Nikola Jokic","Assists","Under","9.5","105","HardRockBet","2.5","50.0","10","False","FD at -113, DK at -106, ESPN at -115","246","97389f0f24c00f44acf93382323f7d0a","2026-02-28 02:40:00+00:00","player_assists","True","Void","DNP or no data","2026-03-01T16:11:21.980282+00:00",""
"2026-02-27T19:30:09.382484-05:00","BOS Celtics vs BKN Nets (7:40 PM EST)","Baylor Scheierman","Points","Under","7.5","-102","DraftKings","6.38","50.0","10","False","FD at -132, DK at -102, ESPN at -150","1028028434","e1e1a9d8e15113a1bd412d2137a14251","2026-02-28 00:40:00+00:00","player_points","True","Void","DNP or no data","2026-03-01T16:11:21.980282+00:00",""
"2026-02-27T19:52:51.734197-05:00","OKC Thunder vs DEN Nuggets (9:40 PM EST)","Nikola Jokic","Assists","Over","9.5","-115","theScore","5.28","50.0","10","False","FD at -148, DK at -124, ESPN at -115, Pinnacle at -131","246","97389f0f24c00f44acf93382323f7d0a","2026-02-28 02:40:00+00:00","player_assists","True","Void","DNP or no data","2026-03-01T16:11:21.980282+00:00",""
"2026-02-27T20:03:28.373808-05:00","MIL Bucks vs NYK Knicks (8:10 PM EST)","Ryan Rollins","Threes","Under","2.5","-114","DraftKings","2.63","30.0","10","False","FD at -138, DK at -114, ESPN at -130","38017712","0187f9083f62982033a3af48bf31bec9","2026-02-28 01:10:00+00:00","player_threes","True","Void","DNP or no data","2026-03-01T16:11:21.980282+00:00",""
"2026-02-27T20:03:46.526052-05:00","DAL Mavericks vs MEM Grizzlies (8:40 PM EST)","Khris Middleton","Assists","Under","3.5","100","HardRockBet","4.77","60.0","10","False","FD at -125, DK at -124, ESPN at -120","315","173782733e149dd225b1ee09169ee375","2026-02-28 01:40:00+00:00","player_assists","True","Void","DNP or no data","2026-03-01T16:11:21.980282+00:00",""
"2026-02-27T20:03:48.078763-05:00","DAL Mavericks vs MEM Grizzlies (8:40 PM EST)","Khris Middleton","Assists","Under","3.5","100","BetMGM","4.77","60.0","10","False","FD at -125, DK at -124, ESPN at -120","315","173782733e149dd225b1ee09169ee375","2026-02-28 01:40:00+00:00","player_assists","True","Void","DNP or no data","2026-03-01T16:11:21.980282+00:00",""
"2026-02-27T20:03:54.357047-05:00","DAL Mavericks vs MEM Grizzlies (8:40 PM EST)","Khris Middleton","Rebounds Assists","Under","8.5","-105","HardRockBet","9.23","60.0","10","False","FD at -146, DK at -130, ESPN at -125","315","173782733e149dd225b1ee09169ee375","2026-02-28 01:40:00+00:00","player_rebounds_assists","True","Void","DNP or no data","2026-03-01T16:11:21.980282+00:00",""
"2026-02-27T20:03:56.940635-05:00","DAL Mavericks vs MEM Grizzlies (8:40 PM EST)","Khris Middleton","Rebounds Assists","Under","8.5","-110","BetMGM","6.81","60.0","10","False","FD at -146, DK at -130, ESPN at -125","315","173782733e149dd225b1ee09169ee375","2026-02-28 01:40:00+00:00","player_rebounds_assists","True","Void","DNP or no data","2026-03-01T16:11:21.980282+00:00",""
"2026-02-27T20:04:07.075732-05:00","OKC Thunder vs DEN Nuggets (9:40 PM EST)","Shai Gilgeous-Alexander","Assists","Over","6.5","-115","BetMGM","3.64","40.0","10","False","FD at -142, DK at -144, ESPN at -145","175","97389f0f24c00f44acf93382323f7d0a","2026-02-28 02:40:00+00:00","player_assists","True","Void","DNP or no data","2026-03-01T16:11:21.980282+00:00",""
"2026-02-27T20:14:17.556671-05:00","DAL Mavericks vs MEM Grizzlies (8:40 PM EST)","Max Christie","Points","Over","15.5","-105","BetMGM","4.08","40.0","10","False","FD at -130, ESPN at -130","38017697","173782733e149dd225b1ee09169ee375","2026-02-28 01:40:00+00:00","player_points","True","Void","DNP or no data","2026-03-01T16:11:21.980282+00:00",""
"2026-02-27T20:14:49.065183-05:00","OKC Thunder vs DEN Nuggets (9:40 PM EST)","Shai Gilgeous-Alexander","Rebounds Assists","Over","10.5","102","FanDuel","7.68","40.0","10","False","ESPN at -125, DK at -140","175","97389f0f24c00f44acf93382323f7d0a","2026-02-28 02:40:00+00:00","player_rebounds_assists","True","Void","DNP or no data","2026-03-01T16:11:21.980282+00:00",""
"2026-02-27T20:14:56.655433-05:00","OKC Thunder vs DEN Nuggets (9:40 PM EST)","Jamal Murray","Rebounds Assists","Under","9.5","105","HardRockBet","4.63","30.0","10","False","FD at -118, DK at -115, ESPN at 100","335","97389f0f24c00f44acf93382323f7d0a","2026-02-28 02:40:00+00:00","player_rebounds_assists","True","Void","DNP or no data","2026-03-01T16:11:21.980282+00:00",""
"2026-02-27T20:14:58.737076-05:00","OKC Thunder vs DEN Nuggets (9:40 PM EST)","Jamal Murray","Rebounds Assists","Under","9.5","105","BetMGM","4.63","30.0","10","False","FD at -118, DK at -115, ESPN at 100","335","97389f0f24c00f44acf93382323f7d0a","2026-02-28 02:40:00+00:00","player_rebounds_assists","True","Void","DNP or no data","2026-03-01T16:11:21.980282+00:00",""
"2026-02-27T20:25:05.252702-05:00","DAL Mavericks vs MEM Grizzlies (8:40 PM EST)","Taylor Hendricks","Points","Over","10.5","100","BetMGM","2.08","30.0","10","False","FD at -118, DK at -125, ESPN at -120","56677824","173782733e149dd225b1ee09169ee375","2026-02-28 01:40:00+00:00","player_points","True","Void","DNP or no data","2026-03-01T16:11:21.980282+00:00",""
"2026-02-27T20:25:19.108727-05:00","DAL Mavericks vs MEM Grizzlies (8:40 PM EST)","Cam Spencer","Points Assists","Under","15.5","-105","HardRockBet","3.12","60.0","10","False","FD at -130, DK at -121, ESPN at -115","1028048549","173782733e149dd225b1ee09169ee375","2026-02-28 01:40:00+00:00","player_points_assists","True","Void","DNP or no data","2026-03-01T16:11:21.980282+00:00",""
"2026-02-27T20:25:21.500838-05:00","DAL Mavericks vs MEM Grizzlies (8:40 PM EST)","Cam Spencer","Points Assists","Under","15.5","-105","BetMGM","3.12","60.0","10","False","FD at -130, DK at -121, ESPN at -115","1028048549","173782733e149dd225b1ee09169ee375","2026-02-28 01:40:00+00:00","player_points_assists","True","Void","DNP or no data","2026-03-01T16:11:21.980282+00:00",""
"2026-02-27T20:56:44.263156-05:00","OKC Thunder vs DEN Nuggets (9:40 PM EST)","Bruce Brown","Points","Over","7.5","100","HardRockBet","3.38","70.0","10","True","FD at -120, DK at -128, ESPN at -120, Pinnacle at -115","69","97389f0f24c00f44acf93382323f7d0a","2026-02-28 02:40:00+00:00","player_points","True","Void","DNP or no data","2026-03-01T16:11:21.980282+00:00",""
"2026-02-28T08:11:08.286708-05:00","CHA Hornets vs POR Blazers (1:10 PM EST)","Jerami Grant","Rebounds","Under","3.5","-118","BetRivers","4.76","50.0","10","False","FD at -154, DK at -148, ESPN at -130","182","2f2b3a981786a11795d308fc23769c49","2026-02-28 18:10:00+00:00","player_rebounds","True","Win","1.0","2026-03-01T08:00:00.235573+00:00",""
"2026-02-28T08:11:10.279655-05:00","CHA Hornets vs POR Blazers (1:10 PM EST)","Jerami Grant","Rebounds","Under","3.5","-117","BetParx","5.17","50.0","10","False","FD at -154, DK at -148, ESPN at -130","182","2f2b3a981786a11795d308fc23769c49","2026-02-28 18:10:00+00:00","player_rebounds","True","Win","1.0","2026-03-01T08:00:00.235573+00:00",""
"2026-02-28T08:11:12.861361-05:00","CHA Hornets vs POR Blazers (1:10 PM EST)","Jerami Grant","Rebounds","Under","3.5","-118","BetMGM","4.76","50.0","10","False","FD at -154, DK at -148, ESPN at -130","182","2f2b3a981786a11795d308fc23769c49","2026-02-28 18:10:00+00:00","player_rebounds","True","Win","1.0","2026-03-01T08:00:00.235573+00:00",""
"2026-02-28T08:11:14.750603-05:00","CHA Hornets vs POR Blazers (1:10 PM EST)","Jerami Grant","Rebounds","Under","3.5","-120","HardRockBet","3.95","50.0","10","False","FD at -154, DK at -148, ESPN at -130","182","2f2b3a981786a11795d308fc23769c49","2026-02-28 18:10:00+00:00","player_rebounds","True","Win","1.0","2026-03-01T08:00:00.235573+00:00",""
"2026-02-28T08:11:38.160984-05:00","WAS Wizards vs TOR Raptors (7:10 PM EST)","Brandon Ingram","Rebounds Assists","Under","9.5","100","BetMGM","4.82","50.0","10","False","FD at -128, DK at -126, ESPN at -120","227","4c59a286895065ef151e463346d10278","2026-03-01 00:10:00+00:00","player_rebounds_assists","True","Void","DNP or no data","2026-03-01T16:11:21.980282+00:00",""
"2026-02-28T08:11:41.065815-05:00","WAS Wizards vs TOR Raptors (7:10 PM EST)","R.J. Barrett","Rebounds Assists","Under","9.5","105","BetMGM","5.41","50.0","10","False","FD at -122, DK at -120, ESPN at -120","666423","4c59a286895065ef151e463346d10278","2026-03-01 00:10:00+00:00","player_rebounds_assists","True","Void","DNP or no data","2026-03-01T16:11:21.980282+00:00",""
"2026-02-28T08:11:43.363151-05:00","WAS Wizards vs TOR Raptors (7:10 PM EST)","Brandon Ingram","Rebounds Assists","Under","9.5","100","HardRockBet","4.82","50.0","10","False","FD at -128, DK at -126, ESPN at -120","227","4c59a286895065ef151e463346d10278","2026-03-01 00:10:00+00:00","player_rebounds_assists","True","Void","DNP or no data","2026-03-01T16:11:21.980282+00:00",""
"2026-02-28T08:11:45.518595-05:00","WAS Wizards vs TOR Raptors (7:10 PM EST)","R.J. Barrett","Rebounds Assists","Under","9.5","105","HardRockBet","5.41","50.0","10","False","FD at -122, DK at -120, ESPN at -120","666423","4c59a286895065ef151e463346d10278","2026-03-01 00:10:00+00:00","player_rebounds_assists","True","Void","DNP or no data","2026-03-01T16:11:21.980282+00:00",""
"2026-02-28T08:11:59.142200-05:00","GSW Warriors vs LAL Lakers (8:40 PM EST)","Draymond Green","Assists","Over","4.5","-120","BetMGM","3.3","60.0","10","False","FD at -152, DK at -136, ESPN at -150","185","76d258d71c3a2f5a4f5343023d54b6ec","2026-03-01 01:40:00+00:00","player_assists","True","Void","DNP or no data","2026-03-01T16:11:21.980282+00:00",""
"2026-02-28T08:12:05.462335-05:00","GSW Warriors vs LAL Lakers (8:40 PM EST)","Pat Spencer","Rebounds Assists","Under","7.5","100","HardRockBet","3.83","40.0","10","False","FD at -125, DK at -122, ESPN at -120","795959473","76d258d71c3a2f5a4f5343023d54b6ec","2026-03-01 01:40:00+00:00","player_rebounds_assists","True","Void","DNP or no data","2026-03-01T16:11:21.980282+00:00",""
"2026-02-28T08:12:12.002891-05:00","GSW Warriors vs LAL Lakers (8:40 PM EST)","LeBron James","Threes","Under","1.5","-135","BetMGM","5.08","60.0","10","False","FD at -182, DK at -167, ESPN at -165","237","76d258d71c3a2f5a4f5343023d54b6ec","2026-03-01 01:40:00+00:00","player_threes","True","Loss","3","2026-03-02T17:30:45.751297+00:00"," | Re-graded: stat found on retry"
"2026-02-28T08:12:13.830904-05:00","GSW Warriors vs LAL Lakers (8:40 PM EST)","LeBron James","Threes","Under","1.5","-135","HardRockBet","5.08","60.0","10","False","FD at -182, DK at -167, ESPN at -165","237","76d258d71c3a2f5a4f5343023d54b6ec","2026-03-01 01:40:00+00:00","player_threes","True","Loss","3","2026-03-02T17:30:45.751297+00:00"," | Re-graded: stat found on retry"
"2026-02-28T08:12:27.522387-05:00","UTA Jazz vs NOP Pelicans (9:40 PM EST)","Isaiah Collier","Rebounds","Over","2.5","-125","BetMGM","2.91","40.0","10","False","FD at -158, DK at -141, ESPN at -160","1028025362","3c0d0af7a9235156f96a3fcae942d550","2026-03-01 02:40:00+00:00","player_rebounds","True","Void","DNP or no data","2026-03-01T16:11:21.980282+00:00",""
"2026-02-28T08:12:34.440838-05:00","UTA Jazz vs NOP Pelicans (9:40 PM EST)","Jeremiah Fears","Threes","Under","1.5","-165","BetMGM","3.27","60.0","10","False","FD at -220, DK at -218, ESPN at -215","1057267077","3c0d0af7a9235156f96a3fcae942d550","2026-03-01 02:40:00+00:00","player_threes","True","Loss","5","2026-03-02T17:30:45.751297+00:00"," | Re-graded: stat found on retry"
"2026-02-28T08:12:36.115022-05:00","UTA Jazz vs NOP Pelicans (9:40 PM EST)","Jeremiah Fears","Threes","Under","1.5","-170","HardRockBet","2.13","60.0","10","False","FD at -220, DK at -218, ESPN at -215","1057267077","3c0d0af7a9235156f96a3fcae942d550","2026-03-01 02:40:00+00:00","player_threes","True","Loss","5","2026-03-02T17:30:45.751297+00:00"," | Re-graded: stat found on retry"
"2026-02-28T08:15:43.780370-05:00","MIA Heat vs HOU Rockets (3:10 PM EST)","Kevin Durant","Threes","Under","2.5","-115","HardRockBet","3.73","50.0","10","False","FD at -146, DK at -130, ESPN at -130","140","11c7c0f9bcd9c0052c0715b01756e1f4","2026-02-28 20:10:00+00:00","player_threes","True","Win","2.0","2026-03-01T08:00:00.235573+00:00",""
"2026-02-28T08:18:47.515775-05:00","GSW Warriors vs LAL Lakers (8:40 PM EST)","De'Anthony Melton","Assists","Over","2.5","110","HardRockBet","7.52","40.0","10","False","FD at -122, DK at -109, ESPN at -110","313","76d258d71c3a2f5a4f5343023d54b6ec","2026-03-01 01:40:00+00:00","player_assists","True","Void","DNP or no data","2026-03-01T16:11:21.980282+00:00",""
"2026-02-28T08:18:50.702533-05:00","UTA Jazz vs NOP Pelicans (9:40 PM EST)","Derik Queen","Points","Under","12.5","-103","DraftKings","3.29","70.0","10","False","FD at -128, DK at -103, ESPN at -120","1057274415","3c0d0af7a9235156f96a3fcae942d550","2026-03-01 02:40:00+00:00","player_points","True","Loss","19","2026-03-02T17:30:45.751297+00:00"," | Re-graded: stat found on retry"
"2026-02-28T08:18:52.479462-05:00","UTA Jazz vs NOP Pelicans (9:40 PM EST)","Derik Queen","Points","Under","12.5","-103","Caesars","3.29","70.0","10","False","FD at -128, DK at -103, ESPN at -120","1057274415","3c0d0af7a9235156f96a3fcae942d550","2026-03-01 02:40:00+00:00","player_points","True","Loss","19","2026-03-02T17:30:45.751297+00:00"," | Re-graded: stat found on retry"
"2026-02-28T08:18:59.030849-05:00","UTA Jazz vs NOP Pelicans (9:40 PM EST)","John Konchar","Rebounds","Under","4.5","102","FanDuel","3.36","50.0","10","False","ESPN at -120, DK at -121","666703","3c0d0af7a9235156f96a3fcae942d550","2026-03-01 02:40:00+00:00","player_rebounds","True","Void","DNP or no data","2026-03-01T16:11:21.980282+00:00",""
"2026-02-28T08:22:20.696996-05:00","MIA Heat vs HOU Rockets (3:10 PM EST)","Reed Sheppard","Points Assists","Under","18.5","-105","BetMGM","3.12","40.0","10","False","FD at -130, DK at -121, ESPN at -120","1028028519","11c7c0f9bcd9c0052c0715b01756e1f4","2026-02-28 20:10:00+00:00","player_points_assists","True","Loss","19.0","2026-03-01T08:00:00.235573+00:00",""
"2026-02-28T08:22:23.236341-05:00","MIA Heat vs HOU Rockets (3:10 PM EST)","Reed Sheppard","Points Assists","Under","18.5","100","HardRockBet","5.63","40.0","10","False","FD at -130, DK at -121, ESPN at -120","1028028519","11c7c0f9bcd9c0052c0715b01756e1f4","2026-02-28 20:10:00+00:00","player_points_assists","True","Loss","19.0","2026-03-01T08:00:00.235573+00:00",""
"2026-02-28T08:26:05.307141-05:00","WAS Wizards vs TOR Raptors (7:10 PM EST)","Carlton Carrington","Points Rebounds Assists","Over","17.5","-107","DraftKings","2.18","40.0","10","False","FD at -130, DK at -107, ESPN at -130","1028025235","4c59a286895065ef151e463346d10278","2026-03-01 00:10:00+00:00","player_points_rebounds_assists","True","Void","DNP or no data","2026-03-01T16:11:21.980282+00:00",""
"2026-02-28T08:26:14.340121-05:00","UTA Jazz vs NOP Pelicans (9:40 PM EST)","Jeremiah Fears","Rebounds Assists","Under","7.5","100","HardRockBet","2.84","60.0","10","False","FD at -122, DK at -117, ESPN at -115","1057267077","3c0d0af7a9235156f96a3fcae942d550","2026-03-01 02:40:00+00:00","player_rebounds_assists","True","Win","7","2026-03-02T17:30:45.751297+00:00"," | Re-graded: stat found on retry"
"2026-02-28T08:29:24.885053-05:00","WAS Wizards vs TOR Raptors (7:10 PM EST)","Immanuel Quickley","Points Rebounds Assists","Over","27.5","-105","BetMGM","3.12","30.0","10","False","FD at -130, DK at -121, ESPN at -120","3547269","4c59a286895065ef151e463346d10278","2026-03-01 00:10:00+00:00","player_points_rebounds_assists","True","Void","DNP or no data","2026-03-01T16:11:21.980282+00:00",""
"2026-02-28T08:29:26.947313-05:00","WAS Wizards vs TOR Raptors (7:10 PM EST)","Immanuel Quickley","Points Rebounds Assists","Over","27.5","-105","HardRockBet","3.12","30.0","10","False","FD at -130, DK at -121, ESPN at -120","3547269","4c59a286895065ef151e463346d10278","2026-03-01 00:10:00+00:00","player_points_rebounds_assists","True","Void","DNP or no data","2026-03-01T16:11:21.980282+00:00",""
"2026-02-28T08:32:37.822183-05:00","CHA Hornets vs POR Blazers (1:10 PM EST)","Donovan Clingan","Points","Over","13.5","100","HardRockBet","3.83","60.0","10","False","FD at -125, DK at -123, ESPN at -120","1028025344","2f2b3a981786a11795d308fc23769c49","2026-02-28 18:10:00+00:00","player_points","True","Loss","7.0","2026-03-01T08:00:00.235573+00:00",""
"2026-02-28T08:32:48.013485-05:00","CHA Hornets vs POR Blazers (1:10 PM EST)","Kon Knueppel","Rebounds Assists","Under","8.5","-105","HardRockBet","5.02","50.0","10","False","FD at -136, DK at -136, ESPN at -125","1057263194","2f2b3a981786a11795d308fc23769c49","2026-02-28 18:10:00+00:00","player_rebounds_assists","True","Loss","9.0","2026-03-01T08:00:00.235573+00:00",""
"2026-02-28T08:53:38.965062-05:00","CHA Hornets vs POR Blazers (1:10 PM EST)","LaMelo Ball","Threes","Under","3.5","-125","BetMGM","4.93","50.0","10","False","FD at -166, DK at -147, ESPN at -140","3547239","2f2b3a981786a11795d308fc23769c49","2026-02-28 18:10:00+00:00","player_threes","True","Win","2.0","2026-03-01T08:00:00.235573+00:00",""
"2026-02-28T08:53:40.636660-05:00","CHA Hornets vs POR Blazers (1:10 PM EST)","Kon Knueppel","Threes","Under","3.5","-105","BetMGM","5.02","30.0","10","False","FD at -136, DK at -119, ESPN at -125","1057263194","2f2b3a981786a11795d308fc23769c49","2026-02-28 18:10:00+00:00","player_threes","True","Win","2.0","2026-03-01T08:00:00.235573+00:00",""
"2026-02-28T08:53:42.306845-05:00","CHA Hornets vs POR Blazers (1:10 PM EST)","LaMelo Ball","Threes","Under","3.5","-125","HardRockBet","4.93","50.0","10","False","FD at -166, DK at -147, ESPN at -140","3547239","2f2b3a981786a11795d308fc23769c49","2026-02-28 18:10:00+00:00","player_threes","True","Win","2.0","2026-03-01T08:00:00.235573+00:00",""
"2026-02-28T08:53:44.265273-05:00","CHA Hornets vs POR Blazers (1:10 PM EST)","Kon Knueppel","Threes","Under","3.5","-105","HardRockBet","5.02","30.0","10","False","FD at -136, DK at -119, ESPN at -125","1057263194","2f2b3a981786a11795d308fc23769c49","2026-02-28 18:10:00+00:00","player_threes","True","Win","2.0","2026-03-01T08:00:00.235573+00:00",""
"2026-02-28T08:53:50.971472-05:00","MIA Heat vs HOU Rockets (3:10 PM EST)","Kel'el Ware","Rebounds","Over","6.5","-120","BetMGM","2.4","60.0","10","False","FD at -148, DK at -148, ESPN at -130","1028029127","11c7c0f9bcd9c0052c0715b01756e1f4","2026-02-28 20:10:00+00:00","player_rebounds","True","Win","15.0","2026-03-01T08:00:00.235573+00:00",""
"2026-02-28T09:00:53.449165-05:00","WAS Wizards vs TOR Raptors (7:10 PM EST)","Sandro Mamukelashvili","Threes","Under","1.5","-136","FanDuel","4.16","50.0","10","False","ESPN at -170, Pinnacle at -187","17896059","4c59a286895065ef151e463346d10278","2026-03-01 00:10:00+00:00","player_threes","True","Void","DNP or no data","2026-03-01T16:11:21.980282+00:00",""
"2026-02-28T09:04:04.708943-05:00","CHA Hornets vs POR Blazers (1:10 PM EST)","Jrue Holiday","Points","Under","18.5","-105","HardRockBet","5.02","40.0","10","False","FD at -136, DK at -114, ESPN at -125","214","2f2b3a981786a11795d308fc23769c49","2026-02-28 18:10:00+00:00","player_points","True","Loss","25.0","2026-03-01T08:00:00.235573+00:00",""
"2026-02-28T09:04:16.133772-05:00","CHA Hornets vs POR Blazers (1:10 PM EST)","Scoot Henderson","Assists","Under","5.5","-130","BetRivers","2.36","62.5","8","False","FD at -162, DK at -154, ESPN at -165","56677747","2f2b3a981786a11795d308fc23769c49","2026-02-28 18:10:00+00:00","player_assists","True","Win","4.0","2026-03-01T08:00:00.235573+00:00",""
"2026-02-28T09:04:18.204482-05:00","CHA Hornets vs POR Blazers (1:10 PM EST)","Donovan Clingan","Assists","Under","2.5","-125","BetMGM","4.93","30.0","10","False","FD at -166, DK at -153, ESPN at -160","1028025344","2f2b3a981786a11795d308fc23769c49","2026-02-28 18:10:00+00:00","player_assists","True","Win","2.0","2026-03-01T08:00:00.235573+00:00",""
"2026-02-28T09:04:20.374062-05:00","CHA Hornets vs POR Blazers (1:10 PM EST)","Donovan Clingan","Assists","Under","2.5","-130","HardRockBet","3.14","30.0","10","False","FD at -166, DK at -153, ESPN at -160","1028025344","2f2b3a981786a11795d308fc23769c49","2026-02-28 18:10:00+00:00","player_assists","True","Win","2.0","2026-03-01T08:00:00.235573+00:00",""
"2026-02-28T09:08:01.628694-05:00","CHA Hornets vs POR Blazers (1:10 PM EST)","Scoot Henderson","Assists","Under","5.5","-129","BetParx","3.49","62.5","8","False","FD at -166, DK at -154, ESPN at -165","56677747","2f2b3a981786a11795d308fc23769c49","2026-02-28 18:10:00+00:00","player_assists","True","Win","4.0","2026-03-01T08:00:00.235573+00:00",""
"2026-02-28T09:08:07.175989-05:00","CHA Hornets vs POR Blazers (1:10 PM EST)","LaMelo Ball","Rebounds Assists","Under","11.5","-110","BetMGM","2.69","60.0","10","False","FD at -136, DK at -141, ESPN at -125","3547239","2f2b3a981786a11795d308fc23769c49","2026-02-28 18:10:00+00:00","player_rebounds_assists","True","Loss","12.0","2026-03-01T08:00:00.235573+00:00",""
"2026-02-28T09:08:08.775595-05:00","CHA Hornets vs POR Blazers (1:10 PM EST)","LaMelo Ball","Rebounds Assists","Under","11.5","-110","HardRockBet","2.69","60.0","10","False","FD at -136, DK at -141, ESPN at -125","3547239","2f2b3a981786a11795d308fc23769c49","2026-02-28 18:10:00+00:00","player_rebounds_assists","True","Loss","12.0","2026-03-01T08:00:00.235573+00:00",""
"2026-02-28T09:25:33.724075-05:00","GSW Warriors vs LAL Lakers (8:40 PM EST)","De'Anthony Melton","Threes","Under","2.5","-150","BetMGM","3.85","80.0","10","False","FD at -200, DK at -179, ESPN at -170","313","76d258d71c3a2f5a4f5343023d54b6ec","2026-03-01 01:40:00+00:00","player_threes","True","Void","DNP or no data","2026-03-01T16:11:21.980282+00:00",""
"2026-02-28T09:35:50.438959-05:00","GSW Warriors vs LAL Lakers (8:40 PM EST)","Brandin Podziemski","Assists","Over","4.5","-107","BetParx","4.83","50.0","10","False","FD at -138, DK at -132, ESPN at -125","56677858","76d258d71c3a2f5a4f5343023d54b6ec","2026-03-01 01:40:00+00:00","player_assists","True","Void","DNP or no data","2026-03-01T16:11:21.980282+00:00",""
"2026-02-28T09:35:51.990189-05:00","GSW Warriors vs LAL Lakers (8:40 PM EST)","Brandin Podziemski","Assists","Over","4.5","-108","BetRivers","4.36","50.0","10","False","FD at -138, DK at -132, ESPN at -125","56677858","76d258d71c3a2f5a4f5343023d54b6ec","2026-03-01 01:40:00+00:00","player_assists","True","Void","DNP or no data","2026-03-01T16:11:21.980282+00:00",""
"2026-02-28T09:35:53.586900-05:00","GSW Warriors vs LAL Lakers (8:40 PM EST)","Brandin Podziemski","Assists","Over","4.5","-108","BallyBet","4.36","50.0","10","False","FD at -138, DK at -132, ESPN at -125","56677858","76d258d71c3a2f5a4f5343023d54b6ec","2026-03-01 01:40:00+00:00","player_assists","True","Void","DNP or no data","2026-03-01T16:11:21.980282+00:00",""
"2026-02-28T09:35:55.171538-05:00","GSW Warriors vs LAL Lakers (8:40 PM EST)","Brandin Podziemski","Assists","Over","4.5","-110","BetMGM","3.45","50.0","10","False","FD at -138, DK at -132, ESPN at -125","56677858","76d258d71c3a2f5a4f5343023d54b6ec","2026-03-01 01:40:00+00:00","player_assists","True","Void","DNP or no data","2026-03-01T16:11:21.980282+00:00",""
"2026-02-28T09:39:43.306896-05:00","UTA Jazz vs NOP Pelicans (9:40 PM EST)","John Konchar","Points Rebounds","Under","10.5","100","BetMGM","2.84","50.0","10","False","FD at -122, DK at -113, ESPN at -115","666703","3c0d0af7a9235156f96a3fcae942d550","2026-03-01 02:40:00+00:00","player_points_rebounds","True","Void","DNP or no data","2026-03-01T16:11:21.980282+00:00",""
"2026-02-28T09:49:59.003019-05:00","UTA Jazz vs NOP Pelicans (9:40 PM EST)","Saddiq Bey","Rebounds","Over","5.5","105","Fanatics","2.5","50.0","10","False","FD at -114, DK at -107, ESPN at -115","3547256","3c0d0af7a9235156f96a3fcae942d550","2026-03-01 02:40:00+00:00","player_rebounds","True","Win","6","2026-03-02T17:30:45.751297+00:00"," | Re-graded: stat found on retry"
"2026-02-28T09:56:23.844041-05:00","MIA Heat vs HOU Rockets (3:10 PM EST)","Kevin Durant","Rebounds","Over","5.5","-125","BallyBet","3.53","50.0","10","False","FD at -160, ESPN at -150, Pinnacle at -155","140","11c7c0f9bcd9c0052c0715b01756e1f4","2026-02-28 20:10:00+00:00","player_rebounds","True","Loss","5.0","2026-03-01T08:00:00.235573+00:00",""
"2026-02-28T09:56:25.472047-05:00","MIA Heat vs HOU Rockets (3:10 PM EST)","Kevin Durant","Rebounds","Over","5.5","-125","BetParx","3.53","50.0","10","False","FD at -160, ESPN at -150, Pinnacle at -155","140","11c7c0f9bcd9c0052c0715b01756e1f4","2026-02-28 20:10:00+00:00","player_rebounds","True","Loss","5.0","2026-03-01T08:00:00.235573+00:00",""
"2026-02-28T09:56:27.261734-05:00","MIA Heat vs HOU Rockets (3:10 PM EST)","Kevin Durant","Rebounds","Over","5.5","-127","BetRivers","2.8","50.0","10","False","FD at -160, ESPN at -150, Pinnacle at -155","140","11c7c0f9bcd9c0052c0715b01756e1f4","2026-02-28 20:10:00+00:00","player_rebounds","True","Loss","5.0","2026-03-01T08:00:00.235573+00:00",""
"2026-02-28T10:07:01.264694-05:00","CHA Hornets vs POR Blazers (1:10 PM EST)","Jrue Holiday","Rebounds","Under","4.5","-129","BetParx","2.88","50.0","10","False","FD at -160, DK at -148, ESPN at -150","214","2f2b3a981786a11795d308fc23769c49","2026-02-28 18:10:00+00:00","player_rebounds","True","Loss","5.0","2026-03-01T08:00:00.235573+00:00",""
"2026-02-28T10:07:07.998582-05:00","CHA Hornets vs POR Blazers (1:10 PM EST)","Miles Bridges","Assists","Under","2.5","102","FanDuel","4.07","50.0","10","False","ESPN at -125, DK at -120","62","2f2b3a981786a11795d308fc23769c49","2026-02-28 18:10:00+00:00","player_assists","True","Loss","5.0","2026-03-01T08:00:00.235573+00:00",""
"2026-02-28T10:07:23.400606-05:00","MIA Heat vs HOU Rockets (3:10 PM EST)","Tyler Herro","Assists","Over","3.5","110","HardRockBet","2.87","40.0","10","False","FD at -110, DK at -105, ESPN at -105","666633","11c7c0f9bcd9c0052c0715b01756e1f4","2026-02-28 20:10:00+00:00","player_assists","True","Loss","3.0","2026-03-01T08:00:00.235573+00:00",""
"2026-02-28T10:11:03.022610-05:00","CHA Hornets vs POR Blazers (1:10 PM EST)","Miles Bridges","Rebounds Assists","Over","8.5","110","theScore","4.13","50.0","10","False","FD at -111, DK at -104, ESPN at 110","62","2f2b3a981786a11795d308fc23769c49","2026-02-28 18:10:00+00:00","player_rebounds_assists","True","Win","13.0","2026-03-01T08:00:00.235573+00:00",""
"2026-02-28T10:14:33.305021-05:00","GSW Warriors vs LAL Lakers (8:40 PM EST)","De'Anthony Melton","Rebounds Assists","Over","5.5","-120","BetMGM","4.41","50.0","10","False","FD at -158, DK at -152, ESPN at -130","313","76d258d71c3a2f5a4f5343023d54b6ec","2026-03-01 01:40:00+00:00","player_rebounds_assists","True","Void","DNP or no data","2026-03-01T16:11:21.980282+00:00",""
"2026-02-28T10:17:39.364524-05:00","CHA Hornets vs POR Blazers (1:10 PM EST)","Jrue Holiday","Rebounds","Under","4.5","-124","BetRivers","4.69","50.0","10","False","FD at -160, DK at -148, ESPN at -150","214","2f2b3a981786a11795d308fc23769c49","2026-02-28 18:10:00+00:00","player_rebounds","True","Loss","5.0","2026-03-01T08:00:00.235573+00:00",""
"2026-02-28T10:28:31.856983-05:00","GSW Warriors vs LAL Lakers (8:40 PM EST)","Moses Moody","Points Rebounds Assists","Over","20.5","110","BetMGM","2.02","40.0","10","False","FD at -108, ESPN at -110","17553992","76d258d71c3a2f5a4f5343023d54b6ec","2026-03-01 01:40:00+00:00","player_points_rebounds_assists","True","Void","DNP or no data","2026-03-01T16:11:21.980282+00:00",""
"2026-02-28T10:32:13.614460-05:00","GSW Warriors vs LAL Lakers (8:40 PM EST)","Moses Moody","Rebounds Assists","Over","5.5","-110","BetMGM","3.45","50.0","10","False","FD at -138, ESPN at -125","17553992","76d258d71c3a2f5a4f5343023d54b6ec","2026-03-01 01:40:00+00:00","player_rebounds_assists","True","Void","DNP or no data","2026-03-01T16:11:21.980282+00:00",""
"2026-02-28T10:53:00.713757-05:00","MIA Heat vs HOU Rockets (3:10 PM EST)","Amen Thompson","Points","Under","16.5","105","HardRockBet","6.43","80.0","10","True","FD at -125, DK at -112, ESPN at -110","56677825","11c7c0f9bcd9c0052c0715b01756e1f4","2026-02-28 20:10:00+00:00","player_points","True","Loss","20.0","2026-03-01T08:00:00.235573+00:00",""
"2026-02-28T10:59:45.818213-05:00","CHA Hornets vs POR Blazers (1:10 PM EST)","Toumani Camara","Points Assists","Under","15.5","100","HardRockBet","4.82","40.0","10","False","FD at -128, DK at -115, ESPN at -115","56677850","2f2b3a981786a11795d308fc23769c49","2026-02-28 18:10:00+00:00","player_points_assists","True","Win","14.0","2026-03-01T08:00:00.235573+00:00",""
"2026-02-28T11:07:18.661872-05:00","GSW Warriors vs LAL Lakers (8:40 PM EST)","Draymond Green","Rebounds","Under","5.5","-118","FanDuel","3.52","60.0","10","False","ESPN at -150, Pinnacle at -148","185","76d258d71c3a2f5a4f5343023d54b6ec","2026-03-01 01:40:00+00:00","player_rebounds","True","Void","DNP or no data","2026-03-01T16:11:21.980282+00:00",""
"2026-02-28T11:20:52.208472-05:00","WAS Wizards vs TOR Raptors (7:10 PM EST)","Bilal Coulibaly","Points","Under","9.5","100","Caesars","2.02","30.0","10","False","FD at -120, DK at -101, ESPN at -120","56677844","4c59a286895065ef151e463346d10278","2026-03-01 00:10:00+00:00","player_points","True","Void","DNP or no data","2026-03-01T16:11:21.980282+00:00",""
"2026-02-28T11:27:43.421907-05:00","CHA Hornets vs POR Blazers (1:10 PM EST)","Miles Bridges","Rebounds Assists","Over","8.5","-110","BetMGM","5.83","50.0","10","False","FD at -142, DK at -132, ESPN at -130","62","2f2b3a981786a11795d308fc23769c49","2026-02-28 18:10:00+00:00","player_rebounds_assists","True","Win","13.0","2026-03-01T08:00:00.235573+00:00",""
"2026-02-28T11:27:45.324799-05:00","CHA Hornets vs POR Blazers (1:10 PM EST)","Miles Bridges","Rebounds Assists","Over","8.5","-110","HardRockBet","5.83","50.0","10","False","FD at -142, DK at -132, ESPN at -130","62","2f2b3a981786a11795d308fc23769c49","2026-02-28 18:10:00+00:00","player_rebounds_assists","True","Win","13.0","2026-03-01T08:00:00.235573+00:00",""
"2026-02-28T11:31:56.114495-05:00","UTA Jazz vs NOP Pelicans (9:40 PM EST)","Zion Williamson","Points Rebounds Assists","Under","35.5","100","BetMGM","2.84","90.0","10","False","FD at -122, DK at -121, ESPN at -115","666969","3c0d0af7a9235156f96a3fcae942d550","2026-03-01 02:40:00+00:00","player_points_rebounds_assists","True","Void","DNP or no data","2026-03-01T16:11:21.980282+00:00",""
"2026-02-28T11:38:15.197474-05:00","MIA Heat vs HOU Rockets (3:10 PM EST)","Kevin Durant","Points Rebounds Assists","Over","37.5","108","BallyBet","4.0","30.0","10","False","FD at -113, ESPN at -125","140","11c7c0f9bcd9c0052c0715b01756e1f4","2026-02-28 20:10:00+00:00","player_points_rebounds_assists","True","Win","45.0","2026-03-01T08:00:00.235573+00:00",""
"2026-02-28T11:38:17.012514-05:00","MIA Heat vs HOU Rockets (3:10 PM EST)","Kevin Durant","Points Rebounds Assists","Over","37.5","108","BetParx","4.0","30.0","10","False","FD at -113, ESPN at -125","140","11c7c0f9bcd9c0052c0715b01756e1f4","2026-02-28 20:10:00+00:00","player_points_rebounds_assists","True","Win","45.0","2026-03-01T08:00:00.235573+00:00",""
"2026-02-28T11:38:18.806420-05:00","MIA Heat vs HOU Rockets (3:10 PM EST)","Kevin Durant","Points Rebounds Assists","Over","37.5","108","BetRivers","4.0","30.0","10","False","FD at -113, ESPN at -125","140","11c7c0f9bcd9c0052c0715b01756e1f4","2026-02-28 20:10:00+00:00","player_points_rebounds_assists","True","Win","45.0","2026-03-01T08:00:00.235573+00:00",""
"2026-02-28T11:38:35.230547-05:00","GSW Warriors vs LAL Lakers (8:40 PM EST)","Pat Spencer","Points Rebounds","Over","11.5","-105","HardRockBet","3.12","60.0","10","False","FD at -130, DK at -125, ESPN at -125","795959473","76d258d71c3a2f5a4f5343023d54b6ec","2026-03-01 01:40:00+00:00","player_points_rebounds","True","Void","DNP or no data","2026-03-01T16:11:21.980282+00:00",""
"2026-02-28T11:48:29.224868-05:00","CHA Hornets vs POR Blazers (1:10 PM EST)","Donovan Clingan","Rebounds","Under","12.5","-120","HardRockBet","2.57","40.0","10","False","FD at -146, ESPN at -160, Pinnacle at -139","1028025344","2f2b3a981786a11795d308fc23769c49","2026-02-28 18:10:00+00:00","player_rebounds","True","Win","8.0","2026-03-01T08:00:00.235573+00:00",""
"2026-02-28T12:06:01.766419-05:00","MIA Heat vs HOU Rockets (3:10 PM EST)","Alperen Sengun","Rebounds","Over","9.5","101","DraftKings","3.43","20.0","10","False","FD at -120, DK at 101, ESPN at -120","17896062","11c7c0f9bcd9c0052c0715b01756e1f4","2026-02-28 20:10:00+00:00","player_rebounds","True","Loss","6.0","2026-03-01T08:00:00.235573+00:00",""
"2026-02-28T12:06:07.850096-05:00","MIA Heat vs HOU Rockets (3:10 PM EST)","Alperen Sengun","Rebounds Assists","Over","15.5","110","BetMGM","5.0","30.0","10","False","FD at -113, DK at -117, ESPN at -115","17896062","11c7c0f9bcd9c0052c0715b01756e1f4","2026-02-28 20:10:00+00:00","player_rebounds_assists","True","Loss","9.0","2026-03-01T08:00:00.235573+00:00",""
"2026-02-28T12:09:21.869653-05:00","CHA Hornets vs POR Blazers (1:10 PM EST)","Miles Bridges","Threes","Under","1.5","110","BetMGM","5.0","70.0","10","False","FD at -113, DK at 101, ESPN at -105","62","2f2b3a981786a11795d308fc23769c49","2026-02-28 18:10:00+00:00","player_threes","True","Loss","2.0","2026-03-01T08:00:00.235573+00:00",""
"2026-02-28T12:09:23.803188-05:00","CHA Hornets vs POR Blazers (1:10 PM EST)","Miles Bridges","Threes","Under","1.5","110","HardRockBet","5.0","70.0","10","False","FD at -113, DK at 101, ESPN at -105","62","2f2b3a981786a11795d308fc23769c49","2026-02-28 18:10:00+00:00","player_threes","True","Loss","2.0","2026-03-01T08:00:00.235573+00:00",""
"2026-02-28T12:09:38.230050-05:00","GSW Warriors vs LAL Lakers (8:40 PM EST)","Austin Reaves","Rebounds","Under","4.5","-132","BetParx","2.46","60.0","10","False","FD at -166, DK at -164, ESPN at -160","17553995","76d258d71c3a2f5a4f5343023d54b6ec","2026-03-01 01:40:00+00:00","player_rebounds","True","Win","0","2026-03-02T17:30:45.751297+00:00"," | Re-graded: stat found on retry"
"2026-02-28T12:13:03.677695-05:00","CHA Hornets vs POR Blazers (1:10 PM EST)","Toumani Camara","Rebounds Assists","Under","7.5","-105","theScore","8.23","40.0","10","False","FD at -142, DK at -125, ESPN at -105","56677850","2f2b3a981786a11795d308fc23769c49","2026-02-28 18:10:00+00:00","player_rebounds_assists","True","Loss","8.0","2026-03-01T08:00:00.235573+00:00",""
"2026-02-28T12:13:33.148291-05:00","UTA Jazz vs NOP Pelicans (9:40 PM EST)","Kyle Filipowski","Points","Under","13.5","-110","BetMGM","2.69","50.0","10","False","FD at -136, DK at -115, ESPN at -125","1028035794","3c0d0af7a9235156f96a3fcae942d550","2026-03-01 02:40:00+00:00","player_points","True","Void","DNP or no data","2026-03-01T16:11:21.980282+00:00",""
"2026-02-28T12:13:35.184604-05:00","UTA Jazz vs NOP Pelicans (9:40 PM EST)","Kyle Filipowski","Points","Under","13.5","-110","HardRockBet","2.69","50.0","10","False","FD at -136, DK at -115, ESPN at -125","1028035794","3c0d0af7a9235156f96a3fcae942d550","2026-03-01 02:40:00+00:00","player_points","True","Void","DNP or no data","2026-03-01T16:11:21.980282+00:00",""
"2026-02-28T12:13:40.163679-05:00","UTA Jazz vs NOP Pelicans (9:40 PM EST)","Derik Queen","Rebounds Assists","Under","11.5","-110","BetMGM","2.69","90.0","10","False","FD at -136, DK at -127, ESPN at -125","1057274415","3c0d0af7a9235156f96a3fcae942d550","2026-03-01 02:40:00+00:00","player_rebounds_assists","True","Win","7","2026-03-02T17:30:45.751297+00:00"," | Re-graded: stat found on retry"
"2026-02-28T12:13:42.205131-05:00","UTA Jazz vs NOP Pelicans (9:40 PM EST)","Derik Queen","Rebounds Assists","Under","11.5","-110","HardRockBet","2.69","90.0","10","False","FD at -136, DK at -127, ESPN at -125","1057274415","3c0d0af7a9235156f96a3fcae942d550","2026-03-01 02:40:00+00:00","player_rebounds_assists","True","Win","7","2026-03-02T17:30:45.751297+00:00"," | Re-graded: stat found on retry"
"2026-02-28T12:16:48.653650-05:00","CHA Hornets vs POR Blazers (1:10 PM EST)","LaMelo Ball","Assists","Over","6.5","-125","theScore","2.87","50.0","10","False","FD at -154, DK at -147, ESPN at -125, Pinnacle at -155","3547239","2f2b3a981786a11795d308fc23769c49","2026-02-28 18:10:00+00:00","player_assists","True","Win","8.0","2026-03-01T08:00:00.235573+00:00",""
"2026-02-28T12:23:50.085091-05:00","MIA Heat vs HOU Rockets (3:10 PM EST)","Josh Okogie","Rebounds","Under","3.5","104","BetParx","4.12","60.0","10","False","FD at -118, DK at -112, ESPN at -115","356","11c7c0f9bcd9c0052c0715b01756e1f4","2026-02-28 20:10:00+00:00","player_rebounds","True","Void","DNP or no data","2026-03-01T16:11:21.980282+00:00",""
"2026-02-28T12:23:52.089225-05:00","MIA Heat vs HOU Rockets (3:10 PM EST)","Josh Okogie","Rebounds","Under","3.5","102","BetRivers","3.1","60.0","10","False","FD at -118, DK at -112, ESPN at -115","356","11c7c0f9bcd9c0052c0715b01756e1f4","2026-02-28 20:10:00+00:00","player_rebounds","True","Void","DNP or no data","2026-03-01T16:11:21.980282+00:00",""
"2026-02-28T12:23:54.407760-05:00","MIA Heat vs HOU Rockets (3:10 PM EST)","Josh Okogie","Rebounds","Under","3.5","105","BetMGM","4.63","60.0","10","False","FD at -118, DK at -112, ESPN at -115","356","11c7c0f9bcd9c0052c0715b01756e1f4","2026-02-28 20:10:00+00:00","player_rebounds","True","Void","DNP or no data","2026-03-01T16:11:21.980282+00:00",""
"2026-02-28T12:31:00.355220-05:00","CHA Hornets vs POR Blazers (1:10 PM EST)","Kris Murray","Rebounds","Under","4.5","-122","FanDuel","5.12","60.0","10","False","ESPN at -160, DK at -163","56677791","2f2b3a981786a11795d308fc23769c49","2026-02-28 18:10:00+00:00","player_rebounds","True","Win","4.0","2026-03-01T08:00:00.235573+00:00",""
"2026-02-28T12:31:11.062683-05:00","MIA Heat vs HOU Rockets (3:10 PM EST)","Josh Okogie","Points","Under","5.5","104","BetParx","2.85","50.0","10","False","FD at -115, DK at -112, ESPN at -120","356","11c7c0f9bcd9c0052c0715b01756e1f4","2026-02-28 20:10:00+00:00","player_points","True","Void","DNP or no data","2026-03-01T16:11:21.980282+00:00",""
"2026-02-28T12:31:13.300601-05:00","MIA Heat vs HOU Rockets (3:10 PM EST)","Josh Okogie","Points","Under","5.5","102","BetRivers","1.84","50.0","10","False","FD at -115, DK at -112, ESPN at -120","356","11c7c0f9bcd9c0052c0715b01756e1f4","2026-02-28 20:10:00+00:00","player_points","True","Void","DNP or no data","2026-03-01T16:11:21.980282+00:00",""
"2026-02-28T12:34:26.720001-05:00","CHA Hornets vs POR Blazers (1:10 PM EST)","LaMelo Ball","Points","Over","19.5","105","BetMGM","3.35","60.0","10","False","FD at -115, DK at -104, ESPN at -110, Pinnacle at -121","3547239","2f2b3a981786a11795d308fc23769c49","2026-02-28 18:10:00+00:00","player_points","True","Loss","15.0","2026-03-01T08:00:00.235573+00:00",""
"2026-02-28T12:38:12.541995-05:00","MIA Heat vs HOU Rockets (3:10 PM EST)","Josh Okogie","Points","Under","5.5","105","BetMGM","2.5","50.0","10","False","FD at -113, DK at -119, ESPN at -115","356","11c7c0f9bcd9c0052c0715b01756e1f4","2026-02-28 20:10:00+00:00","player_points","True","Void","DNP or no data","2026-03-01T16:11:21.980282+00:00",""
"2026-02-28T12:38:18.354511-05:00","MIA Heat vs HOU Rockets (3:10 PM EST)","Kel'el Ware","Rebounds","Under","6.5","110","BetParx","5.0","40.0","10","False","FD at -113, DK at 104, ESPN at -110, Pinnacle at -108","1028029127","11c7c0f9bcd9c0052c0715b01756e1f4","2026-02-28 20:10:00+00:00","player_rebounds","True","Loss","15.0","2026-03-01T08:00:00.235573+00:00",""
"2026-02-28T12:38:19.940579-05:00","MIA Heat vs HOU Rockets (3:10 PM EST)","Kel'el Ware","Rebounds","Under","6.5","107","BetRivers","3.5","40.0","10","False","FD at -113, DK at 104, ESPN at -110, Pinnacle at -108","1028029127","11c7c0f9bcd9c0052c0715b01756e1f4","2026-02-28 20:10:00+00:00","player_rebounds","True","Loss","15.0","2026-03-01T08:00:00.235573+00:00",""
"2026-02-28T12:41:47.019394-05:00","CHA Hornets vs POR Blazers (1:10 PM EST)","Scoot Henderson","Rebounds Assists","Under","8.5","-103","DraftKings","5.07","50.0","8","False","FD at -130, DK at -103, ESPN at -150","56677747","2f2b3a981786a11795d308fc23769c49","2026-02-28 18:10:00+00:00","player_rebounds_assists","True","Win","7.0","2026-03-01T08:00:00.235573+00:00",""
"2026-02-28T12:41:53.282208-05:00","MIA Heat vs HOU Rockets (3:10 PM EST)","Kel'el Ware","Rebounds","Under","6.5","104","DraftKings","2.0","40.0","10","False","FD at -113, DK at 104, ESPN at -115","1028029127","11c7c0f9bcd9c0052c0715b01756e1f4","2026-02-28 20:10:00+00:00","player_rebounds","True","Loss","15.0","2026-03-01T08:00:00.235573+00:00",""
"2026-02-28T12:41:59.984349-05:00","MIA Heat vs HOU Rockets (3:10 PM EST)","Bam Adebayo","Threes","Under","1.5","110","BetMGM","2.82","40.0","10","False","FD at -108, DK at -104, ESPN at -105","4","11c7c0f9bcd9c0052c0715b01756e1f4","2026-02-28 20:10:00+00:00","player_threes","True","Loss","3.0","2026-03-01T08:00:00.235573+00:00",""
"2026-02-28T12:42:02.876026-05:00","MIA Heat vs HOU Rockets (3:10 PM EST)","Bam Adebayo","Threes","Under","1.5","110","HardRockBet","2.82","40.0","10","False","FD at -108, DK at -104, ESPN at -105","4","11c7c0f9bcd9c0052c0715b01756e1f4","2026-02-28 20:10:00+00:00","player_threes","True","Loss","3.0","2026-03-01T08:00:00.235573+00:00",""
"2026-02-28T12:45:17.266915-05:00","MIA Heat vs HOU Rockets (3:10 PM EST)","Bam Adebayo","Threes","Under","1.5","110","theScore","2.82","40.0","10","False","FD at -108, DK at -104, ESPN at 110","4","11c7c0f9bcd9c0052c0715b01756e1f4","2026-02-28 20:10:00+00:00","player_threes","True","Loss","3.0","2026-03-01T08:00:00.235573+00:00",""
"2026-02-28T12:45:25.150513-05:00","WAS Wizards vs TOR Raptors (7:10 PM EST)","Scottie Barnes","Assists","Under","5.5","-130","BetMGM","3.14","50.0","10","False","FD at -166, DK at -159, ESPN at -150","17896055","4c59a286895065ef151e463346d10278","2026-03-01 00:10:00+00:00","player_assists","True","Void","DNP or no data","2026-03-01T16:11:21.980282+00:00",""
"2026-02-28T12:45:50.874720-05:00","UTA Jazz vs NOP Pelicans (9:40 PM EST)","DeAndre Jordan","Rebounds","Under","6.5","-105","BetMGM","3.92","40.0","5","False","FD at -132, DK at -144, ESPN at -125, Pinnacle at -130","250","3c0d0af7a9235156f96a3fcae942d550","2026-03-01 02:40:00+00:00","player_rebounds","True","Win","2","2026-03-02T17:30:45.751297+00:00"," | Re-graded: stat found on retry"
"2026-02-28T12:49:31.176865-05:00","UTA Jazz vs NOP Pelicans (9:40 PM EST)","DeAndre Jordan","Rebounds","Under","6.5","-105","HardRockBet","3.92","40.0","5","False","FD at -132, DK at -144, ESPN at -125, Pinnacle at -130","250","3c0d0af7a9235156f96a3fcae942d550","2026-03-01 02:40:00+00:00","player_rebounds","True","Win","2","2026-03-02T17:30:45.751297+00:00"," | Re-graded: stat found on retry"
"2026-02-28T12:52:42.836602-05:00","CHA Hornets vs POR Blazers (1:10 PM EST)","Moussa Diabate","Rebounds","Over","9.5","-103","BetRivers","2.24","50.0","10","False","FD at -122, DK at -126, ESPN at -115, Pinnacle at -124","38017725","2f2b3a981786a11795d308fc23769c49","2026-02-28 18:10:00+00:00","player_rebounds","True","Win","11.0","2026-03-01T08:00:00.235573+00:00",""
"2026-02-28T12:52:45.110728-05:00","CHA Hornets vs POR Blazers (1:10 PM EST)","Moussa Diabate","Rebounds","Over","9.5","100","BallyBet","3.75","50.0","10","False","FD at -122, DK at -126, ESPN at -115, Pinnacle at -124","38017725","2f2b3a981786a11795d308fc23769c49","2026-02-28 18:10:00+00:00","player_rebounds","True","Win","11.0","2026-03-01T08:00:00.235573+00:00",""
"2026-02-28T12:52:47.161452-05:00","CHA Hornets vs POR Blazers (1:10 PM EST)","Miles Bridges","Rebounds","Over","5.5","-105","BallyBet","2.28","60.0","10","False","FD at -125, DK at -128, ESPN at -125","62","2f2b3a981786a11795d308fc23769c49","2026-02-28 18:10:00+00:00","player_rebounds","True","Win","8.0","2026-03-01T08:00:00.235573+00:00",""
"2026-02-28T12:52:49.210993-05:00","CHA Hornets vs POR Blazers (1:10 PM EST)","Moussa Diabate","Rebounds","Over","9.5","100","BetParx","3.75","50.0","10","False","FD at -122, DK at -126, ESPN at -115, Pinnacle at -124","38017725","2f2b3a981786a11795d308fc23769c49","2026-02-28 18:10:00+00:00","player_rebounds","True","Win","11.0","2026-03-01T08:00:00.235573+00:00",""
"2026-02-28T12:52:51.182002-05:00","CHA Hornets vs POR Blazers (1:10 PM EST)","Miles Bridges","Rebounds","Over","5.5","-105","BetParx","2.28","60.0","10","False","FD at -125, DK at -128, ESPN at -125","62","2f2b3a981786a11795d308fc23769c49","2026-02-28 18:10:00+00:00","player_rebounds","True","Win","8.0","2026-03-01T08:00:00.235573+00:00",""
"2026-02-28T13:00:18.337949-05:00","CHA Hornets vs POR Blazers (1:10 PM EST)","Coby White","Assists","Under","3.5","-140","HardRockBet","4.67","20.0","10","False","FD at -184, ESPN at -190","666956","2f2b3a981786a11795d308fc23769c49","2026-02-28 18:10:00+00:00","player_assists","True","Win","1.0","2026-03-01T08:00:00.235573+00:00",""
"2026-02-28T13:01:13.744997-05:00","UTA Jazz vs NOP Pelicans (9:40 PM EST)","Saddiq Bey","Threes","Under","2.5","-132","DraftKings","7.28","40.0","10","False","FD at -188, DK at -132, ESPN at -150","3547256","3c0d0af7a9235156f96a3fcae942d550","2026-03-01 02:40:00+00:00","player_threes","True","Win","2","2026-03-02T17:30:45.751297+00:00"," | Re-graded: stat found on retry"
"2026-02-28T13:04:35.870881-05:00","GSW Warriors vs LAL Lakers (8:40 PM EST)","Pat Spencer","Rebounds","Over","2.5","-105","BetMGM","3.12","50.0","10","False","FD at -130, DK at -126, ESPN at -125","795959473","76d258d71c3a2f5a4f5343023d54b6ec","2026-03-01 01:40:00+00:00","player_rebounds","True","Void","DNP or no data","2026-03-01T16:11:21.980282+00:00",""
"2026-02-28T13:11:57.405372-05:00","GSW Warriors vs LAL Lakers (8:40 PM EST)","Pat Spencer","Points","Over","8.5","-110","BetMGM","2.69","60.0","10","False","FD at -136, DK at -130, ESPN at -125","795959473","76d258d71c3a2f5a4f5343023d54b6ec","2026-03-01 01:40:00+00:00","player_points","True","Void","DNP or no data","2026-03-01T16:11:21.980282+00:00",""
"2026-02-28T13:11:59.260587-05:00","GSW Warriors vs LAL Lakers (8:40 PM EST)","Pat Spencer","Points","Over","8.5","-110","HardRockBet","2.69","60.0","10","False","FD at -136, DK at -130, ESPN at -125","795959473","76d258d71c3a2f5a4f5343023d54b6ec","2026-03-01 01:40:00+00:00","player_points","True","Void","DNP or no data","2026-03-01T16:11:21.980282+00:00",""
"2026-02-28T13:15:26.294802-05:00","WAS Wizards vs TOR Raptors (7:10 PM EST)","Sandro Mamukelashvili","Rebounds","Over","4.5","-103","BallyBet","2.32","30.0","10","False","FD at -125, DK at -127, ESPN at -125, Pinnacle at -122","17896059","4c59a286895065ef151e463346d10278","2026-03-01 00:10:00+00:00","player_rebounds","True","Void","DNP or no data","2026-03-01T16:11:21.980282+00:00",""
"2026-02-28T13:15:29.576912-05:00","WAS Wizards vs TOR Raptors (7:10 PM EST)","Sandro Mamukelashvili","Rebounds","Over","4.5","-103","BetParx","2.32","30.0","10","False","FD at -125, DK at -127, ESPN at -125, Pinnacle at -122","17896059","4c59a286895065ef151e463346d10278","2026-03-01 00:10:00+00:00","player_rebounds","True","Void","DNP or no data","2026-03-01T16:11:21.980282+00:00",""
"2026-02-28T13:15:32.134749-05:00","WAS Wizards vs TOR Raptors (7:10 PM EST)","Sandro Mamukelashvili","Rebounds","Over","4.5","-104","BetRivers","1.83","30.0","10","False","FD at -125, DK at -127, ESPN at -125, Pinnacle at -122","17896059","4c59a286895065ef151e463346d10278","2026-03-01 00:10:00+00:00","player_rebounds","True","Void","DNP or no data","2026-03-01T16:11:21.980282+00:00",""
"2026-02-28T13:22:55.570535-05:00","GSW Warriors vs LAL Lakers (8:40 PM EST)","Draymond Green","Rebounds","Under","5.5","-109","BetParx","3.9","60.0","10","False","FD at -138, DK at -138, ESPN at -150, Pinnacle at -155","185","76d258d71c3a2f5a4f5343023d54b6ec","2026-03-01 01:40:00+00:00","player_rebounds","True","Void","DNP or no data","2026-03-01T16:11:21.980282+00:00",""
"2026-02-28T13:22:57.765191-05:00","GSW Warriors vs LAL Lakers (8:40 PM EST)","Draymond Green","Rebounds","Under","5.5","-110","BetRivers","3.45","60.0","10","False","FD at -138, DK at -138, ESPN at -150, Pinnacle at -155","185","76d258d71c3a2f5a4f5343023d54b6ec","2026-03-01 01:40:00+00:00","player_rebounds","True","Void","DNP or no data","2026-03-01T16:11:21.980282+00:00",""
"2026-02-28T13:33:27.165989-05:00","UTA Jazz vs NOP Pelicans (9:40 PM EST)","John Konchar","Rebounds","Over","4.5","-118","BetMGM","2.5","50.0","10","False","FD at -146, DK at -147, ESPN at -150","666703","3c0d0af7a9235156f96a3fcae942d550","2026-03-01 02:40:00+00:00","player_rebounds","True","Void","DNP or no data","2026-03-01T16:11:21.980282+00:00",""
"2026-02-28T13:39:55.465002-05:00","GSW Warriors vs LAL Lakers (8:40 PM EST)","Marcus Smart","Points","Under","6.5","103","DraftKings","2.73","30.0","10","False","FD at -118, DK at 103, ESPN at -115","420","76d258d71c3a2f5a4f5343023d54b6ec","2026-03-01 01:40:00+00:00","player_points","True","Loss","9","2026-03-02T17:30:45.751297+00:00"," | Re-graded: stat found on retry"
"2026-02-28T13:43:22.262337-05:00","WAS Wizards vs TOR Raptors (7:10 PM EST)","Brandon Ingram","Rebounds","Under","5.5","110","BetMGM","2.02","50.0","10","False","FD at -108, DK at -115, ESPN at -110","227","4c59a286895065ef151e463346d10278","2026-03-01 00:10:00+00:00","player_rebounds","True","Void","DNP or no data","2026-03-01T16:11:21.980282+00:00",""
"2026-02-28T13:43:24.782958-05:00","WAS Wizards vs TOR Raptors (7:10 PM EST)","Carlton Carrington","Rebounds Assists","Over","7.5","100","BetMGM","5.63","30.0","10","False","FD at -130, DK at -117, ESPN at -115","1028025235","4c59a286895065ef151e463346d10278","2026-03-01 00:10:00+00:00","player_rebounds_assists","True","Void","DNP or no data","2026-03-01T16:11:21.980282+00:00",""
"2026-02-28T13:43:29.826049-05:00","WAS Wizards vs TOR Raptors (7:10 PM EST)","Carlton Carrington","Rebounds Assists","Over","7.5","100","HardRockBet","5.63","30.0","10","False","FD at -130, DK at -117, ESPN at -115","1028025235","4c59a286895065ef151e463346d10278","2026-03-01 00:10:00+00:00","player_rebounds_assists","True","Void","DNP or no data","2026-03-01T16:11:21.980282+00:00",""
"2026-02-28T13:50:20.715553-05:00","UTA Jazz vs NOP Pelicans (9:40 PM EST)","Jeremiah Fears","Points","Under","14.5","104","BetRivers","4.89","80.0","10","True","FD at -122, DK at -101, ESPN at -115","1057267077","3c0d0af7a9235156f96a3fcae942d550","2026-03-01 02:40:00+00:00","player_points","True","Loss","28","2026-03-02T17:30:45.751297+00:00"," | Re-graded: stat found on retry"
"2026-02-28T13:50:24.063970-05:00","UTA Jazz vs NOP Pelicans (9:40 PM EST)","Jeremiah Fears","Points","Under","14.5","106","BetParx","5.92","80.0","10","True","FD at -122, DK at -101, ESPN at -115","1057267077","3c0d0af7a9235156f96a3fcae942d550","2026-03-01 02:40:00+00:00","player_points","True","Loss","28","2026-03-02T17:30:45.751297+00:00"," | Re-graded: stat found on retry"
"2026-02-28T13:50:28.345551-05:00","UTA Jazz vs NOP Pelicans (9:40 PM EST)","Derik Queen","Rebounds","Under","6.5","105","HardRockBet","2.5","40.0","10","False","FD at -114, DK at -114, ESPN at -115","1057274415","3c0d0af7a9235156f96a3fcae942d550","2026-03-01 02:40:00+00:00","player_rebounds","True","Win","5","2026-03-02T17:30:45.751297+00:00"," | Re-graded: stat found on retry"
"2026-02-28T13:53:57.333341-05:00","UTA Jazz vs NOP Pelicans (9:40 PM EST)","Saddiq Bey","Rebounds","Under","5.5","-102","DraftKings","4.6","50.0","10","False","FD at -130, DK at -102, ESPN at -120","3547256","3c0d0af7a9235156f96a3fcae942d550","2026-03-01 02:40:00+00:00","player_rebounds","True","Loss","6","2026-03-02T17:30:45.751297+00:00"," | Re-graded: stat found on retry"
"2026-02-28T14:10:22.049989-05:00","MIA Heat vs HOU Rockets (3:10 PM EST)","Tyler Herro","Rebounds Assists","Over","7.5","-110","BetMGM","3.62","60.0","10","False","FD at -136, DK at -129, ESPN at -130","666633","11c7c0f9bcd9c0052c0715b01756e1f4","2026-02-28 20:10:00+00:00","player_rebounds_assists","True","Loss","5.0","2026-03-01T08:00:00.235573+00:00",""
"2026-02-28T14:10:23.919826-05:00","MIA Heat vs HOU Rockets (3:10 PM EST)","Tyler Herro","Rebounds Assists","Over","7.5","-110","HardRockBet","3.62","60.0","10","False","FD at -136, DK at -129, ESPN at -130","666633","11c7c0f9bcd9c0052c0715b01756e1f4","2026-02-28 20:10:00+00:00","player_rebounds_assists","True","Loss","5.0","2026-03-01T08:00:00.235573+00:00",""
"2026-02-28T14:14:09.083673-05:00","WAS Wizards vs TOR Raptors (7:10 PM EST)","Brandon Ingram","Rebounds Assists","Under","9.5","-105","BetMGM","3.92","50.0","10","False","FD at -132, DK at -130, ESPN at -125","227","4c59a286895065ef151e463346d10278","2026-03-01 00:10:00+00:00","player_rebounds_assists","True","Void","DNP or no data","2026-03-01T16:11:21.980282+00:00",""
"2026-02-28T14:14:13.766581-05:00","WAS Wizards vs TOR Raptors (7:10 PM EST)","Brandon Ingram","Rebounds Assists","Under","9.5","-105","HardRockBet","3.92","50.0","10","False","FD at -132, DK at -130, ESPN at -125","227","4c59a286895065ef151e463346d10278","2026-03-01 00:10:00+00:00","player_rebounds_assists","True","Void","DNP or no data","2026-03-01T16:11:21.980282+00:00",""
"2026-02-28T14:14:19.653794-05:00","GSW Warriors vs LAL Lakers (8:40 PM EST)","LeBron James","Points","Under","19.5","-105","BetMGM","3.92","30.0","10","False","FD at -132, DK at -121, ESPN at -120","237","76d258d71c3a2f5a4f5343023d54b6ec","2026-03-01 01:40:00+00:00","player_points","True","Loss","24","2026-03-02T17:30:45.751297+00:00"," | Re-graded: stat found on retry"
"2026-02-28T14:14:22.546645-05:00","GSW Warriors vs LAL Lakers (8:40 PM EST)","LeBron James","Points","Under","19.5","-105","HardRockBet","3.92","30.0","10","False","FD at -132, DK at -121, ESPN at -120","237","76d258d71c3a2f5a4f5343023d54b6ec","2026-03-01 01:40:00+00:00","player_points","True","Loss","24","2026-03-02T17:30:45.751297+00:00"," | Re-graded: stat found on retry"
"2026-02-28T14:28:06.967101-05:00","UTA Jazz vs NOP Pelicans (9:40 PM EST)","Zion Williamson","Points","Under","24.5","100","BetParx","2.84","60.0","10","False","FD at -122, DK at -118, ESPN at -120, Pinnacle at -119","666969","3c0d0af7a9235156f96a3fcae942d550","2026-03-01 02:40:00+00:00","player_points","True","Void","DNP or no data","2026-03-01T16:11:21.980282+00:00",""
"2026-02-28T14:38:31.205178-05:00","UTA Jazz vs NOP Pelicans (9:40 PM EST)","Jordan Poole","Points","Over","12.5","102","BetParx","2.23","30.0","10","False","FD at -118, ESPN at -120","666848","3c0d0af7a9235156f96a3fcae942d550","2026-03-01 02:40:00+00:00","player_points","True","Void","DNP or no data","2026-03-01T16:11:21.980282+00:00",""
"2026-02-28T14:42:04.302675-05:00","UTA Jazz vs NOP Pelicans (9:40 PM EST)","Jordan Poole","Points","Over","12.5","102","BetRivers","2.23","30.0","10","False","FD at -118, ESPN at -120","666848","3c0d0af7a9235156f96a3fcae942d550","2026-03-01 02:40:00+00:00","player_points","True","Void","DNP or no data","2026-03-01T16:11:21.980282+00:00",""
"2026-02-28T14:55:08.199396-05:00","WAS Wizards vs TOR Raptors (7:10 PM EST)","Scottie Barnes","Assists","Under","5.5","-130","HardRockBet","3.14","50.0","10","False","FD at -166, DK at -147, ESPN at -150","17896055","4c59a286895065ef151e463346d10278","2026-03-01 00:10:00+00:00","player_assists","True","Void","DNP or no data","2026-03-01T16:11:21.980282+00:00",""
"2026-02-28T14:55:13.436744-05:00","WAS Wizards vs TOR Raptors (7:10 PM EST)","Carlton Carrington","Points Assists","Over","13.5","-105","BetMGM","3.12","50.0","10","False","FD at -130, DK at -118, ESPN at -120","1028025235","4c59a286895065ef151e463346d10278","2026-03-01 00:10:00+00:00","player_points_assists","True","Void","DNP or no data","2026-03-01T16:11:21.980282+00:00",""
"2026-02-28T15:11:04.551142-05:00","MIA Heat vs HOU Rockets (3:40 PM EST)","Reed Sheppard","Points Rebounds Assists","Over","22.5","100","BetParx","2.08","50.0","10","False","FD at -118, ESPN at -120","1028028519","11c7c0f9bcd9c0052c0715b01756e1f4","2026-02-28 20:40:00+00:00","player_points_rebounds_assists","True","Win","23.0","2026-03-01T08:00:00.235573+00:00",""
"2026-02-28T15:11:10.859996-05:00","WAS Wizards vs TOR Raptors (7:10 PM EST)","Carlton Carrington","Points","Under","9.5","-103","BetParx","2.24","50.0","10","False","FD at -122, DK at -122, ESPN at -120, Pinnacle at -135","1028025235","4c59a286895065ef151e463346d10278","2026-03-01 00:10:00+00:00","player_points","True","Void","DNP or no data","2026-03-01T16:11:21.980282+00:00",""
"2026-02-28T15:11:23.477190-05:00","GSW Warriors vs LAL Lakers (8:40 PM EST)","Luke Kennard","Points","Under","6.5","-102","Caesars","2.81","0.0","10","False","FD at -125, DK at -105, ESPN at -120","254","76d258d71c3a2f5a4f5343023d54b6ec","2026-03-01 01:40:00+00:00","player_points","True","Loss","11","2026-03-02T17:30:45.751297+00:00"," | Re-graded: stat found on retry"
"2026-02-28T15:17:57.497274-05:00","MIA Heat vs HOU Rockets (3:40 PM EST)","Tyler Herro","Assists","Over","3.5","-105","BallyBet","3.27","40.0","10","False","FD at -128, DK at -118, ESPN at -120","666633","11c7c0f9bcd9c0052c0715b01756e1f4","2026-02-28 20:40:00+00:00","player_assists","True","Loss","3.0","2026-03-01T08:00:00.235573+00:00",""
"2026-02-28T15:18:03.157392-05:00","MIA Heat vs HOU Rockets (3:40 PM EST)","Tyler Herro","Assists","Over","3.5","-104","BetParx","3.75","40.0","10","False","FD at -128, DK at -118, ESPN at -120","666633","11c7c0f9bcd9c0052c0715b01756e1f4","2026-02-28 20:40:00+00:00","player_assists","True","Loss","3.0","2026-03-01T08:00:00.235573+00:00",""
"2026-02-28T15:18:06.930423-05:00","MIA Heat vs HOU Rockets (3:40 PM EST)","Tyler Herro","Assists","Over","3.5","-105","BetRivers","3.27","40.0","10","False","FD at -128, DK at -118, ESPN at -120","666633","11c7c0f9bcd9c0052c0715b01756e1f4","2026-02-28 20:40:00+00:00","player_assists","True","Loss","3.0","2026-03-01T08:00:00.235573+00:00",""
"2026-02-28T15:24:54.709202-05:00","MIA Heat vs HOU Rockets (3:40 PM EST)","Davion Mitchell","Points","Under","7.5","108","Caesars","3.14","50.0","10","False","FD at -111, DK at -101, ESPN at -115","17553994","11c7c0f9bcd9c0052c0715b01756e1f4","2026-02-28 20:40:00+00:00","player_points","True","Loss","10.0","2026-03-01T08:00:00.235573+00:00",""
"2026-02-28T15:31:34.899381-05:00","WAS Wizards vs TOR Raptors (7:10 PM EST)","Carlton Carrington","Points","Under","9.5","-105","BetRivers","2.28","50.0","10","False","FD at -125, DK at -127, ESPN at -130, Pinnacle at -135","1028025235","4c59a286895065ef151e463346d10278","2026-03-01 00:10:00+00:00","player_points","True","Void","DNP or no data","2026-03-01T16:11:21.980282+00:00",""
"2026-02-28T15:38:23.426160-05:00","MIA Heat vs HOU Rockets (3:42 PM EST)","Tyler Herro","Assists","Over","3.5","-110","BetMGM","5.11","40.0","10","False","FD at -140, DK at -133, ESPN at -125","666633","11c7c0f9bcd9c0052c0715b01756e1f4","2026-02-28 20:42:00+00:00","player_assists","True","Loss","3.0","2026-03-01T08:00:00.235573+00:00",""
"2026-02-28T15:42:11.326451-05:00","UTA Jazz vs NOP Pelicans (9:40 PM EST)","Derik Queen","Rebounds","Under","6.5","-120","BetMGM","3.95","40.0","10","False","FD at -154, DK at -145, ESPN at -120","1057274415","3c0d0af7a9235156f96a3fcae942d550","2026-03-01 02:40:00+00:00","player_rebounds","True","Win","5","2026-03-02T17:30:45.751297+00:00"," | Re-graded: stat found on retry"
"2026-02-28T15:42:12.907127-05:00","UTA Jazz vs NOP Pelicans (9:40 PM EST)","Derik Queen","Rebounds","Under","6.5","-120","theScore","3.95","40.0","10","False","FD at -154, DK at -145, ESPN at -120","1057274415","3c0d0af7a9235156f96a3fcae942d550","2026-03-01 02:40:00+00:00","player_rebounds","True","Win","5","2026-03-02T17:30:45.751297+00:00"," | Re-graded: stat found on retry"
"2026-02-28T15:54:45.091960-05:00","GSW Warriors vs LAL Lakers (8:40 PM EST)","Luke Kennard","Points","Under","6.5","-102","DraftKings","2.81","0.0","10","False","FD at -125, DK at -102, ESPN at -125","254","76d258d71c3a2f5a4f5343023d54b6ec","2026-03-01 01:40:00+00:00","player_points","True","Loss","11","2026-03-02T17:30:45.751297+00:00"," | Re-graded: stat found on retry"
"2026-02-28T15:54:47.525482-05:00","GSW Warriors vs LAL Lakers (8:40 PM EST)","Brandin Podziemski","Rebounds Assists","Over","10.5","-105","BetMGM","5.8","50.0","10","False","FD at -138, DK at -116, ESPN at -125","56677858","76d258d71c3a2f5a4f5343023d54b6ec","2026-03-01 01:40:00+00:00","player_rebounds_assists","True","Void","DNP or no data","2026-03-01T16:11:21.980282+00:00",""
"2026-02-28T15:54:49.765793-05:00","GSW Warriors vs LAL Lakers (8:40 PM EST)","Brandin Podziemski","Rebounds Assists","Over","10.5","-105","HardRockBet","5.8","50.0","10","False","FD at -138, DK at -116, ESPN at -125","56677858","76d258d71c3a2f5a4f5343023d54b6ec","2026-03-01 01:40:00+00:00","player_rebounds_assists","True","Void","DNP or no data","2026-03-01T16:11:21.980282+00:00",""
"2026-02-28T16:10:45.610665-05:00","GSW Warriors vs LAL Lakers (8:40 PM EST)","Moses Moody","Points Q1","Over","3.5","105","HardRockBet","8.27","","10","False","FD at -130, ESPN at -120","17553992","76d258d71c3a2f5a4f5343023d54b6ec","2026-03-01 01:40:00+00:00","player_points_q1","True","Void","DNP or no data","2026-03-01T16:11:21.980282+00:00",""
"2026-02-28T16:26:27.758150-05:00","GSW Warriors vs LAL Lakers (8:40 PM EST)","Austin Reaves","Rebounds","Over","4.5","-107","BetParx","2.18","40.0","10","False","FD at -130, DK at -136, ESPN at -130","17553995","76d258d71c3a2f5a4f5343023d54b6ec","2026-03-01 01:40:00+00:00","player_rebounds","True","Loss","0","2026-03-02T17:30:45.751297+00:00"," | Re-graded: stat found on retry"
"2026-02-28T16:26:30.213536-05:00","GSW Warriors vs LAL Lakers (8:40 PM EST)","Austin Reaves","Rebounds","Over","4.5","-107","BallyBet","2.18","40.0","10","False","FD at -130, DK at -136, ESPN at -130","17553995","76d258d71c3a2f5a4f5343023d54b6ec","2026-03-01 01:40:00+00:00","player_rebounds","True","Loss","0","2026-03-02T17:30:45.751297+00:00"," | Re-graded: stat found on retry"
"2026-02-28T16:35:54.673268-05:00","WAS Wizards vs TOR Raptors (7:10 PM EST)","Sandro Mamukelashvili","Points","Over","10.5","108","BallyBet","1.84","50.0","10","False","FD at -108, DK at -117, ESPN at -110, Pinnacle at -105","17896059","4c59a286895065ef151e463346d10278","2026-03-01 00:10:00+00:00","player_points","True","Void","DNP or no data","2026-03-01T16:11:21.980282+00:00",""
"2026-02-28T16:35:56.319018-05:00","WAS Wizards vs TOR Raptors (7:10 PM EST)","Sandro Mamukelashvili","Points","Over","10.5","110","BetParx","2.82","50.0","10","False","FD at -108, DK at -117, ESPN at -110, Pinnacle at -105","17896059","4c59a286895065ef151e463346d10278","2026-03-01 00:10:00+00:00","player_points","True","Void","DNP or no data","2026-03-01T16:11:21.980282+00:00",""
"2026-02-28T16:35:58.767494-05:00","WAS Wizards vs TOR Raptors (7:10 PM EST)","Sandro Mamukelashvili","Points","Over","10.5","108","BetRivers","1.84","50.0","10","False","FD at -108, DK at -117, ESPN at -110, Pinnacle at -105","17896059","4c59a286895065ef151e463346d10278","2026-03-01 00:10:00+00:00","player_points","True","Void","DNP or no data","2026-03-01T16:11:21.980282+00:00",""
"2026-02-28T16:39:21.510533-05:00","GSW Warriors vs LAL Lakers (8:40 PM EST)","Austin Reaves","Rebounds","Over","4.5","-107","BetRivers","2.18","40.0","10","False","FD at -130, DK at -136, ESPN at -130","17553995","76d258d71c3a2f5a4f5343023d54b6ec","2026-03-01 01:40:00+00:00","player_rebounds","True","Loss","0","2026-03-02T17:30:45.751297+00:00"," | Re-graded: stat found on retry"
"2026-02-28T16:48:51.150033-05:00","WAS Wizards vs TOR Raptors (7:10 PM EST)","Immanuel Quickley","Points Assists","Over","23.5","100","BetMGM","2.4","30.0","10","False","FD at -122, ESPN at -120","3547269","4c59a286895065ef151e463346d10278","2026-03-01 00:10:00+00:00","player_points_assists","True","Void","DNP or no data","2026-03-01T16:11:21.980282+00:00",""
"2026-02-28T16:55:06.466559-05:00","WAS Wizards vs TOR Raptors (7:10 PM EST)","Immanuel Quickley","Points","Under","17.5","-106","DraftKings","2.79","50.0","10","False","FD at -128, DK at -106, ESPN at -125","3547269","4c59a286895065ef151e463346d10278","2026-03-01 00:10:00+00:00","player_points","True","Void","DNP or no data","2026-03-01T16:11:21.980282+00:00",""
"2026-02-28T16:55:13.717190-05:00","WAS Wizards vs TOR Raptors (7:10 PM EST)","Brandon Ingram","Rebounds","Under","5.5","105","HardRockBet","6.35","50.0","10","False","FD at -122, DK at -111, ESPN at -110","227","4c59a286895065ef151e463346d10278","2026-03-01 00:10:00+00:00","player_rebounds","True","Void","DNP or no data","2026-03-01T16:11:21.980282+00:00",""
"2026-02-28T17:04:46.617602-05:00","WAS Wizards vs TOR Raptors (7:10 PM EST)","R.J. Barrett","Rebounds Assists","Over","9.5","104","FanDuel","3.44","50.0","10","False","ESPN at -120, DK at -117","666423","4c59a286895065ef151e463346d10278","2026-03-01 00:10:00+00:00","player_rebounds_assists","True","Void","DNP or no data","2026-03-01T16:11:21.980282+00:00",""
"2026-02-28T17:04:54.440516-05:00","WAS Wizards vs TOR Raptors (7:10 PM EST)","Scottie Barnes","Rebounds Assists","Under","13.5","100","BetMGM","2.08","50.0","10","False","FD at -118, DK at -123, ESPN at -115","17896055","4c59a286895065ef151e463346d10278","2026-03-01 00:10:00+00:00","player_rebounds_assists","True","Void","DNP or no data","2026-03-01T16:11:21.980282+00:00",""
"2026-02-28T17:04:56.614714-05:00","WAS Wizards vs TOR Raptors (7:10 PM EST)","R.J. Barrett","Rebounds Assists","Under","9.5","105","HardRockBet","10.12","50.0","10","False","FD at -132, DK at -113, ESPN at -110","666423","4c59a286895065ef151e463346d10278","2026-03-01 00:10:00+00:00","player_rebounds_assists","True","Void","DNP or no data","2026-03-01T16:11:21.980282+00:00",""
"2026-02-28T17:04:58.647753-05:00","WAS Wizards vs TOR Raptors (7:10 PM EST)","Scottie Barnes","Rebounds Assists","Under","13.5","100","HardRockBet","2.08","50.0","10","False","FD at -118, DK at -123, ESPN at -115","17896055","4c59a286895065ef151e463346d10278","2026-03-01 00:10:00+00:00","player_rebounds_assists","True","Void","DNP or no data","2026-03-01T16:11:21.980282+00:00",""
"2026-02-28T17:11:27.966870-05:00","WAS Wizards vs TOR Raptors (7:10 PM EST)","Jamal Shead","Points","Under","6.5","100","BetMGM","3.75","60.0","10","False","FD at -122, DK at -121, ESPN at -125","1028038426","4c59a286895065ef151e463346d10278","2026-03-01 00:10:00+00:00","player_points","True","Void","DNP or no data","2026-03-01T16:11:21.980282+00:00",""
"2026-02-28T17:11:40.781031-05:00","GSW Warriors vs LAL Lakers (8:40 PM EST)","Deandre Ayton","Points","Over","10.5","110","BetMGM","1.94","40.0","10","False","FD at -106, DK at 102, ESPN at -110","22","76d258d71c3a2f5a4f5343023d54b6ec","2026-03-01 01:40:00+00:00","player_points","True","Win","12","2026-03-02T17:30:45.751297+00:00"," | Re-graded: stat found on retry"
"2026-02-28T17:11:42.398814-05:00","GSW Warriors vs LAL Lakers (8:40 PM EST)","Deandre Ayton","Points","Over","10.5","110","HardRockBet","1.94","40.0","10","False","FD at -106, DK at 102, ESPN at -110","22","76d258d71c3a2f5a4f5343023d54b6ec","2026-03-01 01:40:00+00:00","player_points","True","Win","12","2026-03-02T17:30:45.751297+00:00"," | Re-graded: stat found on retry"
"2026-02-28T17:11:48.304517-05:00","GSW Warriors vs LAL Lakers (8:40 PM EST)","Austin Reaves","Assists","Over","3.5","110","HardRockBet","5.0","30.0","10","False","FD at -113, DK at -107, ESPN at -105","17553995","76d258d71c3a2f5a4f5343023d54b6ec","2026-03-01 01:40:00+00:00","player_assists","True","Win","5","2026-03-02T17:30:45.751297+00:00"," | Re-graded: stat found on retry"
"2026-02-28T17:12:02.209701-05:00","UTA Jazz vs NOP Pelicans (9:40 PM EST)","Derik Queen","Assists","Under","3.5","102","BetParx","1.81","80.0","10","False","FD at -118, DK at -123, ESPN at -115","1057274415","3c0d0af7a9235156f96a3fcae942d550","2026-03-01 02:40:00+00:00","player_assists","True","Win","2","2026-03-02T17:30:45.751297+00:00"," | Re-graded: stat found on retry"
"2026-02-28T17:15:20.753110-05:00","GSW Warriors vs LAL Lakers (8:40 PM EST)","De'Anthony Melton","Rebounds","Under","3.5","-125","FanDuel","3.86","60.0","10","False","ESPN at -165, DK at -156","313","76d258d71c3a2f5a4f5343023d54b6ec","2026-03-01 01:40:00+00:00","player_rebounds","True","Void","DNP or no data","2026-03-01T16:11:21.980282+00:00",""
"2026-02-28T17:15:23.009156-05:00","GSW Warriors vs LAL Lakers (8:40 PM EST)","De'Anthony Melton","Assists","Over","2.5","-105","HardRockBet","6.74","40.0","10","False","FD at -138, DK at -121, ESPN at -115","313","76d258d71c3a2f5a4f5343023d54b6ec","2026-03-01 01:40:00+00:00","player_assists","True","Void","DNP or no data","2026-03-01T16:11:21.980282+00:00",""
"2026-02-28T17:15:24.957977-05:00","GSW Warriors vs LAL Lakers (8:40 PM EST)","Draymond Green","Points Rebounds Assists","Over","19.5","110","BetParx","5.0","40.0","10","False","FD at -113, DK at -109, ESPN at -115","185","76d258d71c3a2f5a4f5343023d54b6ec","2026-03-01 01:40:00+00:00","player_points_rebounds_assists","True","Void","DNP or no data","2026-03-01T16:11:21.980282+00:00",""
"2026-02-28T17:15:27.256105-05:00","GSW Warriors vs LAL Lakers (8:40 PM EST)","Draymond Green","Points Rebounds Assists","Over","19.5","110","BetRivers","5.0","40.0","10","False","FD at -113, DK at -109, ESPN at -115","185","76d258d71c3a2f5a4f5343023d54b6ec","2026-03-01 01:40:00+00:00","player_points_rebounds_assists","True","Void","DNP or no data","2026-03-01T16:11:21.980282+00:00",""
"2026-02-28T17:15:29.290158-05:00","GSW Warriors vs LAL Lakers (8:40 PM EST)","Draymond Green","Points Rebounds Assists","Over","19.5","108","BallyBet","4.0","40.0","10","False","FD at -113, DK at -109, ESPN at -115","185","76d258d71c3a2f5a4f5343023d54b6ec","2026-03-01 01:40:00+00:00","player_points_rebounds_assists","True","Void","DNP or no data","2026-03-01T16:11:21.980282+00:00",""
"2026-02-28T17:28:31.482885-05:00","UTA Jazz vs NOP Pelicans (9:40 PM EST)","Jeremiah Fears","Rebounds Assists","Under","7.5","110","DraftKings","2.02","60.0","10","False","FD at -108, DK at 110, ESPN at -115","1057267077","3c0d0af7a9235156f96a3fcae942d550","2026-03-01 02:40:00+00:00","player_rebounds_assists","True","Win","7","2026-03-02T17:30:45.751297+00:00"," | Re-graded: stat found on retry"
"2026-02-28T17:31:34.439586-05:00","WAS Wizards vs TOR Raptors (7:10 PM EST)","Bilal Coulibaly","Points","Under","9.5","100","BetMGM","3.75","30.0","10","False","FD at -122, DK at -120, ESPN at -120","56677844","4c59a286895065ef151e463346d10278","2026-03-01 00:10:00+00:00","player_points","True","Void","DNP or no data","2026-03-01T16:11:21.980282+00:00",""
"2026-02-28T17:31:36.287491-05:00","WAS Wizards vs TOR Raptors (7:10 PM EST)","Bilal Coulibaly","Points","Under","9.5","100","HardRockBet","3.75","30.0","10","False","FD at -122, DK at -120, ESPN at -120","56677844","4c59a286895065ef151e463346d10278","2026-03-01 00:10:00+00:00","player_points","True","Void","DNP or no data","2026-03-01T16:11:21.980282+00:00",""
"2026-02-28T17:31:46.315994-05:00","WAS Wizards vs TOR Raptors (7:10 PM EST)","Jamal Shead","Assists","Over","4.5","-110","BetMGM","2.55","20.0","10","False","FD at -132, DK at -140, ESPN at -130","1028038426","4c59a286895065ef151e463346d10278","2026-03-01 00:10:00+00:00","player_assists","True","Void","DNP or no data","2026-03-01T16:11:21.980282+00:00",""
"2026-02-28T17:31:48.536210-05:00","WAS Wizards vs TOR Raptors (7:10 PM EST)","R.J. Barrett","Rebounds Assists","Under","9.5","-105","BetMGM","2.28","50.0","10","False","FD at -125, DK at -130, ESPN at -115","666423","4c59a286895065ef151e463346d10278","2026-03-01 00:10:00+00:00","player_rebounds_assists","True","Void","DNP or no data","2026-03-01T16:11:21.980282+00:00",""
"2026-02-28T17:32:12.527002-05:00","GSW Warriors vs LAL Lakers (8:40 PM EST)","Austin Reaves","Threes","Under","2.5","-160","BetMGM","3.07","80.0","10","False","FD at -205, DK at -185, ESPN at -190","17553995","76d258d71c3a2f5a4f5343023d54b6ec","2026-03-01 01:40:00+00:00","player_threes","True","Win","2","2026-03-02T17:30:45.751297+00:00"," | Re-graded: stat found on retry"
"2026-02-28T17:38:41.012643-05:00","WAS Wizards vs TOR Raptors (7:10 PM EST)","Anthony Gill","Points","Under","7.5","105","Caesars","2.5","30.0","10","False","FD at -113, ESPN at -115","3547302","4c59a286895065ef151e463346d10278","2026-03-01 00:10:00+00:00","player_points","True","Void","DNP or no data","2026-03-01T16:11:21.980282+00:00",""
"2026-02-28T17:38:42.618546-05:00","WAS Wizards vs TOR Raptors (7:10 PM EST)","Bilal Coulibaly","Points","Under","9.5","100","BetParx","2.91","30.0","10","False","FD at -120, DK at -120, ESPN at -120","56677844","4c59a286895065ef151e463346d10278","2026-03-01 00:10:00+00:00","player_points","True","Void","DNP or no data","2026-03-01T16:11:21.980282+00:00",""
"2026-02-28T17:42:07.208519-05:00","GSW Warriors vs LAL Lakers (8:40 PM EST)","Brandin Podziemski","Points","Over","15.5","-112","DraftKings","2.74","50.0","10","False","FD at -136, DK at -112, ESPN at -130","56677858","76d258d71c3a2f5a4f5343023d54b6ec","2026-03-01 01:40:00+00:00","player_points","True","Void","DNP or no data","2026-03-01T16:11:21.980282+00:00",""
"2026-02-28T17:45:36.701253-05:00","WAS Wizards vs TOR Raptors (7:10 PM EST)","Will Riley","Points","Under","12.5","-105","BetMGM","4.88","50.0","10","False","FD at -132, DK at -118, ESPN at -125","1057279594","4c59a286895065ef151e463346d10278","2026-03-01 00:10:00+00:00","player_points","True","Void","DNP or no data","2026-03-01T16:11:21.980282+00:00",""
"2026-02-28T17:45:38.833313-05:00","WAS Wizards vs TOR Raptors (7:10 PM EST)","Will Riley","Points","Under","12.5","-105","HardRockBet","4.88","50.0","10","False","FD at -132, DK at -118, ESPN at -125","1057279594","4c59a286895065ef151e463346d10278","2026-03-01 00:10:00+00:00","player_points","True","Void","DNP or no data","2026-03-01T16:11:21.980282+00:00",""
"2026-02-28T17:51:55.243365-05:00","WAS Wizards vs TOR Raptors (7:10 PM EST)","Will Riley","Points","Under","12.5","-112","Caesars","2.74","50.0","10","False","FD at -136, DK at -118, ESPN at -130","1057279594","4c59a286895065ef151e463346d10278","2026-03-01 00:10:00+00:00","player_points","True","Void","DNP or no data","2026-03-01T16:11:21.980282+00:00",""
"2026-02-28T17:52:04.869150-05:00","WAS Wizards vs TOR Raptors (7:10 PM EST)","Carlton Carrington","Points Rebounds","Over","12.5","-105","BetMGM","3.27","50.0","10","False","FD at -128, DK at -128, ESPN at -120","1028025235","4c59a286895065ef151e463346d10278","2026-03-01 00:10:00+00:00","player_points_rebounds","True","Void","DNP or no data","2026-03-01T16:11:21.980282+00:00",""
"2026-02-28T17:55:37.159907-05:00","WAS Wizards vs TOR Raptors (7:10 PM EST)","Scottie Barnes","Rebounds","Under","8.5","-115","BetMGM","2.93","50.0","10","False","FD at -140, DK at -140, ESPN at -140, Pinnacle at -138","17896055","4c59a286895065ef151e463346d10278","2026-03-01 00:10:00+00:00","player_rebounds","True","Void","DNP or no data","2026-03-01T16:11:21.980282+00:00",""
"2026-02-28T17:55:47.846801-05:00","GSW Warriors vs LAL Lakers (8:40 PM EST)","Luke Kennard","Points","Over","6.5","100","BetParx","3.75","100.0","10","False","FD at -122, ESPN at -115","254","76d258d71c3a2f5a4f5343023d54b6ec","2026-03-01 01:40:00+00:00","player_points","True","Win","11","2026-03-02T17:30:45.751297+00:00"," | Re-graded: stat found on retry"
"2026-02-28T17:55:49.920737-05:00","GSW Warriors vs LAL Lakers (8:40 PM EST)","Draymond Green","Points","Over","8.5","100","HardRockBet","4.77","50.0","10","False","FD at -125, DK at -116, ESPN at -125","185","76d258d71c3a2f5a4f5343023d54b6ec","2026-03-01 01:40:00+00:00","player_points","True","Void","DNP or no data","2026-03-01T16:11:21.980282+00:00",""
"2026-02-28T17:58:56.436751-05:00","WAS Wizards vs TOR Raptors (7:10 PM EST)","Carlton Carrington","Points Rebounds","Over","12.5","-105","HardRockBet","3.27","50.0","10","False","FD at -128, DK at -130, ESPN at -125","1028025235","4c59a286895065ef151e463346d10278","2026-03-01 00:10:00+00:00","player_points_rebounds","True","Void","DNP or no data","2026-03-01T16:11:21.980282+00:00",""
"2026-02-28T17:59:02.908293-05:00","GSW Warriors vs LAL Lakers (8:40 PM EST)","Luke Kennard","Points","Over","6.5","-103","BetRivers","2.24","100.0","10","False","FD at -122, ESPN at -125","254","76d258d71c3a2f5a4f5343023d54b6ec","2026-03-01 01:40:00+00:00","player_points","True","Win","11","2026-03-02T17:30:45.751297+00:00"," | Re-graded: stat found on retry"
"2026-02-28T17:59:05.378529-05:00","GSW Warriors vs LAL Lakers (8:40 PM EST)","Luke Kennard","Points","Over","6.5","-103","BallyBet","2.24","100.0","10","False","FD at -122, ESPN at -125","254","76d258d71c3a2f5a4f5343023d54b6ec","2026-03-01 01:40:00+00:00","player_points","True","Win","11","2026-03-02T17:30:45.751297+00:00"," | Re-graded: stat found on retry"
"2026-02-28T17:59:11.688959-05:00","UTA Jazz vs NOP Pelicans (9:40 PM EST)","Saddiq Bey","Rebounds Assists","Under","8.5","-105","BetMGM","3.27","50.0","10","False","FD at -128, DK at -123, ESPN at -120","3547256","3c0d0af7a9235156f96a3fcae942d550","2026-03-01 02:40:00+00:00","player_rebounds_assists","True","Win","8","2026-03-02T17:30:45.751297+00:00"," | Re-graded: stat found on retry"
"2026-02-28T17:59:13.493845-05:00","UTA Jazz vs NOP Pelicans (9:40 PM EST)","Saddiq Bey","Rebounds Assists","Under","8.5","-105","HardRockBet","3.27","50.0","10","False","FD at -128, DK at -123, ESPN at -120","3547256","3c0d0af7a9235156f96a3fcae942d550","2026-03-01 02:40:00+00:00","player_rebounds_assists","True","Win","8","2026-03-02T17:30:45.751297+00:00"," | Re-graded: stat found on retry"
"2026-02-28T18:02:37.094528-05:00","GSW Warriors vs LAL Lakers (8:40 PM EST)","Brandin Podziemski","Points Rebounds Assists","Over","27.5","106","BetParx","3.0","30.0","10","False","FD at -113, DK at -106, ESPN at -110","56677858","76d258d71c3a2f5a4f5343023d54b6ec","2026-03-01 01:40:00+00:00","player_points_rebounds_assists","True","Void","DNP or no data","2026-03-01T16:11:21.980282+00:00",""
"2026-02-28T18:05:51.704573-05:00","WAS Wizards vs TOR Raptors (7:10 PM EST)","Scottie Barnes","Rebounds","Under","8.5","-115","HardRockBet","2.93","50.0","10","False","FD at -140, DK at -140, ESPN at -140, Pinnacle at -138","17896055","4c59a286895065ef151e463346d10278","2026-03-01 00:10:00+00:00","player_rebounds","True","Void","DNP or no data","2026-03-01T16:11:21.980282+00:00",""
"2026-02-28T18:18:39.377848-05:00","WAS Wizards vs TOR Raptors (7:10 PM EST)","Bilal Coulibaly","Points Rebounds","Under","13.5","-105","BetMGM","3.27","30.0","10","False","FD at -128, DK at -120, ESPN at -120","56677844","4c59a286895065ef151e463346d10278","2026-03-01 00:10:00+00:00","player_points_rebounds","True","Void","DNP or no data","2026-03-01T16:11:21.980282+00:00",""
"2026-02-28T18:21:55.482744-05:00","GSW Warriors vs LAL Lakers (8:40 PM EST)","Austin Reaves","Rebounds","Over","4.5","-105","BetMGM","3.27","40.0","10","False","FD at -128, DK at -124, ESPN at -125","17553995","76d258d71c3a2f5a4f5343023d54b6ec","2026-03-01 01:40:00+00:00","player_rebounds","True","Loss","0","2026-03-02T17:30:45.751297+00:00"," | Re-graded: stat found on retry"
"2026-02-28T18:31:42.776780-05:00","WAS Wizards vs TOR Raptors (7:10 PM EST)","Immanuel Quickley","Assists","Under","5.5","107","BetRivers","3.5","60.0","10","False","FD at -113, DK at 100, ESPN at -105","3547269","4c59a286895065ef151e463346d10278","2026-03-01 00:10:00+00:00","player_assists","True","Void","DNP or no data","2026-03-01T16:11:21.980282+00:00",""
"2026-02-28T18:47:37.107202-05:00","GSW Warriors vs LAL Lakers (8:40 PM EST)","Pat Spencer","Rebounds","Under","2.5","104","BetParx","2.0","50.0","10","False","FD at -113, DK at -105, ESPN at -115","795959473","76d258d71c3a2f5a4f5343023d54b6ec","2026-03-01 01:40:00+00:00","player_rebounds","True","Void","DNP or no data","2026-03-01T16:11:21.980282+00:00",""
"2026-02-28T18:47:39.412675-05:00","GSW Warriors vs LAL Lakers (8:40 PM EST)","Pat Spencer","Rebounds","Under","2.5","105","HardRockBet","2.5","50.0","10","False","FD at -113, DK at -105, ESPN at -115","795959473","76d258d71c3a2f5a4f5343023d54b6ec","2026-03-01 01:40:00+00:00","player_rebounds","True","Void","DNP or no data","2026-03-01T16:11:21.980282+00:00",""
"2026-02-28T18:50:57.893616-05:00","UTA Jazz vs NOP Pelicans (9:40 PM EST)","Isaiah Collier","Points","Under","12.5","107","BetRivers","3.5","20.0","10","False","FD at -113, DK at -112, ESPN at -110","1028025362","3c0d0af7a9235156f96a3fcae942d550","2026-03-01 02:40:00+00:00","player_points","True","Void","DNP or no data","2026-03-01T16:11:21.980282+00:00",""
"2026-02-28T18:50:59.668241-05:00","UTA Jazz vs NOP Pelicans (9:40 PM EST)","Isaiah Collier","Points","Under","12.5","108","BetParx","4.0","20.0","10","False","FD at -113, DK at -112, ESPN at -110","1028025362","3c0d0af7a9235156f96a3fcae942d550","2026-03-01 02:40:00+00:00","player_points","True","Void","DNP or no data","2026-03-01T16:11:21.980282+00:00",""
"2026-02-28T18:51:05.564802-05:00","UTA Jazz vs NOP Pelicans (9:40 PM EST)","Isaiah Collier","Rebounds","Under","2.5","110","BetRivers","2.82","60.0","10","False","FD at -108, DK at -104, ESPN at -105","1028025362","3c0d0af7a9235156f96a3fcae942d550","2026-03-01 02:40:00+00:00","player_rebounds","True","Void","DNP or no data","2026-03-01T16:11:21.980282+00:00",""
"2026-02-28T19:04:18.845711-05:00","WAS Wizards vs TOR Raptors (7:10 PM EST)","Scottie Barnes","Rebounds","Under","8.5","-115","BetMGM","2.93","50.0","10","False","FD at -140, ESPN at -140","17896055","4c59a286895065ef151e463346d10278","2026-03-01 00:10:00+00:00","player_rebounds","True","Void","DNP or no data","2026-03-01T16:11:21.980282+00:00",""
"2026-02-28T19:04:22.281719-05:00","WAS Wizards vs TOR Raptors (7:10 PM EST)","Brandon Ingram","Rebounds","Under","5.5","105","BetMGM","2.5","50.0","10","False","FD at -113, DK at -120, ESPN at -115, Pinnacle at -108","227","4c59a286895065ef151e463346d10278","2026-03-01 00:10:00+00:00","player_rebounds","True","Void","DNP or no data","2026-03-01T16:11:21.980282+00:00",""
"2026-02-28T19:04:24.428779-05:00","WAS Wizards vs TOR Raptors (7:10 PM EST)","Brandon Ingram","Rebounds","Under","5.5","105","HardRockBet","2.5","50.0","10","False","FD at -113, DK at -120, ESPN at -115, Pinnacle at -108","227","4c59a286895065ef151e463346d10278","2026-03-01 00:10:00+00:00","player_rebounds","True","Void","DNP or no data","2026-03-01T16:11:21.980282+00:00",""
"2026-02-28T19:04:29.841062-05:00","WAS Wizards vs TOR Raptors (7:10 PM EST)","Brandon Ingram","Rebounds Assists","Under","9.5","-110","BetMGM","2.55","50.0","10","False","FD at -132, DK at -137, ESPN at -125","227","4c59a286895065ef151e463346d10278","2026-03-01 00:10:00+00:00","player_rebounds_assists","True","Void","DNP or no data","2026-03-01T16:11:21.980282+00:00",""
"2026-02-28T19:04:31.526617-05:00","WAS Wizards vs TOR Raptors (7:10 PM EST)","Brandon Ingram","Rebounds Assists","Under","9.5","-110","HardRockBet","2.55","50.0","10","False","FD at -132, DK at -137, ESPN at -125","227","4c59a286895065ef151e463346d10278","2026-03-01 00:10:00+00:00","player_rebounds_assists","True","Void","DNP or no data","2026-03-01T16:11:21.980282+00:00",""
"2026-02-28T19:04:39.376392-05:00","GSW Warriors vs LAL Lakers (8:40 PM EST)","Pat Spencer","Rebounds","Under","2.5","104","BetParx","2.0","50.0","10","False","FD at -113, DK at -105, ESPN at -115","795959473","76d258d71c3a2f5a4f5343023d54b6ec","2026-03-01 01:40:00+00:00","player_rebounds","True","Void","DNP or no data","2026-03-01T16:11:21.980282+00:00",""
"2026-02-28T19:04:42.895926-05:00","GSW Warriors vs LAL Lakers (8:40 PM EST)","Austin Reaves","Rebounds","Over","4.5","-105","BetMGM","3.27","40.0","10","False","FD at -128, DK at -124, ESPN at -120","17553995","76d258d71c3a2f5a4f5343023d54b6ec","2026-03-01 01:40:00+00:00","player_rebounds","True","Loss","0","2026-03-02T17:30:45.751297+00:00"," | Re-graded: stat found on retry"
"2026-02-28T19:04:44.399178-05:00","GSW Warriors vs LAL Lakers (8:40 PM EST)","Pat Spencer","Rebounds","Under","2.5","105","HardRockBet","2.5","50.0","10","False","FD at -113, DK at -105, ESPN at -115","795959473","76d258d71c3a2f5a4f5343023d54b6ec","2026-03-01 01:40:00+00:00","player_rebounds","True","Void","DNP or no data","2026-03-01T16:11:21.980282+00:00",""
"2026-02-28T19:04:50.713310-05:00","GSW Warriors vs LAL Lakers (8:40 PM EST)","Austin Reaves","Threes","Under","2.5","-160","BetMGM","3.07","80.0","10","False","FD at -205, DK at -185, ESPN at -195","17553995","76d258d71c3a2f5a4f5343023d54b6ec","2026-03-01 01:40:00+00:00","player_threes","True","Win","2","2026-03-02T17:30:45.751297+00:00"," | Re-graded: stat found on retry"
"2026-02-28T19:04:57.518088-05:00","GSW Warriors vs LAL Lakers (8:40 PM EST)","Moses Moody","Points Q1","Over","3.5","100","HardRockBet","5.63","","10","False","FD at -130, ESPN at -120","17553992","76d258d71c3a2f5a4f5343023d54b6ec","2026-03-01 01:40:00+00:00","player_points_q1","True","Void","DNP or no data","2026-03-01T16:11:21.980282+00:00",""
"2026-02-28T19:05:05.988557-05:00","UTA Jazz vs NOP Pelicans (9:40 PM EST)","Isaiah Collier","Rebounds","Under","2.5","110","BetRivers","2.82","60.0","10","False","FD at -108, DK at -109, ESPN at -110","1028025362","3c0d0af7a9235156f96a3fcae942d550","2026-03-01 02:40:00+00:00","player_rebounds","True","Void","DNP or no data","2026-03-01T16:11:21.980282+00:00",""
"2026-02-28T19:11:21.544607-05:00","GSW Warriors vs LAL Lakers (8:40 PM EST)","Draymond Green","Points","Over","8.5","-105","BetMGM","3.27","50.0","10","False","FD at -128, DK at -116, ESPN at -125","185","76d258d71c3a2f5a4f5343023d54b6ec","2026-03-01 01:40:00+00:00","player_points","True","Void","DNP or no data","2026-03-01T16:11:21.980282+00:00",""
"2026-02-28T19:11:23.654455-05:00","GSW Warriors vs LAL Lakers (8:40 PM EST)","Draymond Green","Points","Over","8.5","-105","HardRockBet","3.27","50.0","10","False","FD at -128, DK at -116, ESPN at -125","185","76d258d71c3a2f5a4f5343023d54b6ec","2026-03-01 01:40:00+00:00","player_points","True","Void","DNP or no data","2026-03-01T16:11:21.980282+00:00",""
"2026-02-28T19:20:53.189966-05:00","GSW Warriors vs LAL Lakers (8:40 PM EST)","Draymond Green","Points Rebounds Assists","Over","19.5","106","BetParx","2.14","40.0","10","False","FD at -111, DK at -114, ESPN at -115","185","76d258d71c3a2f5a4f5343023d54b6ec","2026-03-01 01:40:00+00:00","player_points_rebounds_assists","True","Void","DNP or no data","2026-03-01T16:11:21.980282+00:00",""
"2026-02-28T19:27:05.171629-05:00","GSW Warriors vs LAL Lakers (8:40 PM EST)","Draymond Green","Points Rebounds Assists","Over","19.5","105","BetRivers","2.5","40.0","10","False","FD at -113, DK at -114, ESPN at -115","185","76d258d71c3a2f5a4f5343023d54b6ec","2026-03-01 01:40:00+00:00","player_points_rebounds_assists","True","Void","DNP or no data","2026-03-01T16:11:21.980282+00:00",""
"2026-02-28T19:27:06.919009-05:00","GSW Warriors vs LAL Lakers (8:40 PM EST)","Draymond Green","Points Rebounds Assists","Over","19.5","105","BallyBet","2.5","40.0","10","False","FD at -113, DK at -114, ESPN at -115","185","76d258d71c3a2f5a4f5343023d54b6ec","2026-03-01 01:40:00+00:00","player_points_rebounds_assists","True","Void","DNP or no data","2026-03-01T16:11:21.980282+00:00",""
"2026-02-28T19:33:42.761560-05:00","GSW Warriors vs LAL Lakers (8:40 PM EST)","Al Horford","Threes","Under","1.5","110","BetMGM","4.13","60.0","10","False","FD at -111, DK at -102, ESPN at -105","219","76d258d71c3a2f5a4f5343023d54b6ec","2026-03-01 01:40:00+00:00","player_threes","True","Void","DNP or no data","2026-03-01T16:11:21.980282+00:00",""
"2026-02-28T19:43:08.300928-05:00","UTA Jazz vs NOP Pelicans (9:40 PM EST)","Isaiah Collier","Rebounds","Under","2.5","110","BetParx","2.82","60.0","10","False","FD at -108, DK at -113, ESPN at -110","1028025362","3c0d0af7a9235156f96a3fcae942d550","2026-03-01 02:40:00+00:00","player_rebounds","True","Void","DNP or no data","2026-03-01T16:11:21.980282+00:00",""
"2026-02-28T19:46:15.815950-05:00","GSW Warriors vs LAL Lakers (8:40 PM EST)","Pat Spencer","Rebounds","Under","2.5","104","BetRivers","2.0","50.0","10","False","FD at -113, DK at -105, ESPN at -115","795959473","76d258d71c3a2f5a4f5343023d54b6ec","2026-03-01 01:40:00+00:00","player_rebounds","True","Void","DNP or no data","2026-03-01T16:11:21.980282+00:00",""
"2026-02-28T19:49:32.059690-05:00","UTA Jazz vs NOP Pelicans (9:40 PM EST)","Isaiah Collier","Points","Under","12.5","-105","BetRivers","3.27","20.0","10","False","FD at -128, DK at -119, ESPN at -125","1028025362","3c0d0af7a9235156f96a3fcae942d550","2026-03-01 02:40:00+00:00","player_points","True","Void","DNP or no data","2026-03-01T16:11:21.980282+00:00",""
"2026-02-28T19:49:34.021617-05:00","UTA Jazz vs NOP Pelicans (9:40 PM EST)","Isaiah Collier","Points","Under","12.5","-104","BetParx","3.75","20.0","10","False","FD at -128, DK at -119, ESPN at -125","1028025362","3c0d0af7a9235156f96a3fcae942d550","2026-03-01 02:40:00+00:00","player_points","True","Void","DNP or no data","2026-03-01T16:11:21.980282+00:00",""
"2026-02-28T19:52:36.704827-05:00","GSW Warriors vs LAL Lakers (8:40 PM EST)","Austin Reaves","Threes","Under","2.5","-165","HardRockBet","2.73","80.0","10","False","FD at -210, DK at -185, ESPN at -195","17553995","76d258d71c3a2f5a4f5343023d54b6ec","2026-03-01 01:40:00+00:00","player_threes","True","Win","2","2026-03-02T17:30:45.751297+00:00"," | Re-graded: stat found on retry"
"2026-02-28T19:55:55.807932-05:00","DEN Nuggets vs MIN Timberwolves (3:40 PM EST)","Tim Hardaway Jr","Points","Over","11.5","100","HardRockBet","3.83","70.0","10","True","FD at -125, DK at -122","191","25a45928a3d4b8a0d492283f6f434421","2026-03-01 20:40:00+00:00","player_points","True","Win","17","2026-03-02T02:41:09.448954+00:00",""
"2026-02-28T20:14:53.395733-05:00","GSW Warriors vs LAL Lakers (8:40 PM EST)","De'Anthony Melton","Points","Over","16.5","-103","BetParx","2.24","60.0","10","False","FD at -122, DK at -122, ESPN at -115, Pinnacle at -123","313","76d258d71c3a2f5a4f5343023d54b6ec","2026-03-01 01:40:00+00:00","player_points","True","Void","DNP or no data","2026-03-01T16:11:21.980282+00:00",""
"2026-02-28T20:14:55.988352-05:00","GSW Warriors vs LAL Lakers (8:40 PM EST)","Moses Moody","Points","Over","14.5","108","BetParx","2.46","50.0","10","False","FD at -108, DK at -101, ESPN at -110, Pinnacle at -124","17553992","76d258d71c3a2f5a4f5343023d54b6ec","2026-03-01 01:40:00+00:00","player_points","True","Void","DNP or no data","2026-03-01T16:11:21.980282+00:00",""
"2026-02-28T20:15:03.798947-05:00","GSW Warriors vs LAL Lakers (8:40 PM EST)","Brandin Podziemski","Points Rebounds Assists","Under","26.5","106","BetParx","3.0","60.0","10","False","FD at -113, ESPN at -115","56677858","76d258d71c3a2f5a4f5343023d54b6ec","2026-03-01 01:40:00+00:00","player_points_rebounds_assists","True","Void","DNP or no data","2026-03-01T16:11:21.980282+00:00",""
"2026-02-28T20:21:30.408059-05:00","UTA Jazz vs NOP Pelicans (9:40 PM EST)","Saddiq Bey","Rebounds Assists","Under","8.5","-110","BetMGM","3.62","50.0","10","False","FD at -136, DK at -126, ESPN at -125","3547256","3c0d0af7a9235156f96a3fcae942d550","2026-03-01 02:40:00+00:00","player_rebounds_assists","True","Win","8","2026-03-02T17:30:45.751297+00:00"," | Re-graded: stat found on retry"
"2026-02-28T20:21:32.706025-05:00","UTA Jazz vs NOP Pelicans (9:40 PM EST)","Saddiq Bey","Rebounds Assists","Under","8.5","-110","HardRockBet","3.62","50.0","10","False","FD at -136, DK at -126, ESPN at -125","3547256","3c0d0af7a9235156f96a3fcae942d550","2026-03-01 02:40:00+00:00","player_rebounds_assists","True","Win","8","2026-03-02T17:30:45.751297+00:00"," | Re-graded: stat found on retry"
"2026-02-28T20:37:27.084752-05:00","GSW Warriors vs LAL Lakers (8:40 PM EST)","Brandin Podziemski","Rebounds Assists","Over","10.5","100","HardRockBet","9.34","50.0","10","False","FD at -138, DK at -125, ESPN at -125","56677858","76d258d71c3a2f5a4f5343023d54b6ec","2026-03-01 01:40:00+00:00","player_rebounds_assists","True","Void","DNP or no data","2026-03-01T16:11:21.980282+00:00",""
"2026-02-28T20:43:45.716372-05:00","UTA Jazz vs NOP Pelicans (9:40 PM EST)","Yves Missi","Rebounds","Under","5.5","100","BetMGM","3.75","40.0","10","False","FD at -122, DK at -113, ESPN at -115","1028027567","3c0d0af7a9235156f96a3fcae942d550","2026-03-01 02:40:00+00:00","player_rebounds","True","Loss","8","2026-03-02T17:30:45.751297+00:00"," | Re-graded: stat found on retry"
"2026-02-28T20:47:02.348110-05:00","DEN Nuggets vs MIN Timberwolves (3:40 PM EST)","Julius Randle","Threes","Under","1.5","-120","HardRockBet","4.82","80.0","10","True","FD at -158, DK at -149","387","25a45928a3d4b8a0d492283f6f434421","2026-03-01 20:40:00+00:00","player_threes","True","Win","1","2026-03-02T02:41:09.448954+00:00",""
"2026-02-28T20:59:39.020992-05:00","DEN Nuggets vs MIN Timberwolves (3:40 PM EST)","Jaden McDaniels","Threes","Under","1.5","-140","HardRockBet","4.14","60.0","10","False","FD at -186, DK at -178","3547259","25a45928a3d4b8a0d492283f6f434421","2026-03-01 20:40:00+00:00","player_threes","True","Win","0","2026-03-02T17:30:45.751297+00:00","No game log found (possible DNP or API delay) | Re-graded: stat found on retry"
"2026-02-28T21:06:07.525596-05:00","UTA Jazz vs NOP Pelicans (9:40 PM EST)","DeAndre Jordan","Points","Under","4.5","-120","FanDuel","5.51","40.0","5","False","ESPN at -170, DK at -146","250","3c0d0af7a9235156f96a3fcae942d550","2026-03-01 02:40:00+00:00","player_points","True","Win","2","2026-03-02T17:30:45.751297+00:00"," | Re-graded: stat found on retry"
"2026-02-28T21:06:09.845989-05:00","UTA Jazz vs NOP Pelicans (9:40 PM EST)","DeAndre Jordan","Rebounds","Over","6.5","110","theScore","5.0","60.0","5","False","FD at -113, DK at -113, ESPN at 110","250","3c0d0af7a9235156f96a3fcae942d550","2026-03-01 02:40:00+00:00","player_rebounds","True","Loss","2","2026-03-02T17:30:45.751297+00:00"," | Re-graded: stat found on retry"
"2026-02-28T21:06:13.597495-05:00","UTA Jazz vs NOP Pelicans (9:40 PM EST)","Saddiq Bey","Rebounds Assists","Under","8.5","-104","DraftKings","4.57","50.0","10","False","FD at -130, DK at -104, ESPN at -125","3547256","3c0d0af7a9235156f96a3fcae942d550","2026-03-01 02:40:00+00:00","player_rebounds_assists","True","Win","8","2026-03-02T17:30:45.751297+00:00"," | Re-graded: stat found on retry"
"2026-02-28T21:09:29.705221-05:00","UTA Jazz vs NOP Pelicans (9:40 PM EST)","Saddiq Bey","Rebounds","Under","5.5","100","HardRockBet","5.79","50.0","10","False","FD at -128, DK at -116","3547256","3c0d0af7a9235156f96a3fcae942d550","2026-03-01 02:40:00+00:00","player_rebounds","True","Loss","6","2026-03-02T17:30:45.751297+00:00"," | Re-graded: stat found on retry"
"2026-02-28T21:09:35.632582-05:00","UTA Jazz vs NOP Pelicans (9:40 PM EST)","Isaiah Collier","Assists","Over","7.5","-111","DraftKings","3.18","60.0","10","False","FD at -136, DK at -111, Pinnacle at -138","1028025362","3c0d0af7a9235156f96a3fcae942d550","2026-03-01 02:40:00+00:00","player_assists","True","Void","DNP or no data","2026-03-01T16:11:21.980282+00:00",""
"2026-02-28T21:19:23.605136-05:00","UTA Jazz vs NOP Pelicans (9:40 PM EST)","Jordan Poole","Points","Over","13.5","-102","FanDuel","4.43","20.0","10","False","ESPN at -125, Pinnacle at -133","666848","3c0d0af7a9235156f96a3fcae942d550","2026-03-01 02:40:00+00:00","player_points","True","Void","DNP or no data","2026-03-01T16:11:21.980282+00:00",""
"2026-02-28T21:22:46.706312-05:00","UTA Jazz vs NOP Pelicans (9:40 PM EST)","Jeremiah Fears","Rebounds Assists","Over","7.5","-105","HardRockBet","3.27","40.0","10","False","FD at -128, DK at -121, ESPN at -110","1057267077","3c0d0af7a9235156f96a3fcae942d550","2026-03-01 02:40:00+00:00","player_rebounds_assists","True","Loss","7","2026-03-02T17:30:45.751297+00:00"," | Re-graded: stat found on retry"
"2026-02-28T21:22:53.488314-05:00","NYK Knicks vs SAS Spurs (1:10 PM EST)","Mikal Bridges","Assists","Over","3.5","108","DraftKings","2.74","50.0","10","False","FD at -112, DK at 108, ESPN at -105","61","bb4195b038cce802d282f17ff4ca7471","2026-03-01 18:10:00+00:00","player_assists","True","Loss","2","2026-03-02T00:11:33.961506+00:00",""
"2026-02-28T21:26:06.464807-05:00","UTA Jazz vs NOP Pelicans (9:40 PM EST)","Zion Williamson","Points Assists","Over","29.5","110","BetMGM","3.73","20.0","10","False","FD at -112, DK at -107","666969","3c0d0af7a9235156f96a3fcae942d550","2026-03-01 02:40:00+00:00","player_points_assists","True","Void","DNP or no data","2026-03-01T16:11:21.980282+00:00",""
"2026-02-28T21:29:25.893713-05:00","UTA Jazz vs NOP Pelicans (9:40 PM EST)","John Konchar","Rebounds","Under","4.5","-105","HardRockBet","3.27","50.0","10","False","FD at -128, DK at -122, ESPN at -120","666703","3c0d0af7a9235156f96a3fcae942d550","2026-03-01 02:40:00+00:00","player_rebounds","True","Void","DNP or no data","2026-03-01T16:11:21.980282+00:00",""
"2026-02-28T21:39:25.009708-05:00","ORL Magic vs DET Pistons (6:10 PM EST)","Desmond Bane","Threes","Under","2.5","-135","HardRockBet","2.78","50.0","10","False","FD at -172, DK at -172","3547287","4d40482f62b199752b8b264572ff8460","2026-03-01 23:10:00+00:00","player_threes","True","Win","1","2026-03-02T05:12:02.081226+00:00",""
"2026-02-28T21:48:37.827859-05:00","NYK Knicks vs SAS Spurs (1:10 PM EST)","Karl-Anthony Towns","Points Rebounds Assists","Under","31.5","-105","HardRockBet","3.12","30.0","10","False","FD at -130, ESPN at -120","447","bb4195b038cce802d282f17ff4ca7471","2026-03-01 18:10:00+00:00","player_points_rebounds_assists","True","Win","27","2026-03-02T00:11:33.961506+00:00",""
"2026-02-28T22:23:02.175216-05:00","BOS Celtics vs PHI 76ers (6:10 PM EST)","Kelly Oubre Jr","Points Assists","Under","17.5","100","HardRockBet","3.83","30.0","10","False","FD at -125, DK at -129","360","7129ee2856df2237632c277ccbc657f7","2026-03-01 23:10:00+00:00","player_points_assists","True","Win","6","2026-03-02T17:30:45.751297+00:00","No game log found (possible DNP or API delay) | Re-graded: stat found on retry"
"2026-02-28T22:23:09.205130-05:00","ORL Magic vs DET Pistons (6:10 PM EST)","Ausar Thompson","Points","Under","9.5","105","HardRockBet","2.5","50.0","10","False","FD at -114, DK at -112, ESPN at -115","56677826","4d40482f62b199752b8b264572ff8460","2026-03-01 23:10:00+00:00","player_points","True","Win","9","2026-03-02T17:30:45.751297+00:00","No game log found (possible DNP or API delay) | Re-graded: stat found on retry"
"2026-03-01T08:03:01.632667-05:00","NYK Knicks vs SAS Spurs (1:10 PM EST)","Julian Champagnie","Rebounds","Over","4.5","-112","BetParx","1.82","50.0","10","False","FD at -136, DK at -129, ESPN at -140","38017649","bb4195b038cce802d282f17ff4ca7471","2026-03-01T18:10:00+00:00","player_rebounds","True","Loss","4","2026-03-02T00:11:33.961506+00:00",""
"2026-03-01T08:03:03.827701-05:00","NYK Knicks vs SAS Spurs (1:10 PM EST)","Julian Champagnie","Rebounds","Over","4.5","-112","BallyBet","1.82","50.0","10","False","FD at -136, DK at -129, ESPN at -140","38017649","bb4195b038cce802d282f17ff4ca7471","2026-03-01T18:10:00+00:00","player_rebounds","True","Loss","4","2026-03-02T00:11:33.961506+00:00",""
"2026-03-01T08:03:12.457051-05:00","BKN Nets vs CLE Cavaliers (3:40 PM EST)","Evan Mobley","Rebounds","Under","7.5","-105","BetRivers","3.92","50.0","10","False","FD at -132, DK at -123, ESPN at -130","17896076","ab2357087428a9fee8c8a747eed1fced","2026-03-01T20:40:00+00:00","player_rebounds","True","Loss","13","2026-03-02T17:30:45.751297+00:00","No game log found (possible DNP or API delay) | Re-graded: stat found on retry"
"2026-03-01T08:03:15.026499-05:00","BKN Nets vs CLE Cavaliers (3:40 PM EST)","Jarrett Allen","Rebounds","Under","10.5","-104","BetRivers","1.83","50.0","10","False","FD at -125, DK at -127, ESPN at -130","9","ab2357087428a9fee8c8a747eed1fced","2026-03-01T20:40:00+00:00","player_rebounds","True","Win","6","2026-03-02T17:30:45.751297+00:00","No game log found (possible DNP or API delay) | Re-graded: stat found on retry"
"2026-03-01T08:03:17.168153-05:00","BKN Nets vs CLE Cavaliers (3:40 PM EST)","Jarrett Allen","Rebounds","Under","10.5","100","BetParx","3.83","50.0","10","False","FD at -125, DK at -127, ESPN at -130","9","ab2357087428a9fee8c8a747eed1fced","2026-03-01T20:40:00+00:00","player_rebounds","True","Win","6","2026-03-02T17:30:45.751297+00:00","No game log found (possible DNP or API delay) | Re-graded: stat found on retry"
"2026-03-01T08:03:19.015267-05:00","BKN Nets vs CLE Cavaliers (3:40 PM EST)","Evan Mobley","Rebounds","Under","7.5","-103","BetParx","4.9","50.0","10","False","FD at -132, DK at -123, ESPN at -130","17896076","ab2357087428a9fee8c8a747eed1fced","2026-03-01T20:40:00+00:00","player_rebounds","True","Loss","13","2026-03-02T17:30:45.751297+00:00","No game log found (possible DNP or API delay) | Re-graded: stat found on retry"
"2026-03-01T08:03:26.830414-05:00","BKN Nets vs CLE Cavaliers (3:40 PM EST)","Evan Mobley","Rebounds Assists","Under","10.5","100","HardRockBet","2.84","40.0","10","False","FD at -122, DK at -117, ESPN at -110","17896076","ab2357087428a9fee8c8a747eed1fced","2026-03-01T20:40:00+00:00","player_rebounds_assists","True","Loss","15","2026-03-02T17:30:45.751297+00:00","No game log found (possible DNP or API delay) | Re-graded: stat found on retry"
"2026-03-01T08:03:39.051894-05:00","CHI Bulls vs MIL Bucks (3:40 PM EST)","Ryan Rollins","Threes","Under","2.5","104","FanDuel","4.06","40.0","10","False","ESPN at -120, DK at -120","38017712","cc2edd23c90efdc9ac05b2dda6db0710","2026-03-01T20:40:00+00:00","player_threes","True","Win","1","2026-03-02T02:41:09.448954+00:00",""
"2026-03-01T08:03:47.991569-05:00","DEN Nuggets vs MIN Timberwolves (3:40 PM EST)","Jaden McDaniels","Rebounds Assists","Under","7.5","100","HardRockBet","2.02","40.0","10","False","FD at -120, DK at -119, ESPN at -120","3547259","25a45928a3d4b8a0d492283f6f434421","2026-03-01T20:40:00+00:00","player_rebounds_assists","True","Win","4","2026-03-02T17:30:45.751297+00:00","No game log found (possible DNP or API delay) | Re-graded: stat found on retry"
"2026-03-01T08:03:52.945072-05:00","DEN Nuggets vs MIN Timberwolves (3:40 PM EST)","Jaden McDaniels","Threes","Under","1.5","-140","HardRockBet","4.14","60.0","10","False","FD at -186, DK at -183, ESPN at -180","3547259","25a45928a3d4b8a0d492283f6f434421","2026-03-01T20:40:00+00:00","player_threes","True","Win","0","2026-03-02T17:30:45.751297+00:00","No game log found (possible DNP or API delay) | Re-graded: stat found on retry"
"2026-03-01T08:04:09.193652-05:00","ATL Hawks vs POR Blazers (6:10 PM EST)","Onyeka Okongwu","Assists","Over","2.5","-110","HardRockBet","4.2","50.0","10","False","FD at -140, DK at -118, ESPN at -145","3547244","36b7acd903108abf04b18bf6449f45b3","2026-03-01T23:10:00+00:00","player_assists","True","Win","6","2026-03-02T17:30:45.751297+00:00","No game log found (possible DNP or API delay) | Re-graded: stat found on retry"
"2026-03-01T08:04:10.876230-05:00","ATL Hawks vs POR Blazers (6:10 PM EST)","Scoot Henderson","Assists","Over","4.5","100","HardRockBet","4.82","44.44","9","False","FD at -128, DK at -128, ESPN at -125","56677747","36b7acd903108abf04b18bf6449f45b3","2026-03-01T23:10:00+00:00","player_assists","True","Loss","3","2026-03-02T17:30:45.751297+00:00","No game log found (possible DNP or API delay) | Re-graded: stat found on retry"
"2026-03-01T08:04:30.699356-05:00","BOS Celtics vs PHI 76ers (6:10 PM EST)","Quentin Grimes","Points Assists","Under","14.5","-104","DraftKings","3.6","60.0","10","False","FD at -130, DK at -104, ESPN at -120","17895858","7129ee2856df2237632c277ccbc657f7","2026-03-01T23:10:00+00:00","player_points_assists","True","Win","7","2026-03-02T17:30:45.751297+00:00","No game log found (possible DNP or API delay) | Re-graded: stat found on retry"
"2026-03-01T08:04:45.202327-05:00","ORL Magic vs DET Pistons (6:10 PM EST)","Moe Wagner","Points","Over","7.5","100","DraftKings","2.84","70.0","10","False","FD at -122, DK at 100, ESPN at -120","462","4d40482f62b199752b8b264572ff8460","2026-03-01T23:10:00+00:00","player_points","True","Win","9","2026-03-02T05:12:02.081226+00:00",""
"2026-03-01T08:05:15.195096-05:00","LAC Clippers vs NOP Pelicans (9:10 PM EST)","Saddiq Bey","Threes","Under","2.5","-130","HardRockBet","3.72","40.0","10","False","FD at -168, DK at -158, ESPN at -160","3547256","7ef96743c87da2d41e5269fb5d3ac078","2026-03-02T02:10:00+00:00","player_threes","True","Void","DNP or no data","2026-03-02T08:12:37.983154+00:00","No game log found (possible DNP or API delay)"
"2026-03-01T08:05:25.372943-05:00","LAL Lakers vs SAC Kings (9:40 PM EST)","DeMar DeRozan","Assists","Under","3.5","-120","HardRockBet","8.83","40.0","10","False","FD at -174, DK at -148, ESPN at -165","125","517d3f658ed7692ebe7eaea81aa3c1ef","2026-03-02T02:40:00+00:00","player_assists","True","Void","DNP or no data","2026-03-02T08:42:40.832631+00:00","No game log found (possible DNP or API delay)"
"2026-03-01T08:15:26.851590-05:00","IND Pacers vs MEM Grizzlies (5:10 PM EST)","Andrew Nembhard","Rebounds","Under","2.5","104","DraftKings","2.0","50.0","10","False","FD at -114, DK at 104, ESPN at -115","38017507","1ac567e2d0cf71fd4c1de0ff58cb9a0a","2026-03-01T22:10:00+00:00","player_rebounds","True","Void","DNP or no data","2026-03-02T04:11:48.729844+00:00","No game log found (possible DNP or API delay)"
"2026-03-01T08:15:46.535046-05:00","BOS Celtics vs PHI 76ers (6:10 PM EST)","Derrick White","Rebounds","Under","4.5","-120","HardRockBet","3.3","60.0","10","False","FD at -152, DK at -162, ESPN at -145","473","7129ee2856df2237632c277ccbc657f7","2026-03-01T23:10:00+00:00","player_rebounds","True","Loss","6","2026-03-02T17:30:45.751297+00:00","No game log found (possible DNP or API delay) | Re-graded: stat found on retry"
"2026-03-01T08:15:53.576958-05:00","BOS Celtics vs PHI 76ers (6:10 PM EST)","VJ Edgecombe","Assists","Over","3.5","-105","HardRockBet","2.32","30.0","10","False","FD at -128, DK at -133, ESPN at -125","1057261935","7129ee2856df2237632c277ccbc657f7","2026-03-01T23:10:00+00:00","player_assists","True","Loss","3","2026-03-02T17:30:45.751297+00:00","No game log found (possible DNP or API delay) | Re-graded: stat found on retry"
"2026-03-01T08:16:05.037625-05:00","BOS Celtics vs PHI 76ers (6:10 PM EST)","Quentin Grimes","Threes","Under","1.5","105","HardRockBet","2.5","40.0","10","False","FD at -114, DK at -125, ESPN at -115","17895858","7129ee2856df2237632c277ccbc657f7","2026-03-01T23:10:00+00:00","player_threes","True","Win","1","2026-03-02T17:30:45.751297+00:00","No game log found (possible DNP or API delay) | Re-graded: stat found on retry"
"2026-03-01T08:19:49.690208-05:00","BKN Nets vs CLE Cavaliers (3:40 PM EST)","Evan Mobley","Rebounds","Under","7.5","-105","BetMGM","3.92","50.0","10","False","FD at -132, DK at -118, ESPN at -130","17896076","ab2357087428a9fee8c8a747eed1fced","2026-03-01T20:40:00+00:00","player_rebounds","True","Loss","13","2026-03-02T17:30:45.751297+00:00","No game log found (possible DNP or API delay) | Re-graded: stat found on retry"
"2026-03-01T08:19:51.615624-05:00","BKN Nets vs CLE Cavaliers (3:40 PM EST)","Jarrett Allen","Assists","Over","1.5","-118","BetMGM","2.5","40.0","10","False","FD at -146, DK at -145, ESPN at -145","9","ab2357087428a9fee8c8a747eed1fced","2026-03-01T20:40:00+00:00","player_assists","True","Loss","1","2026-03-02T17:30:45.751297+00:00","No game log found (possible DNP or API delay) | Re-graded: stat found on retry"
"2026-03-01T08:19:53.725508-05:00","BKN Nets vs CLE Cavaliers (3:40 PM EST)","James Harden","Assists","Over","8.5","105","BetMGM","3.74","50.0","10","False","FD at -118, DK at -112, ESPN at -105","192","ab2357087428a9fee8c8a747eed1fced","2026-03-01T20:40:00+00:00","player_assists","True","Loss","8","2026-03-02T02:41:09.448954+00:00",""
"2026-03-01T08:19:59.195587-05:00","DEN Nuggets vs MIN Timberwolves (3:40 PM EST)","Jaden McDaniels","Rebounds Assists","Under","7.5","100","BetMGM","2.02","40.0","10","False","FD at -120, DK at -119, ESPN at -120","3547259","25a45928a3d4b8a0d492283f6f434421","2026-03-01T20:40:00+00:00","player_rebounds_assists","True","Win","4","2026-03-02T17:30:45.751297+00:00","No game log found (possible DNP or API delay) | Re-graded: stat found on retry"
"2026-03-01T08:20:02.891866-05:00","DEN Nuggets vs MIN Timberwolves (3:40 PM EST)","Jaden McDaniels","Threes","Under","1.5","-135","BetMGM","5.75","60.0","10","False","FD at -186, DK at -175, ESPN at -180","3547259","25a45928a3d4b8a0d492283f6f434421","2026-03-01T20:40:00+00:00","player_threes","True","Win","0","2026-03-02T17:30:45.751297+00:00","No game log found (possible DNP or API delay) | Re-graded: stat found on retry"
"2026-03-01T08:20:07.660229-05:00","BOS Celtics vs PHI 76ers (6:10 PM EST)","Derrick White","Rebounds","Under","4.5","-118","BetMGM","4.1","60.0","10","False","FD at -152, DK at -162, ESPN at -145","473","7129ee2856df2237632c277ccbc657f7","2026-03-01T23:10:00+00:00","player_rebounds","True","Loss","6","2026-03-02T17:30:45.751297+00:00","No game log found (possible DNP or API delay) | Re-graded: stat found on retry"
"2026-03-01T08:23:17.933909-05:00","BOS Celtics vs PHI 76ers (6:10 PM EST)","VJ Edgecombe","Assists","Over","3.5","100","BetMGM","4.82","30.0","10","False","FD at -128, DK at -133, ESPN at -125","1057261935","7129ee2856df2237632c277ccbc657f7","2026-03-01T23:10:00+00:00","player_assists","True","Loss","3","2026-03-02T17:30:45.751297+00:00","No game log found (possible DNP or API delay) | Re-graded: stat found on retry"
"2026-03-01T08:23:19.420331-05:00","BOS Celtics vs PHI 76ers (6:10 PM EST)","Quentin Grimes","Threes","Under","1.5","110","BetMGM","5.0","40.0","10","False","FD at -114, DK at -112, ESPN at -110","17895858","7129ee2856df2237632c277ccbc657f7","2026-03-01T23:10:00+00:00","player_threes","True","Win","1","2026-03-02T17:30:45.751297+00:00","No game log found (possible DNP or API delay) | Re-graded: stat found on retry"
"2026-03-01T08:23:24.771711-05:00","ORL Magic vs DET Pistons (6:10 PM EST)","Cade Cunningham","Assists","Under","10.5","-103","BetParx","2.32","70.0","10","False","FD at -125, DK at -128, ESPN at -110","17896075","4d40482f62b199752b8b264572ff8460","2026-03-01T23:10:00+00:00","player_assists","True","Loss","11","2026-03-02T17:30:45.751297+00:00","No game log found (possible DNP or API delay) | Re-graded: stat found on retry"
"2026-03-01T08:23:27.392547-05:00","ORL Magic vs DET Pistons (6:10 PM EST)","Cade Cunningham","Assists","Under","10.5","-104","BetRivers","1.83","70.0","10","False","FD at -125, DK at -128, ESPN at -110","17896075","4d40482f62b199752b8b264572ff8460","2026-03-01T23:10:00+00:00","player_assists","True","Loss","11","2026-03-02T17:30:45.751297+00:00","No game log found (possible DNP or API delay) | Re-graded: stat found on retry"
"2026-03-01T08:31:39.361475-05:00","LAL Lakers vs SAC Kings (9:40 PM EST)","Austin Reaves","Assists","Over","4.5","110","theScore","2.87","30.0","10","False","FD at -110, DK at -104, ESPN at 110","17553995","517d3f658ed7692ebe7eaea81aa3c1ef","2026-03-02T02:40:00+00:00","player_assists","True","Void","DNP or no data","2026-03-02T08:42:40.832631+00:00","No game log found (possible DNP or API delay)"
"2026-03-01T08:42:43.651071-05:00","ATL Hawks vs POR Blazers (6:10 PM EST)","Onyeka Okongwu","Assists","Over","2.5","-110","BetMGM","4.2","50.0","10","False","FD at -140, DK at -130, ESPN at -145","3547244","36b7acd903108abf04b18bf6449f45b3","2026-03-01T23:10:00+00:00","player_assists","True","Win","6","2026-03-02T17:30:45.751297+00:00","No game log found (possible DNP or API delay) | Re-graded: stat found on retry"
"2026-03-01T08:42:45.307998-05:00","ATL Hawks vs POR Blazers (6:10 PM EST)","Scoot Henderson","Assists","Over","4.5","105","BetMGM","7.44","44.44","9","False","FD at -128, DK at -128, ESPN at -120","56677747","36b7acd903108abf04b18bf6449f45b3","2026-03-01T23:10:00+00:00","player_assists","True","Loss","3","2026-03-02T17:30:45.751297+00:00","No game log found (possible DNP or API delay) | Re-graded: stat found on retry"
"2026-03-01T08:42:47.228524-05:00","DAL Mavericks vs OKC Thunder (8:10 PM EST)","Max Christie","Rebounds","Under","3.5","-105","BetMGM","2.32","80.0","10","False","FD at -128, DK at -128, ESPN at -125","38017697","3d268484ec4724f35d87620826643242","2026-03-02T01:10:00+00:00","player_rebounds","True","Void","DNP or no data","2026-03-02T07:12:24.876874+00:00","No game log found (possible DNP or API delay)"
"2026-03-01T08:42:49.635492-05:00","LAC Clippers vs NOP Pelicans (9:10 PM EST)","Saddiq Bey","Threes","Under","2.5","-130","BetMGM","3.72","40.0","10","False","FD at -168, DK at -158, ESPN at -160","3547256","7ef96743c87da2d41e5269fb5d3ac078","2026-03-02T02:10:00+00:00","player_threes","True","Void","DNP or no data","2026-03-02T08:12:37.983154+00:00","No game log found (possible DNP or API delay)"
"2026-03-01T08:42:55.076887-05:00","LAL Lakers vs SAC Kings (9:40 PM EST)","DeMar DeRozan","Assists","Under","3.5","-118","BetMGM","9.66","40.0","10","False","FD at -174, DK at -148, ESPN at -150","125","517d3f658ed7692ebe7eaea81aa3c1ef","2026-03-02T02:40:00+00:00","player_assists","True","Void","DNP or no data","2026-03-02T08:42:40.832631+00:00","No game log found (possible DNP or API delay)"
"2026-03-01T08:46:05.432999-05:00","LAL Lakers vs SAC Kings (9:40 PM EST)","Marcus Smart","Threes","Under","1.5","-145","BetMGM","2.0","60.0","10","False","FD at -182, DK at -180, ESPN at -180","420","517d3f658ed7692ebe7eaea81aa3c1ef","2026-03-02T02:40:00+00:00","player_threes","True","Void","DNP or no data","2026-03-02T08:42:40.832631+00:00","No game log found (possible DNP or API delay)"
"2026-03-01T08:50:45.173625-05:00","LAL Lakers vs SAC Kings (9:40 PM EST)","LeBron James","Rebounds Assists","Over","12.5","105","HardRockBet","10.27","60.0","10","False","FD at -136, DK at -127, ESPN at -125","237","517d3f658ed7692ebe7eaea81aa3c1ef","2026-03-02T02:40:00+00:00","player_rebounds_assists","True","Void","DNP or no data","2026-03-02T08:42:40.832631+00:00","No game log found (possible DNP or API delay)"
"2026-03-01T08:57:05.293268-05:00","IND Pacers vs MEM Grizzlies (5:10 PM EST)","Jarace Walker","Assists","Over","3.5","110","BetMGM","5.0","50.0","10","False","FD at -114, DK at 105, ESPN at -105","56677832","1ac567e2d0cf71fd4c1de0ff58cb9a0a","2026-03-01T22:10:00+00:00","player_assists","True","Loss","2","2026-03-02T17:30:45.751297+00:00","No game log found (possible DNP or API delay) | Re-graded: stat found on retry"
"2026-03-01T08:57:07.700114-05:00","IND Pacers vs MEM Grizzlies (5:10 PM EST)","Andrew Nembhard","Assists","Under","7.5","-120","BetMGM","3.3","40.0","10","False","FD at -152, DK at -142, ESPN at -130","38017507","1ac567e2d0cf71fd4c1de0ff58cb9a0a","2026-03-01T22:10:00+00:00","player_assists","True","Void","DNP or no data","2026-03-02T04:11:48.729844+00:00","No game log found (possible DNP or API delay)"
"2026-03-01T09:00:34.640189-05:00","BKN Nets vs CLE Cavaliers (3:40 PM EST)","Nicolas Claxton","Rebounds Assists","Under","10.5","-110","HardRockBet","3.45","60.0","10","False","FD at -138, DK at -145, ESPN at -145","666508","ab2357087428a9fee8c8a747eed1fced","2026-03-01T20:40:00+00:00","player_rebounds_assists","True","Void","DNP or no data","2026-03-02T02:41:09.448954+00:00","No game log found (possible DNP or API delay)"
"2026-03-01T09:00:36.450656-05:00","BKN Nets vs CLE Cavaliers (3:40 PM EST)","Nicolas Claxton","Rebounds Assists","Under","10.5","-110","BetMGM","3.45","60.0","10","False","FD at -138, DK at -145, ESPN at -145","666508","ab2357087428a9fee8c8a747eed1fced","2026-03-01T20:40:00+00:00","player_rebounds_assists","True","Void","DNP or no data","2026-03-02T02:41:09.448954+00:00","No game log found (possible DNP or API delay)"
"2026-03-01T09:01:11.117665-05:00","BOS Celtics vs PHI 76ers (6:10 PM EST)","Quentin Grimes","Points","Under","10.5","103","DraftKings","3.55","50.0","10","False","FD at -120, DK at 103, ESPN at -120","17895858","7129ee2856df2237632c277ccbc657f7","2026-03-01T23:10:00+00:00","player_points","True","Win","5","2026-03-02T17:30:45.751297+00:00","No game log found (possible DNP or API delay) | Re-graded: stat found on retry"
"2026-03-01T09:01:54.475945-05:00","LAL Lakers vs SAC Kings (9:40 PM EST)","Luka Doncic","Points","Over","32.5","-106","DraftKings","2.64","30.0","10","False","FD at -130, DK at -106, ESPN at -130","132","517d3f658ed7692ebe7eaea81aa3c1ef","2026-03-02T02:40:00+00:00","player_points","True","Void","DNP or no data","2026-03-02T08:42:40.832631+00:00","No game log found (possible DNP or API delay)"
"2026-03-01T09:08:19.150952-05:00","BOS Celtics vs PHI 76ers (6:10 PM EST)","Kelly Oubre Jr","Threes","Over","1.5","-124","BallyBet","3.28","70.0","10","True","FD at -158, DK at -150, ESPN at -170","360","7129ee2856df2237632c277ccbc657f7","2026-03-01T23:10:00+00:00","player_threes","True","Loss","0","2026-03-02T17:30:45.751297+00:00","No game log found (possible DNP or API delay) | Re-graded: stat found on retry"
"2026-03-01T09:08:21.267525-05:00","BOS Celtics vs PHI 76ers (6:10 PM EST)","Kelly Oubre Jr","Threes","Over","1.5","-124","BetParx","3.28","70.0","10","True","FD at -158, DK at -150, ESPN at -170","360","7129ee2856df2237632c277ccbc657f7","2026-03-01T23:10:00+00:00","player_threes","True","Loss","0","2026-03-02T17:30:45.751297+00:00","No game log found (possible DNP or API delay) | Re-graded: stat found on retry"
"2026-03-01T09:08:23.138818-05:00","BOS Celtics vs PHI 76ers (6:10 PM EST)","Kelly Oubre Jr","Threes","Over","1.5","-125","BetRivers","2.91","70.0","10","False","FD at -158, DK at -150, ESPN at -170","360","7129ee2856df2237632c277ccbc657f7","2026-03-01T23:10:00+00:00","player_threes","True","Loss","0","2026-03-02T17:30:45.751297+00:00","No game log found (possible DNP or API delay) | Re-graded: stat found on retry"
"2026-03-01T09:16:05.894262-05:00","IND Pacers vs MEM Grizzlies (5:10 PM EST)","Jarace Walker","Assists","Over","3.5","105","HardRockBet","2.5","50.0","10","False","FD at -114, DK at -130, ESPN at -115","56677832","1ac567e2d0cf71fd4c1de0ff58cb9a0a","2026-03-01T22:10:00+00:00","player_assists","True","Loss","2","2026-03-02T17:30:45.751297+00:00","No game log found (possible DNP or API delay) | Re-graded: stat found on retry"
"2026-03-01T09:19:14.045849-05:00","CHI Bulls vs MIL Bucks (3:40 PM EST)","Rob Dillingham","Rebounds","Over","2.5","-135","BetMGM","2.96","40.0","10","False","FD at -174, DK at -163, ESPN at -160","1028025639","cc2edd23c90efdc9ac05b2dda6db0710","2026-03-01T20:40:00+00:00","player_rebounds","True","Loss","0","2026-03-02T02:41:09.448954+00:00",""
"2026-03-01T09:23:19.265144-05:00","BOS Celtics vs PHI 76ers (6:10 PM EST)","Tyrese Maxey","Rebounds Assists","Over","10.5","100","HardRockBet","6.45","50.0","10","False","FD at -132, DK at -126, ESPN at -125","3547254","7129ee2856df2237632c277ccbc657f7","2026-03-01T23:10:00+00:00","player_rebounds_assists","True","Loss","9","2026-03-02T17:30:45.751297+00:00","No game log found (possible DNP or API delay) | Re-graded: stat found on retry"
"2026-03-01T09:30:24.875404-05:00","BOS Celtics vs PHI 76ers (6:10 PM EST)","Quentin Grimes","Points","Under","10.5","101","Caesars","2.53","50.0","10","False","FD at -120, DK at -101, ESPN at -120","17895858","7129ee2856df2237632c277ccbc657f7","2026-03-01T23:10:00+00:00","player_points","True","Win","5","2026-03-02T17:30:45.751297+00:00","No game log found (possible DNP or API delay) | Re-graded: stat found on retry"
"2026-03-01T09:30:27.166272-05:00","BOS Celtics vs PHI 76ers (6:10 PM EST)","Nikola Vucevic","Points","Under","11.5","100","BetMGM","2.02","60.0","10","False","FD at -120, DK at -118, ESPN at -120","460","7129ee2856df2237632c277ccbc657f7","2026-03-01T23:10:00+00:00","player_points","True","Win","11","2026-03-02T17:30:45.751297+00:00","No game log found (possible DNP or API delay) | Re-graded: stat found on retry"
"2026-03-01T09:30:29.294044-05:00","BOS Celtics vs PHI 76ers (6:10 PM EST)","Payton Pritchard","Assists","Under","5.5","-110","BetMGM","2.69","40.0","10","False","FD at -136, DK at -126, ESPN at -125","3547276","7129ee2856df2237632c277ccbc657f7","2026-03-01T23:10:00+00:00","player_assists","True","Win","5","2026-03-02T17:30:45.751297+00:00","No game log found (possible DNP or API delay) | Re-graded: stat found on retry"
"2026-03-01T09:34:30.598769-05:00","BOS Celtics vs PHI 76ers (6:10 PM EST)","Kelly Oubre Jr","Points Assists","Under","17.5","-105","HardRockBet","3.12","30.0","10","False","FD at -130, ESPN at -120","360","7129ee2856df2237632c277ccbc657f7","2026-03-01T23:10:00+00:00","player_points_assists","True","Win","6","2026-03-02T17:30:45.751297+00:00","No game log found (possible DNP or API delay) | Re-graded: stat found on retry"
"2026-03-01T09:34:32.363679-05:00","BOS Celtics vs PHI 76ers (6:10 PM EST)","Kelly Oubre Jr","Points Assists","Under","17.5","-105","BetMGM","3.12","30.0","10","False","FD at -130, ESPN at -120","360","7129ee2856df2237632c277ccbc657f7","2026-03-01T23:10:00+00:00","player_points_assists","True","Win","6","2026-03-02T17:30:45.751297+00:00","No game log found (possible DNP or API delay) | Re-graded: stat found on retry"
"2026-03-01T09:41:38.162361-05:00","ORL Magic vs DET Pistons (6:10 PM EST)","Desmond Bane","Threes","Under","2.5","-130","HardRockBet","3.72","50.0","10","False","FD at -168, DK at -163, ESPN at -165","3547287","4d40482f62b199752b8b264572ff8460","2026-03-01T23:10:00+00:00","player_threes","True","Win","1","2026-03-02T05:12:02.081226+00:00",""
"2026-03-01T09:45:59.048879-05:00","LAC Clippers vs NOP Pelicans (9:10 PM EST)","Kawhi Leonard","Rebounds Assists","Over","11.5","100","BetMGM","8.38","40.0","10","False","FD at -138, DK at -123, ESPN at -125","274","7ef96743c87da2d41e5269fb5d3ac078","2026-03-02T02:10:00+00:00","player_rebounds_assists","True","Void","DNP or no data","2026-03-02T08:12:37.983154+00:00","No game log found (possible DNP or API delay)"
"2026-03-01T09:46:01.085525-05:00","LAC Clippers vs NOP Pelicans (9:10 PM EST)","Kawhi Leonard","Rebounds Assists","Over","11.5","105","HardRockBet","11.09","40.0","10","False","FD at -138, DK at -123, ESPN at -125","274","7ef96743c87da2d41e5269fb5d3ac078","2026-03-02T02:10:00+00:00","player_rebounds_assists","True","Void","DNP or no data","2026-03-02T08:12:37.983154+00:00","No game log found (possible DNP or API delay)"
"2026-03-01T09:49:29.501942-05:00","LAC Clippers vs NOP Pelicans (9:10 PM EST)","Kawhi Leonard","Assists","Under","4.5","110","FanDuel","4.79","60.0","10","False","ESPN at -110, Pinnacle at -119","274","7ef96743c87da2d41e5269fb5d3ac078","2026-03-02T02:10:00+00:00","player_assists","True","Void","DNP or no data","2026-03-02T08:12:37.983154+00:00","No game log found (possible DNP or API delay)"
"2026-03-01T09:56:37.518851-05:00","BOS Celtics vs PHI 76ers (6:10 PM EST)","Nikola Vucevic","Points","Under","11.5","100","HardRockBet","2.84","60.0","10","False","FD at -122, DK at -118, ESPN at -120","460","7129ee2856df2237632c277ccbc657f7","2026-03-01T23:10:00+00:00","player_points","True","Win","11","2026-03-02T17:30:45.751297+00:00","No game log found (possible DNP or API delay) | Re-graded: stat found on retry"
"2026-03-01T10:11:23.322922-05:00","BKN Nets vs CLE Cavaliers (3:40 PM EST)","Evan Mobley","Rebounds Assists","Under","10.5","100","theScore","2.84","40.0","10","False","FD at -122, DK at -115, ESPN at 100","17896076","ab2357087428a9fee8c8a747eed1fced","2026-03-01T20:40:00+00:00","player_rebounds_assists","True","Loss","15","2026-03-02T17:30:45.751297+00:00","No game log found (possible DNP or API delay) | Re-graded: stat found on retry"
"2026-03-01T10:11:26.511712-05:00","BKN Nets vs CLE Cavaliers (3:40 PM EST)","Evan Mobley","Rebounds Assists","Under","10.5","100","BetMGM","2.84","40.0","10","False","FD at -122, DK at -115, ESPN at 100","17896076","ab2357087428a9fee8c8a747eed1fced","2026-03-01T20:40:00+00:00","player_rebounds_assists","True","Loss","15","2026-03-02T17:30:45.751297+00:00","No game log found (possible DNP or API delay) | Re-graded: stat found on retry"
"2026-03-01T10:11:32.415457-05:00","DEN Nuggets vs MIN Timberwolves (3:40 PM EST)","Nikola Jokic","Points","Over","28.5","-105","HardRockBet","3.12","40.0","10","False","FD at -130, DK at -123, ESPN at -140, Pinnacle at -139","246","25a45928a3d4b8a0d492283f6f434421","2026-03-01T20:40:00+00:00","player_points","True","Win","35","2026-03-02T02:41:09.448954+00:00",""
"2026-03-01T10:11:39.111498-05:00","DEN Nuggets vs MIN Timberwolves (3:40 PM EST)","Christian Braun","Threes","Under","1.5","-165","BetParx","2.44","60.0","10","False","FD at -215, DK at -216, ESPN at -215","38017709","25a45928a3d4b8a0d492283f6f434421","2026-03-01T20:40:00+00:00","player_threes","True","Win","0","2026-03-02T17:30:45.751297+00:00","No game log found (possible DNP or API delay) | Re-graded: stat found on retry"
"2026-03-01T10:11:41.175826-05:00","DEN Nuggets vs MIN Timberwolves (3:40 PM EST)","Christian Braun","Threes","Under","1.5","-165","BetRivers","2.44","60.0","10","False","FD at -215, DK at -216, ESPN at -215","38017709","25a45928a3d4b8a0d492283f6f434421","2026-03-01T20:40:00+00:00","player_threes","True","Win","0","2026-03-02T17:30:45.751297+00:00","No game log found (possible DNP or API delay) | Re-graded: stat found on retry"
"2026-03-01T10:11:58.262259-05:00","LAC Clippers vs NOP Pelicans (9:10 PM EST)","Kris Dunn","Points","Over","8.5","100","HardRockBet","5.63","40.0","10","False","FD at -130, DK at -108, ESPN at -130","139","7ef96743c87da2d41e5269fb5d3ac078","2026-03-02T02:10:00+00:00","player_points","True","Void","DNP or no data","2026-03-02T08:12:37.983154+00:00","No game log found (possible DNP or API delay)"
"2026-03-01T10:18:28.284593-05:00","BKN Nets vs CLE Cavaliers (3:40 PM EST)","Michael Porter Jr","Rebounds Assists","Under","8.5","100","HardRockBet","6.45","40.0","10","False","FD at -132, DK at -119, ESPN at -120","375","ab2357087428a9fee8c8a747eed1fced","2026-03-01T20:40:00+00:00","player_rebounds_assists","True","Win","6","2026-03-02T17:30:45.751297+00:00","No game log found (possible DNP or API delay) | Re-graded: stat found on retry"
"2026-03-01T10:18:30.418214-05:00","BKN Nets vs CLE Cavaliers (3:40 PM EST)","Michael Porter Jr","Rebounds Assists","Under","8.5","100","BetMGM","6.45","40.0","10","False","FD at -132, DK at -119, ESPN at -120","375","ab2357087428a9fee8c8a747eed1fced","2026-03-01T20:40:00+00:00","player_rebounds_assists","True","Win","6","2026-03-02T17:30:45.751297+00:00","No game log found (possible DNP or API delay) | Re-graded: stat found on retry"
"2026-03-01T10:18:55.224403-05:00","ATL Hawks vs POR Blazers (6:10 PM EST)","C.J. McCollum","Rebounds Assists","Under","7.5","100","HardRockBet","6.45","70.0","10","True","FD at -132, DK at -127, ESPN at -120","303","36b7acd903108abf04b18bf6449f45b3","2026-03-01T23:10:00+00:00","player_rebounds_assists","True","Win","7","2026-03-02T17:30:45.751297+00:00","No game log found (possible DNP or API delay) | Re-graded: stat found on retry"
"2026-03-01T10:18:57.234021-05:00","ATL Hawks vs POR Blazers (6:10 PM EST)","C.J. McCollum","Rebounds Assists","Under","7.5","100","BetMGM","6.45","70.0","10","True","FD at -132, DK at -127, ESPN at -120","303","36b7acd903108abf04b18bf6449f45b3","2026-03-01T23:10:00+00:00","player_rebounds_assists","True","Win","7","2026-03-02T17:30:45.751297+00:00","No game log found (possible DNP or API delay) | Re-graded: stat found on retry"
"2026-03-01T10:34:49.347569-05:00","NYK Knicks vs SAS Spurs (1:10 PM EST)","Mikal Bridges","Rebounds","Under","3.5","-115","HardRockBet","5.95","40.0","10","False","FD at -150, DK at -151, ESPN at -150","61","bb4195b038cce802d282f17ff4ca7471","2026-03-01T18:10:00+00:00","player_rebounds","True","Loss","5","2026-03-02T00:11:33.961506+00:00",""
"2026-03-01T10:35:01.546129-05:00","BKN Nets vs CLE Cavaliers (3:40 PM EST)","Michael Porter Jr","Rebounds Assists","Under","8.5","100","HardRockBet","6.45","40.0","10","False","FD at -132, DK at -119, ESPN at -120","375","ab2357087428a9fee8c8a747eed1fced","2026-03-01T20:40:00+00:00","player_rebounds_assists","True","Win","6","2026-03-02T17:30:45.751297+00:00","No game log found (possible DNP or API delay) | Re-graded: stat found on retry"
"2026-03-01T10:35:03.462767-05:00","BKN Nets vs CLE Cavaliers (3:40 PM EST)","Nicolas Claxton","Rebounds Assists","Under","10.5","-110","HardRockBet","3.45","60.0","10","False","FD at -138, DK at -135, ESPN at -140","666508","ab2357087428a9fee8c8a747eed1fced","2026-03-01T20:40:00+00:00","player_rebounds_assists","True","Void","DNP or no data","2026-03-02T02:41:09.448954+00:00","No game log found (possible DNP or API delay)"
"2026-03-01T10:35:05.586464-05:00","BKN Nets vs CLE Cavaliers (3:40 PM EST)","Evan Mobley","Rebounds Assists","Under","10.5","105","HardRockBet","8.27","40.0","10","False","FD at -130, DK at -115, ESPN at -105","17896076","ab2357087428a9fee8c8a747eed1fced","2026-03-01T20:40:00+00:00","player_rebounds_assists","True","Loss","15","2026-03-02T17:30:45.751297+00:00","No game log found (possible DNP or API delay) | Re-graded: stat found on retry"
"2026-03-01T10:35:07.012387-05:00","BKN Nets vs CLE Cavaliers (3:40 PM EST)","Nicolas Claxton","Rebounds Assists","Under","10.5","-110","BetMGM","3.45","60.0","10","False","FD at -138, DK at -135, ESPN at -140","666508","ab2357087428a9fee8c8a747eed1fced","2026-03-01T20:40:00+00:00","player_rebounds_assists","True","Void","DNP or no data","2026-03-02T02:41:09.448954+00:00","No game log found (possible DNP or API delay)"
"2026-03-01T10:35:08.721574-05:00","BKN Nets vs CLE Cavaliers (3:40 PM EST)","Michael Porter Jr","Rebounds Assists","Under","8.5","100","BetMGM","6.45","40.0","10","False","FD at -132, DK at -119, ESPN at -120","375","ab2357087428a9fee8c8a747eed1fced","2026-03-01T20:40:00+00:00","player_rebounds_assists","True","Win","6","2026-03-02T17:30:45.751297+00:00","No game log found (possible DNP or API delay) | Re-graded: stat found on retry"
"2026-03-01T10:35:10.690031-05:00","BKN Nets vs CLE Cavaliers (3:40 PM EST)","Evan Mobley","Rebounds Assists","Under","10.5","100","BetMGM","5.63","40.0","10","False","FD at -130, DK at -115, ESPN at -105","17896076","ab2357087428a9fee8c8a747eed1fced","2026-03-01T20:40:00+00:00","player_rebounds_assists","True","Loss","15","2026-03-02T17:30:45.751297+00:00","No game log found (possible DNP or API delay) | Re-graded: stat found on retry"
"2026-03-01T10:35:20.534659-05:00","CHI Bulls vs MIL Bucks (3:40 PM EST)","Ryan Rollins","Threes","Under","2.5","102","FanDuel","3.79","40.0","10","False","ESPN at -120, DK at -125, Pinnacle at -121","38017712","cc2edd23c90efdc9ac05b2dda6db0710","2026-03-01T20:40:00+00:00","player_threes","True","Win","1","2026-03-02T02:41:09.448954+00:00",""
"2026-03-01T10:35:34.918281-05:00","DEN Nuggets vs MIN Timberwolves (3:40 PM EST)","Jaden McDaniels","Rebounds Assists","Under","7.5","100","HardRockBet","2.84","40.0","10","False","FD at -122, DK at -119, ESPN at -120","3547259","25a45928a3d4b8a0d492283f6f434421","2026-03-01T20:40:00+00:00","player_rebounds_assists","True","Win","4","2026-03-02T17:30:45.751297+00:00","No game log found (possible DNP or API delay) | Re-graded: stat found on retry"
"2026-03-01T10:35:36.615681-05:00","DEN Nuggets vs MIN Timberwolves (3:40 PM EST)","Jaden McDaniels","Rebounds Assists","Under","7.5","100","BetMGM","2.84","40.0","10","False","FD at -122, DK at -119, ESPN at -120","3547259","25a45928a3d4b8a0d492283f6f434421","2026-03-01T20:40:00+00:00","player_rebounds_assists","True","Win","4","2026-03-02T17:30:45.751297+00:00","No game log found (possible DNP or API delay) | Re-graded: stat found on retry"
"2026-03-01T10:35:43.371561-05:00","DEN Nuggets vs MIN Timberwolves (3:40 PM EST)","Christian Braun","Threes","Under","1.5","-165","BetParx","2.44","60.0","10","False","FD at -215, DK at -216, ESPN at -215","38017709","25a45928a3d4b8a0d492283f6f434421","2026-03-01T20:40:00+00:00","player_threes","True","Win","0","2026-03-02T17:30:45.751297+00:00","No game log found (possible DNP or API delay) | Re-graded: stat found on retry"
"2026-03-01T10:35:45.468463-05:00","DEN Nuggets vs MIN Timberwolves (3:40 PM EST)","Christian Braun","Threes","Under","1.5","-165","BetRivers","2.44","60.0","10","False","FD at -215, DK at -216, ESPN at -215","38017709","25a45928a3d4b8a0d492283f6f434421","2026-03-01T20:40:00+00:00","player_threes","True","Win","0","2026-03-02T17:30:45.751297+00:00","No game log found (possible DNP or API delay) | Re-graded: stat found on retry"
"2026-03-01T10:35:56.106287-05:00","ATL Hawks vs POR Blazers (6:10 PM EST)","Scoot Henderson","Assists","Over","4.5","100","HardRockBet","4.82","44.44","9","False","FD at -128, DK at -128, ESPN at -110","56677747","36b7acd903108abf04b18bf6449f45b3","2026-03-01T23:10:00+00:00","player_assists","True","Loss","3","2026-03-02T17:30:45.751297+00:00","No game log found (possible DNP or API delay) | Re-graded: stat found on retry"
"2026-03-01T10:35:57.863115-05:00","ATL Hawks vs POR Blazers (6:10 PM EST)","Scoot Henderson","Assists","Over","4.5","100","BetMGM","4.82","44.44","9","False","FD at -128, DK at -128, ESPN at -110","56677747","36b7acd903108abf04b18bf6449f45b3","2026-03-01T23:10:00+00:00","player_assists","True","Loss","3","2026-03-02T17:30:45.751297+00:00","No game log found (possible DNP or API delay) | Re-graded: stat found on retry"
"2026-03-01T10:36:04.298316-05:00","ATL Hawks vs POR Blazers (6:10 PM EST)","C.J. McCollum","Rebounds Assists","Under","7.5","100","HardRockBet","6.45","70.0","10","True","FD at -132, DK at -127, ESPN at -120","303","36b7acd903108abf04b18bf6449f45b3","2026-03-01T23:10:00+00:00","player_rebounds_assists","True","Win","7","2026-03-02T17:30:45.751297+00:00","No game log found (possible DNP or API delay) | Re-graded: stat found on retry"
"2026-03-01T10:36:05.784768-05:00","ATL Hawks vs POR Blazers (6:10 PM EST)","C.J. McCollum","Rebounds Assists","Under","7.5","-105","BetMGM","3.92","70.0","10","True","FD at -132, DK at -127, ESPN at -120","303","36b7acd903108abf04b18bf6449f45b3","2026-03-01T23:10:00+00:00","player_rebounds_assists","True","Win","7","2026-03-02T17:30:45.751297+00:00","No game log found (possible DNP or API delay) | Re-graded: stat found on retry"
"2026-03-01T10:40:04.788405-05:00","NYK Knicks vs SAS Spurs (1:10 PM EST)","De'Aaron Fox","Rebounds","Under","3.5","-125","BetMGM","9.9","80.0","10","False","FD at -184, DK at -140, ESPN at -145","161","bb4195b038cce802d282f17ff4ca7471","2026-03-01T18:10:00+00:00","player_rebounds","True","Win","3","2026-03-02T00:11:33.961506+00:00",""
"2026-03-01T10:40:16.768519-05:00","IND Pacers vs MEM Grizzlies (5:10 PM EST)","Cam Spencer","Rebounds Assists","Under","7.5","105","HardRockBet","3.32","50.0","10","False","FD at -118, DK at -106, ESPN at -110","1028048549","1ac567e2d0cf71fd4c1de0ff58cb9a0a","2026-03-01T22:10:00+00:00","player_rebounds_assists","True","Win","7","2026-03-02T17:30:45.751297+00:00","No game log found (possible DNP or API delay) | Re-graded: stat found on retry"
"2026-03-01T10:40:20.409975-05:00","LAC Clippers vs NOP Pelicans (9:10 PM EST)","Kawhi Leonard","Rebounds Assists","Over","11.5","100","HardRockBet","8.38","40.0","10","False","FD at -138, DK at -135, ESPN at -125","274","7ef96743c87da2d41e5269fb5d3ac078","2026-03-02T02:10:00+00:00","player_rebounds_assists","True","Void","DNP or no data","2026-03-02T08:12:37.983154+00:00","No game log found (possible DNP or API delay)"
"2026-03-01T10:49:45.269226-05:00","NYK Knicks vs SAS Spurs (1:10 PM EST)","De'Aaron Fox","Rebounds","Under","3.5","-130","HardRockBet","8.02","80.0","10","True","FD at -184, ESPN at -190","161","bb4195b038cce802d282f17ff4ca7471","2026-03-01T18:10:00+00:00","player_rebounds","True","Win","3","2026-03-02T00:11:33.961506+00:00",""
"2026-03-01T10:49:47.464957-05:00","NYK Knicks vs SAS Spurs (1:10 PM EST)","Mikal Bridges","Rebounds","Under","3.5","-115","HardRockBet","5.95","40.0","10","False","FD at -150, DK at -146, ESPN at -145","61","bb4195b038cce802d282f17ff4ca7471","2026-03-01T18:10:00+00:00","player_rebounds","True","Loss","5","2026-03-02T00:11:33.961506+00:00",""
"2026-03-01T10:50:00.243429-05:00","BKN Nets vs CLE Cavaliers (3:40 PM EST)","Michael Porter Jr","Rebounds Assists","Under","8.5","100","HardRockBet","6.45","40.0","10","False","FD at -132, DK at -119, ESPN at -120","375","ab2357087428a9fee8c8a747eed1fced","2026-03-01T20:40:00+00:00","player_rebounds_assists","True","Win","6","2026-03-02T17:30:45.751297+00:00","No game log found (possible DNP or API delay) | Re-graded: stat found on retry"
"2026-03-01T10:50:02.775945-05:00","BKN Nets vs CLE Cavaliers (3:40 PM EST)","Nicolas Claxton","Rebounds Assists","Under","10.5","-110","HardRockBet","3.45","60.0","10","False","FD at -138, DK at -135, ESPN at -140","666508","ab2357087428a9fee8c8a747eed1fced","2026-03-01T20:40:00+00:00","player_rebounds_assists","True","Void","DNP or no data","2026-03-02T02:41:09.448954+00:00","No game log found (possible DNP or API delay)"
"2026-03-01T10:50:05.494549-05:00","BKN Nets vs CLE Cavaliers (3:40 PM EST)","Evan Mobley","Rebounds Assists","Under","10.5","105","HardRockBet","8.27","40.0","10","False","FD at -130, DK at -115, ESPN at -105","17896076","ab2357087428a9fee8c8a747eed1fced","2026-03-01T20:40:00+00:00","player_rebounds_assists","True","Loss","15","2026-03-02T17:30:45.751297+00:00","No game log found (possible DNP or API delay) | Re-graded: stat found on retry"
"2026-03-01T10:50:07.876488-05:00","BKN Nets vs CLE Cavaliers (3:40 PM EST)","Nicolas Claxton","Rebounds Assists","Under","10.5","-110","BetMGM","3.45","60.0","10","False","FD at -138, DK at -135, ESPN at -140","666508","ab2357087428a9fee8c8a747eed1fced","2026-03-01T20:40:00+00:00","player_rebounds_assists","True","Void","DNP or no data","2026-03-02T02:41:09.448954+00:00","No game log found (possible DNP or API delay)"
"2026-03-01T10:50:10.254763-05:00","BKN Nets vs CLE Cavaliers (3:40 PM EST)","Michael Porter Jr","Rebounds Assists","Under","8.5","100","BetMGM","6.45","40.0","10","False","FD at -132, DK at -119, ESPN at -120","375","ab2357087428a9fee8c8a747eed1fced","2026-03-01T20:40:00+00:00","player_rebounds_assists","True","Win","6","2026-03-02T17:30:45.751297+00:00","No game log found (possible DNP or API delay) | Re-graded: stat found on retry"
"2026-03-01T10:50:12.295744-05:00","BKN Nets vs CLE Cavaliers (3:40 PM EST)","Evan Mobley","Rebounds Assists","Under","10.5","100","BetMGM","5.63","40.0","10","False","FD at -130, DK at -115, ESPN at -105","17896076","ab2357087428a9fee8c8a747eed1fced","2026-03-01T20:40:00+00:00","player_rebounds_assists","True","Loss","15","2026-03-02T17:30:45.751297+00:00","No game log found (possible DNP or API delay) | Re-graded: stat found on retry"
"2026-03-01T10:50:24.745747-05:00","CHI Bulls vs MIL Bucks (3:40 PM EST)","Kevin Porter Jr.","Points Rebounds Assists","Over","33.5","100","Fanatics","2.84","50.0","10","False","FD at -122, ESPN at -115","666849","cc2edd23c90efdc9ac05b2dda6db0710","2026-03-01T20:40:00+00:00","player_points_rebounds_assists","True","Loss","20","2026-03-02T17:30:45.751297+00:00","No game log found (possible DNP or API delay) | Re-graded: stat found on retry"
"2026-03-01T10:50:30.764329-05:00","CHI Bulls vs MIL Bucks (3:40 PM EST)","Ryan Rollins","Threes","Under","2.5","102","FanDuel","4.07","40.0","10","False","ESPN at -120, DK at -125, Pinnacle at -119","38017712","cc2edd23c90efdc9ac05b2dda6db0710","2026-03-01T20:40:00+00:00","player_threes","True","Win","1","2026-03-02T02:41:09.448954+00:00",""
"2026-03-01T10:50:45.647826-05:00","DEN Nuggets vs MIN Timberwolves (3:40 PM EST)","Jaden McDaniels","Rebounds Assists","Under","7.5","100","HardRockBet","2.84","40.0","10","False","FD at -122, DK at -119, ESPN at -120","3547259","25a45928a3d4b8a0d492283f6f434421","2026-03-01T20:40:00+00:00","player_rebounds_assists","True","Win","4","2026-03-02T17:30:45.751297+00:00","No game log found (possible DNP or API delay) | Re-graded: stat found on retry"
"2026-03-01T10:50:47.424415-05:00","DEN Nuggets vs MIN Timberwolves (3:40 PM EST)","Jaden McDaniels","Rebounds Assists","Under","7.5","100","BetMGM","2.84","40.0","10","False","FD at -122, DK at -119, ESPN at -120","3547259","25a45928a3d4b8a0d492283f6f434421","2026-03-01T20:40:00+00:00","player_rebounds_assists","True","Win","4","2026-03-02T17:30:45.751297+00:00","No game log found (possible DNP or API delay) | Re-graded: stat found on retry"
"2026-03-01T10:50:57.773835-05:00","IND Pacers vs MEM Grizzlies (5:10 PM EST)","Cam Spencer","Rebounds Assists","Under","7.5","105","HardRockBet","3.32","50.0","10","False","FD at -118, DK at -106, ESPN at -110","1028048549","1ac567e2d0cf71fd4c1de0ff58cb9a0a","2026-03-01T22:10:00+00:00","player_rebounds_assists","True","Win","7","2026-03-02T17:30:45.751297+00:00","No game log found (possible DNP or API delay) | Re-graded: stat found on retry"
"2026-03-01T10:51:05.859072-05:00","ATL Hawks vs POR Blazers (6:10 PM EST)","Scoot Henderson","Assists","Over","4.5","100","HardRockBet","4.82","44.44","9","False","FD at -128, DK at -121, ESPN at -105","56677747","36b7acd903108abf04b18bf6449f45b3","2026-03-01T23:10:00+00:00","player_assists","True","Loss","3","2026-03-02T17:30:45.751297+00:00","No game log found (possible DNP or API delay) | Re-graded: stat found on retry"
"2026-03-01T10:51:07.928983-05:00","ATL Hawks vs POR Blazers (6:10 PM EST)","Scoot Henderson","Assists","Over","4.5","100","BetMGM","4.82","44.44","9","False","FD at -128, DK at -121, ESPN at -105","56677747","36b7acd903108abf04b18bf6449f45b3","2026-03-01T23:10:00+00:00","player_assists","True","Loss","3","2026-03-02T17:30:45.751297+00:00","No game log found (possible DNP or API delay) | Re-graded: stat found on retry"
"2026-03-01T10:51:14.898106-05:00","ATL Hawks vs POR Blazers (6:10 PM EST)","Nickeil Alexander-Walker","Rebounds Assists","Under","7.5","105","HardRockBet","2.5","40.0","10","False","FD at -114, DK at -120, ESPN at -115","666400","36b7acd903108abf04b18bf6449f45b3","2026-03-01T23:10:00+00:00","player_rebounds_assists","True","Win","7","2026-03-02T05:12:02.081226+00:00",""
"2026-03-01T10:51:16.583272-05:00","ATL Hawks vs POR Blazers (6:10 PM EST)","Nickeil Alexander-Walker","Rebounds Assists","Under","7.5","105","BetMGM","2.5","40.0","10","False","FD at -114, DK at -120, ESPN at -115","666400","36b7acd903108abf04b18bf6449f45b3","2026-03-01T23:10:00+00:00","player_rebounds_assists","True","Win","7","2026-03-02T05:12:02.081226+00:00",""
"2026-03-01T10:51:25.592102-05:00","BOS Celtics vs PHI 76ers (6:10 PM EST)","Payton Pritchard","Points","Over","17.5","-105","HardRockBet","2.32","70.0","10","False","FD at -128, DK at -124, ESPN at -125","3547276","7129ee2856df2237632c277ccbc657f7","2026-03-01T23:10:00+00:00","player_points","True","Loss","0","2026-03-02T17:30:45.751297+00:00","No game log found (possible DNP or API delay) | Re-graded: stat found on retry"
"2026-03-01T10:51:27.564077-05:00","BOS Celtics vs PHI 76ers (6:10 PM EST)","Payton Pritchard","Points","Over","17.5","-105","BetMGM","2.32","70.0","10","False","FD at -128, DK at -124, ESPN at -125","3547276","7129ee2856df2237632c277ccbc657f7","2026-03-01T23:10:00+00:00","player_points","True","Loss","0","2026-03-02T17:30:45.751297+00:00","No game log found (possible DNP or API delay) | Re-graded: stat found on retry"
"2026-03-01T10:51:37.684602-05:00","BOS Celtics vs PHI 76ers (6:10 PM EST)","VJ Edgecombe","Rebounds Assists","Over","8.5","-115","HardRockBet","2.04","60.0","10","False","FD at -140, DK at -139, ESPN at -130","1057261935","7129ee2856df2237632c277ccbc657f7","2026-03-01T23:10:00+00:00","player_rebounds_assists","True","Loss","8","2026-03-02T17:30:45.751297+00:00","No game log found (possible DNP or API delay) | Re-graded: stat found on retry"
"2026-03-01T10:51:39.769468-05:00","BOS Celtics vs PHI 76ers (6:10 PM EST)","VJ Edgecombe","Rebounds Assists","Over","8.5","-115","BetMGM","2.04","60.0","10","False","FD at -140, DK at -139, ESPN at -130","1057261935","7129ee2856df2237632c277ccbc657f7","2026-03-01T23:10:00+00:00","player_rebounds_assists","True","Loss","8","2026-03-02T17:30:45.751297+00:00","No game log found (possible DNP or API delay) | Re-graded: stat found on retry"
"2026-03-01T10:52:10.817522-05:00","LAC Clippers vs NOP Pelicans (9:10 PM EST)","Kawhi Leonard","Rebounds Assists","Over","11.5","100","HardRockBet","8.38","40.0","10","False","FD at -138, DK at -135, ESPN at -125","274","7ef96743c87da2d41e5269fb5d3ac078","2026-03-02T02:10:00+00:00","player_rebounds_assists","True","Void","DNP or no data","2026-03-02T08:12:37.983154+00:00","No game log found (possible DNP or API delay)"
"2026-03-01T10:55:31.101800-05:00","BOS Celtics vs PHI 76ers (6:10 PM EST)","Tyrese Maxey","Rebounds Assists","Over","10.5","100","HardRockBet","7.58","50.0","10","False","FD at -136, DK at -139, ESPN at -130","3547254","7129ee2856df2237632c277ccbc657f7","2026-03-01T23:10:00+00:00","player_rebounds_assists","True","Loss","9","2026-03-02T17:30:45.751297+00:00","No game log found (possible DNP or API delay) | Re-graded: stat found on retry"
"2026-03-01T11:02:51.700676-05:00","DAL Mavericks vs OKC Thunder (8:10 PM EST)","Cason Wallace","Points Assists","Under","13.5","100","BetMGM","3.83","30.0","10","False","FD at -125, DK at -123, ESPN at -115","56677833","3d268484ec4724f35d87620826643242","2026-03-02T01:10:00+00:00","player_points_assists","True","Void","DNP or no data","2026-03-02T07:12:24.876874+00:00","No game log found (possible DNP or API delay)"
"2026-03-01T11:14:35.379369-05:00","NYK Knicks vs SAS Spurs (1:10 PM EST)","De'Aaron Fox","Rebounds","Under","3.5","-130","HardRockBet","8.18","80.0","10","True","FD at -186, DK at -160, ESPN at -190","161","bb4195b038cce802d282f17ff4ca7471","2026-03-01T18:10:00+00:00","player_rebounds","True","Win","3","2026-03-02T00:11:33.961506+00:00",""
"2026-03-01T11:14:37.796072-05:00","NYK Knicks vs SAS Spurs (1:10 PM EST)","Mikal Bridges","Rebounds","Under","3.5","-115","HardRockBet","5.95","40.0","10","False","FD at -150, DK at -147, ESPN at -145","61","bb4195b038cce802d282f17ff4ca7471","2026-03-01T18:10:00+00:00","player_rebounds","True","Loss","5","2026-03-02T00:11:33.961506+00:00",""
"2026-03-01T11:14:47.527997-05:00","BKN Nets vs CLE Cavaliers (3:40 PM EST)","Evan Mobley","Rebounds Assists","Under","10.5","105","HardRockBet","3.74","40.0","10","False","FD at -118, DK at -115, ESPN at -105","17896076","ab2357087428a9fee8c8a747eed1fced","2026-03-01T20:40:00+00:00","player_rebounds_assists","True","Loss","15","2026-03-02T17:30:45.751297+00:00","No game log found (possible DNP or API delay) | Re-graded: stat found on retry"
"2026-03-01T11:15:06.764900-05:00","CHI Bulls vs MIL Bucks (3:40 PM EST)","Rob Dillingham","Assists","Over","3.5","-135","HardRockBet","2.78","50.0","10","False","FD at -172, DK at -145, ESPN at -170, Pinnacle at -168","1028025639","cc2edd23c90efdc9ac05b2dda6db0710","2026-03-01T20:40:00+00:00","player_assists","True","Loss","2","2026-03-02T02:41:09.448954+00:00",""
"2026-03-01T11:15:13.628580-05:00","CHI Bulls vs MIL Bucks (3:40 PM EST)","Kevin Porter Jr.","Points Rebounds Assists","Over","33.5","100","Fanatics","2.84","50.0","10","False","FD at -122, ESPN at -115","666849","cc2edd23c90efdc9ac05b2dda6db0710","2026-03-01T20:40:00+00:00","player_points_rebounds_assists","True","Loss","20","2026-03-02T17:30:45.751297+00:00","No game log found (possible DNP or API delay) | Re-graded: stat found on retry"
"2026-03-01T11:15:26.470457-05:00","DEN Nuggets vs MIN Timberwolves (3:40 PM EST)","Jaden McDaniels","Rebounds Assists","Under","7.5","100","HardRockBet","2.02","40.0","10","False","FD at -120, DK at -119, ESPN at -120","3547259","25a45928a3d4b8a0d492283f6f434421","2026-03-01T20:40:00+00:00","player_rebounds_assists","True","Win","4","2026-03-02T17:30:45.751297+00:00","No game log found (possible DNP or API delay) | Re-graded: stat found on retry"
"2026-03-01T11:15:30.500450-05:00","DEN Nuggets vs MIN Timberwolves (3:40 PM EST)","Jaden McDaniels","Rebounds Assists","Under","7.5","100","BetMGM","2.02","40.0","10","False","FD at -120, DK at -119, ESPN at -120","3547259","25a45928a3d4b8a0d492283f6f434421","2026-03-01T20:40:00+00:00","player_rebounds_assists","True","Win","4","2026-03-02T17:30:45.751297+00:00","No game log found (possible DNP or API delay) | Re-graded: stat found on retry"
"2026-03-01T11:15:36.861709-05:00","IND Pacers vs MEM Grizzlies (5:10 PM EST)","Cam Spencer","Rebounds Assists","Under","7.5","105","HardRockBet","3.32","50.0","10","False","FD at -118, DK at -106, ESPN at -110","1028048549","1ac567e2d0cf71fd4c1de0ff58cb9a0a","2026-03-01T22:10:00+00:00","player_rebounds_assists","True","Win","7","2026-03-02T17:30:45.751297+00:00","No game log found (possible DNP or API delay) | Re-graded: stat found on retry"
"2026-03-01T11:15:44.382811-05:00","ATL Hawks vs POR Blazers (6:10 PM EST)","Scoot Henderson","Assists","Over","4.5","100","HardRockBet","4.82","44.44","9","False","FD at -128, DK at -121, ESPN at -105","56677747","36b7acd903108abf04b18bf6449f45b3","2026-03-01T23:10:00+00:00","player_assists","True","Loss","3","2026-03-02T17:30:45.751297+00:00","No game log found (possible DNP or API delay) | Re-graded: stat found on retry"
"2026-03-01T11:15:46.739057-05:00","ATL Hawks vs POR Blazers (6:10 PM EST)","Scoot Henderson","Assists","Over","4.5","100","BetMGM","4.82","44.44","9","False","FD at -128, DK at -121, ESPN at -105","56677747","36b7acd903108abf04b18bf6449f45b3","2026-03-01T23:10:00+00:00","player_assists","True","Loss","3","2026-03-02T17:30:45.751297+00:00","No game log found (possible DNP or API delay) | Re-graded: stat found on retry"
"2026-03-01T11:15:54.448664-05:00","ATL Hawks vs POR Blazers (6:10 PM EST)","Nickeil Alexander-Walker","Rebounds Assists","Under","7.5","105","HardRockBet","2.5","40.0","10","False","FD at -114, DK at -120, ESPN at -115","666400","36b7acd903108abf04b18bf6449f45b3","2026-03-01T23:10:00+00:00","player_rebounds_assists","True","Win","7","2026-03-02T05:12:02.081226+00:00",""
"2026-03-01T11:15:57.270057-05:00","ATL Hawks vs POR Blazers (6:10 PM EST)","Nickeil Alexander-Walker","Rebounds Assists","Under","7.5","105","BetMGM","2.5","40.0","10","False","FD at -114, DK at -120, ESPN at -115","666400","36b7acd903108abf04b18bf6449f45b3","2026-03-01T23:10:00+00:00","player_rebounds_assists","True","Win","7","2026-03-02T05:12:02.081226+00:00",""
"2026-03-01T11:16:08.180369-05:00","BOS Celtics vs PHI 76ers (6:10 PM EST)","Payton Pritchard","Points","Over","17.5","-105","HardRockBet","2.32","70.0","10","False","FD at -128, DK at -124, ESPN at -125","3547276","7129ee2856df2237632c277ccbc657f7","2026-03-01T23:10:00+00:00","player_points","True","Loss","0","2026-03-02T17:30:45.751297+00:00","No game log found (possible DNP or API delay) | Re-graded: stat found on retry"
"2026-03-01T11:16:10.706311-05:00","BOS Celtics vs PHI 76ers (6:10 PM EST)","Payton Pritchard","Points","Over","17.5","-105","BetMGM","2.32","70.0","10","False","FD at -128, DK at -124, ESPN at -125","3547276","7129ee2856df2237632c277ccbc657f7","2026-03-01T23:10:00+00:00","player_points","True","Loss","0","2026-03-02T17:30:45.751297+00:00","No game log found (possible DNP or API delay) | Re-graded: stat found on retry"
"2026-03-01T11:16:35.078787-05:00","LAC Clippers vs NOP Pelicans (9:10 PM EST)","Kris Dunn","Points","Over","8.5","100","HardRockBet","4.82","40.0","10","False","FD at -128, DK at -108, ESPN at -125","139","7ef96743c87da2d41e5269fb5d3ac078","2026-03-02T02:10:00+00:00","player_points","True","Void","DNP or no data","2026-03-02T08:12:37.983154+00:00","No game log found (possible DNP or API delay)"
"2026-03-01T11:16:51.929976-05:00","LAC Clippers vs NOP Pelicans (9:10 PM EST)","Kawhi Leonard","Rebounds Assists","Over","11.5","105","HardRockBet","11.09","40.0","10","False","FD at -138, DK at -135, ESPN at -125","274","7ef96743c87da2d41e5269fb5d3ac078","2026-03-02T02:10:00+00:00","player_rebounds_assists","True","Void","DNP or no data","2026-03-02T08:12:37.983154+00:00","No game log found (possible DNP or API delay)"
"2026-03-01T11:20:21.271439-05:00","NYK Knicks vs SAS Spurs (1:10 PM EST)","Josh Hart","Points Assists","Under","15.5","100","BetMGM","3.83","60.0","10","False","FD at -125, DK at -115, ESPN at -110","202","bb4195b038cce802d282f17ff4ca7471","2026-03-01T18:10:00+00:00","player_points_assists","True","Loss","17","2026-03-02T00:11:33.961506+00:00",""
"2026-03-01T11:20:23.990591-05:00","BKN Nets vs CLE Cavaliers (3:40 PM EST)","Evan Mobley","Rebounds Assists","Under","10.5","105","BetMGM","3.74","40.0","10","False","FD at -118, DK at -115, ESPN at -105","17896076","ab2357087428a9fee8c8a747eed1fced","2026-03-01T20:40:00+00:00","player_rebounds_assists","True","Loss","15","2026-03-02T17:30:45.751297+00:00","No game log found (possible DNP or API delay) | Re-graded: stat found on retry"
"2026-03-01T11:36:34.496615-05:00","NYK Knicks vs SAS Spurs (1:10 PM EST)","Mikal Bridges","Rebounds","Under","3.5","-110","HardRockBet","8.19","40.0","10","False","FD at -150, DK at -149, ESPN at -150","61","bb4195b038cce802d282f17ff4ca7471","2026-03-01T18:10:00+00:00","player_rebounds","True","Loss","5","2026-03-02T00:11:33.961506+00:00",""
"2026-03-01T11:36:44.641432-05:00","BKN Nets vs CLE Cavaliers (3:40 PM EST)","Evan Mobley","Rebounds Assists","Under","10.5","105","HardRockBet","3.74","40.0","10","False","FD at -118, DK at -115, ESPN at -105","17896076","ab2357087428a9fee8c8a747eed1fced","2026-03-01T20:40:00+00:00","player_rebounds_assists","True","Loss","15","2026-03-02T17:30:45.751297+00:00","No game log found (possible DNP or API delay) | Re-graded: stat found on retry"
"2026-03-01T11:36:46.400976-05:00","BKN Nets vs CLE Cavaliers (3:40 PM EST)","Evan Mobley","Rebounds Assists","Under","10.5","105","BetMGM","3.74","40.0","10","False","FD at -118, DK at -115, ESPN at -105","17896076","ab2357087428a9fee8c8a747eed1fced","2026-03-01T20:40:00+00:00","player_rebounds_assists","True","Loss","15","2026-03-02T17:30:45.751297+00:00","No game log found (possible DNP or API delay) | Re-graded: stat found on retry"
"2026-03-01T11:37:06.637634-05:00","DEN Nuggets vs MIN Timberwolves (3:40 PM EST)","Julius Randle","Rebounds Assists","Over","11.5","102","DraftKings","2.23","40.0","10","False","FD at -118, DK at 102, ESPN at -120","387","25a45928a3d4b8a0d492283f6f434421","2026-03-01T20:40:00+00:00","player_rebounds_assists","True","Win","16","2026-03-02T02:41:09.448954+00:00",""
"2026-03-01T11:37:09.916879-05:00","DEN Nuggets vs MIN Timberwolves (3:40 PM EST)","Jaden McDaniels","Rebounds Assists","Under","7.5","100","HardRockBet","2.02","40.0","10","False","FD at -120, DK at -119, ESPN at -120","3547259","25a45928a3d4b8a0d492283f6f434421","2026-03-01T20:40:00+00:00","player_rebounds_assists","True","Win","4","2026-03-02T17:30:45.751297+00:00","No game log found (possible DNP or API delay) | Re-graded: stat found on retry"
"2026-03-01T11:37:11.876012-05:00","DEN Nuggets vs MIN Timberwolves (3:40 PM EST)","Jaden McDaniels","Rebounds Assists","Under","7.5","100","BetMGM","2.02","40.0","10","False","FD at -120, DK at -119, ESPN at -120","3547259","25a45928a3d4b8a0d492283f6f434421","2026-03-01T20:40:00+00:00","player_rebounds_assists","True","Win","4","2026-03-02T17:30:45.751297+00:00","No game log found (possible DNP or API delay) | Re-graded: stat found on retry"
"2026-03-01T11:37:22.851921-05:00","IND Pacers vs MEM Grizzlies (5:10 PM EST)","Cam Spencer","Rebounds Assists","Under","7.5","105","HardRockBet","3.32","50.0","10","False","FD at -118, DK at -106, ESPN at -110","1028048549","1ac567e2d0cf71fd4c1de0ff58cb9a0a","2026-03-01T22:10:00+00:00","player_rebounds_assists","True","Win","7","2026-03-02T17:30:45.751297+00:00","No game log found (possible DNP or API delay) | Re-graded: stat found on retry"
"2026-03-01T11:37:30.123198-05:00","ATL Hawks vs POR Blazers (6:10 PM EST)","Scoot Henderson","Assists","Over","4.5","100","HardRockBet","4.82","44.44","9","False","FD at -128, DK at -121, ESPN at -105","56677747","36b7acd903108abf04b18bf6449f45b3","2026-03-01T23:10:00+00:00","player_assists","True","Loss","3","2026-03-02T17:30:45.751297+00:00","No game log found (possible DNP or API delay) | Re-graded: stat found on retry"
"2026-03-01T11:37:31.835223-05:00","ATL Hawks vs POR Blazers (6:10 PM EST)","Scoot Henderson","Assists","Over","4.5","105","BetMGM","7.44","44.44","9","False","FD at -128, DK at -121, ESPN at -105","56677747","36b7acd903108abf04b18bf6449f45b3","2026-03-01T23:10:00+00:00","player_assists","True","Loss","3","2026-03-02T17:30:45.751297+00:00","No game log found (possible DNP or API delay) | Re-graded: stat found on retry"
"2026-03-01T11:37:55.216948-05:00","BOS Celtics vs PHI 76ers (6:10 PM EST)","Tyrese Maxey","Rebounds Assists","Over","10.5","100","HardRockBet","7.58","50.0","10","False","FD at -136, DK at -139, ESPN at -140","3547254","7129ee2856df2237632c277ccbc657f7","2026-03-01T23:10:00+00:00","player_rebounds_assists","True","Loss","9","2026-03-02T17:30:45.751297+00:00","No game log found (possible DNP or API delay) | Re-graded: stat found on retry"
"2026-03-01T11:38:07.032338-05:00","DAL Mavericks vs OKC Thunder (8:10 PM EST)","Max Christie","Rebounds","Under","3.5","-105","HardRockBet","2.32","80.0","10","False","FD at -128, DK at -128","38017697","3d268484ec4724f35d87620826643242","2026-03-02T01:10:00+00:00","player_rebounds","True","Void","DNP or no data","2026-03-02T07:12:24.876874+00:00","No game log found (possible DNP or API delay)"
"2026-03-01T11:38:21.169173-05:00","LAC Clippers vs NOP Pelicans (9:10 PM EST)","Derik Queen","Rebounds Assists","Over","9.5","105","HardRockBet","6.43","50.0","10","False","FD at -125, DK at -109, ESPN at -110","1057274415","7ef96743c87da2d41e5269fb5d3ac078","2026-03-02T02:10:00+00:00","player_rebounds_assists","True","Void","DNP or no data","2026-03-02T08:12:37.983154+00:00","No game log found (possible DNP or API delay)"
"2026-03-01T11:38:34.533215-05:00","LAL Lakers vs SAC Kings (9:40 PM EST)","DeMar DeRozan","Assists","Under","3.5","-120","HardRockBet","8.83","40.0","10","False","FD at -174, DK at -137, ESPN at -145","125","517d3f658ed7692ebe7eaea81aa3c1ef","2026-03-02T02:40:00+00:00","player_assists","True","Void","DNP or no data","2026-03-02T08:42:40.832631+00:00","No game log found (possible DNP or API delay)"
"2026-03-01T11:41:45.958918-05:00","NYK Knicks vs SAS Spurs (1:10 PM EST)","Julian Champagnie","Points Rebounds","Over","14.5","100","BetMGM","2.08","40.0","10","False","FD at -118, DK at -120, ESPN at -120","38017649","bb4195b038cce802d282f17ff4ca7471","2026-03-01T18:10:00+00:00","player_points_rebounds","True","Loss","7","2026-03-02T00:11:33.961506+00:00",""
"2026-03-01T11:41:48.095127-05:00","BKN Nets vs CLE Cavaliers (3:40 PM EST)","Evan Mobley","Rebounds Assists","Under","10.5","105","HardRockBet","3.35","40.0","10","False","FD at -115, DK at -115, ESPN at -105","17896076","ab2357087428a9fee8c8a747eed1fced","2026-03-01T20:40:00+00:00","player_rebounds_assists","True","Loss","15","2026-03-02T17:30:45.751297+00:00","No game log found (possible DNP or API delay) | Re-graded: stat found on retry"
"2026-03-01T11:41:49.896919-05:00","BKN Nets vs CLE Cavaliers (3:40 PM EST)","Evan Mobley","Rebounds Assists","Under","10.5","105","BetMGM","3.35","40.0","10","False","FD at -115, DK at -115, ESPN at -105","17896076","ab2357087428a9fee8c8a747eed1fced","2026-03-01T20:40:00+00:00","player_rebounds_assists","True","Loss","15","2026-03-02T17:30:45.751297+00:00","No game log found (possible DNP or API delay) | Re-graded: stat found on retry"
"2026-03-01T11:41:52.167498-05:00","DEN Nuggets vs MIN Timberwolves (3:40 PM EST)","Jaden McDaniels","Rebounds Assists","Under","7.5","100","HardRockBet","2.4","40.0","10","False","FD at -122, DK at -119, ESPN at -120","3547259","25a45928a3d4b8a0d492283f6f434421","2026-03-01T20:40:00+00:00","player_rebounds_assists","True","Win","4","2026-03-02T17:30:45.751297+00:00","No game log found (possible DNP or API delay) | Re-graded: stat found on retry"
"2026-03-01T11:41:53.992832-05:00","DEN Nuggets vs MIN Timberwolves (3:40 PM EST)","Jaden McDaniels","Rebounds Assists","Under","7.5","100","BetMGM","2.4","40.0","10","False","FD at -122, DK at -119, ESPN at -120","3547259","25a45928a3d4b8a0d492283f6f434421","2026-03-01T20:40:00+00:00","player_rebounds_assists","True","Win","4","2026-03-02T17:30:45.751297+00:00","No game log found (possible DNP or API delay) | Re-graded: stat found on retry"
"2026-03-01T11:42:00.398851-05:00","LAC Clippers vs NOP Pelicans (9:10 PM EST)","Kris Dunn","Points","Over","8.5","100","HardRockBet","5.63","40.0","10","False","FD at -130, DK at -108, ESPN at -130","139","7ef96743c87da2d41e5269fb5d3ac078","2026-03-02T02:10:00+00:00","player_points","True","Void","DNP or no data","2026-03-02T08:12:37.983154+00:00","No game log found (possible DNP or API delay)"
"2026-03-01T11:42:11.851544-05:00","LAC Clippers vs NOP Pelicans (9:10 PM EST)","Kawhi Leonard","Rebounds Assists","Over","11.5","-105","HardRockBet","5.8","40.0","10","False","FD at -138, DK at -142, ESPN at -140","274","7ef96743c87da2d41e5269fb5d3ac078","2026-03-02T02:10:00+00:00","player_rebounds_assists","True","Void","DNP or no data","2026-03-02T08:12:37.983154+00:00","No game log found (possible DNP or API delay)"
"2026-03-01T11:42:16.194317-05:00","LAC Clippers vs NOP Pelicans (9:10 PM EST)","Brook Lopez","Threes","Over","1.5","-125","HardRockBet","6.28","40.0","10","False","FD at -172, DK at -156, ESPN at -140","283","7ef96743c87da2d41e5269fb5d3ac078","2026-03-02T02:10:00+00:00","player_threes","True","Void","DNP or no data","2026-03-02T08:12:37.983154+00:00","No game log found (possible DNP or API delay)"
"2026-03-01T11:45:29.528828-05:00","DEN Nuggets vs MIN Timberwolves (3:40 PM EST)","Jaden McDaniels","Rebounds Assists","Under","7.5","100","HardRockBet","2.08","40.0","10","False","FD at -118, DK at -119, ESPN at -120","3547259","25a45928a3d4b8a0d492283f6f434421","2026-03-01T20:40:00+00:00","player_rebounds_assists","True","Win","4","2026-03-02T17:30:45.751297+00:00","No game log found (possible DNP or API delay) | Re-graded: stat found on retry"
"2026-03-01T11:45:32.204349-05:00","DEN Nuggets vs MIN Timberwolves (3:40 PM EST)","Jaden McDaniels","Rebounds Assists","Under","7.5","100","BetMGM","2.08","40.0","10","False","FD at -118, DK at -119, ESPN at -120","3547259","25a45928a3d4b8a0d492283f6f434421","2026-03-01T20:40:00+00:00","player_rebounds_assists","True","Win","4","2026-03-02T17:30:45.751297+00:00","No game log found (possible DNP or API delay) | Re-graded: stat found on retry"
"2026-03-01T11:45:37.383391-05:00","LAC Clippers vs NOP Pelicans (9:10 PM EST)","Brook Lopez","Threes","Over","1.5","-120","HardRockBet","7.47","40.0","10","False","FD at -168, DK at -156, ESPN at -140","283","7ef96743c87da2d41e5269fb5d3ac078","2026-03-02T02:10:00+00:00","player_threes","True","Void","DNP or no data","2026-03-02T08:12:37.983154+00:00","No game log found (possible DNP or API delay)"
"2026-03-01T11:45:40.933065-05:00","LAC Clippers vs NOP Pelicans (9:10 PM EST)","Saddiq Bey","Threes","Under","2.5","-125","HardRockBet","4.93","40.0","10","False","FD at -166, DK at -158, ESPN at -160","3547256","7ef96743c87da2d41e5269fb5d3ac078","2026-03-02T02:10:00+00:00","player_threes","True","Void","DNP or no data","2026-03-02T08:12:37.983154+00:00","No game log found (possible DNP or API delay)"
"2026-03-01T11:45:45.556396-05:00","LAL Lakers vs SAC Kings (9:40 PM EST)","Luka Doncic","Assists","Under","8.5","107","BetParx","2.24","70.0","10","False","FD at -112, DK at -116, ESPN at -110","132","517d3f658ed7692ebe7eaea81aa3c1ef","2026-03-02T02:40:00+00:00","player_assists","True","Void","DNP or no data","2026-03-02T08:42:40.832631+00:00","No game log found (possible DNP or API delay)"
"2026-03-01T11:50:10.469570-05:00","LAC Clippers vs NOP Pelicans (9:10 PM EST)","Dejounte Murray","Assists","Over","5.5","105","BetMGM","3.74","50.0","2","False","FD at -118, DK at -121, ESPN at -110, Pinnacle at -135","334","7ef96743c87da2d41e5269fb5d3ac078","2026-03-02T02:10:00+00:00","player_assists","True","Void","DNP or no data","2026-03-02T08:12:37.983154+00:00","No game log found (possible DNP or API delay)"
"2026-03-01T11:50:13.552391-05:00","LAC Clippers vs NOP Pelicans (9:10 PM EST)","Dejounte Murray","Assists","Over","5.5","105","HardRockBet","3.74","50.0","2","False","FD at -118, DK at -121, ESPN at -110, Pinnacle at -135","334","7ef96743c87da2d41e5269fb5d3ac078","2026-03-02T02:10:00+00:00","player_assists","True","Void","DNP or no data","2026-03-02T08:12:37.983154+00:00","No game log found (possible DNP or API delay)"
"2026-03-01T11:50:39.018913-05:00","LAL Lakers vs SAC Kings (9:40 PM EST)","Precious Achiuwa","Points Rebounds","Over","18.5","-102","FanDuel","3.53","30.0","10","False","ESPN at -125, DK at -128","3547249","517d3f658ed7692ebe7eaea81aa3c1ef","2026-03-02T02:40:00+00:00","player_points_rebounds","True","Void","DNP or no data","2026-03-02T08:42:40.832631+00:00","No game log found (possible DNP or API delay)"
"2026-03-01T11:53:50.774353-05:00","BOS Celtics vs PHI 76ers (6:10 PM EST)","Payton Pritchard","Points","Over","17.5","-105","HardRockBet","2.32","70.0","10","False","FD at -128, DK at -124, ESPN at -125","3547276","7129ee2856df2237632c277ccbc657f7","2026-03-01T23:10:00+00:00","player_points","True","Loss","0","2026-03-02T17:30:45.751297+00:00","No game log found (possible DNP or API delay) | Re-graded: stat found on retry"
"2026-03-01T11:57:18.487734-05:00","IND Pacers vs MEM Grizzlies (5:10 PM EST)","Andrew Nembhard","Points","Under","18.5","-105","HardRockBet","3.12","40.0","10","False","FD at -130, ESPN at -125, Pinnacle at -136","38017507","1ac567e2d0cf71fd4c1de0ff58cb9a0a","2026-03-01T22:10:00+00:00","player_points","True","Void","DNP or no data","2026-03-02T04:11:48.729844+00:00","No game log found (possible DNP or API delay)"
"2026-03-01T11:57:24.337726-05:00","LAC Clippers vs NOP Pelicans (9:10 PM EST)","Jeremiah Fears","Threes","Under","1.5","-160","BetMGM","5.03","60.0","10","False","FD at -225, DK at -205, ESPN at -195","1057267077","7ef96743c87da2d41e5269fb5d3ac078","2026-03-02T02:10:00+00:00","player_threes","True","Void","DNP or no data","2026-03-02T08:12:37.983154+00:00","No game log found (possible DNP or API delay)"
"2026-03-01T11:57:26.372648-05:00","LAC Clippers vs NOP Pelicans (9:10 PM EST)","Jeremiah Fears","Threes","Under","1.5","-170","HardRockBet","2.66","60.0","10","False","FD at -225, DK at -205, ESPN at -195","1057267077","7ef96743c87da2d41e5269fb5d3ac078","2026-03-02T02:10:00+00:00","player_threes","True","Void","DNP or no data","2026-03-02T08:12:37.983154+00:00","No game log found (possible DNP or API delay)"
"2026-03-01T11:57:28.716831-05:00","LAL Lakers vs SAC Kings (9:40 PM EST)","DeMar DeRozan","Rebounds","Under","2.5","-110","BetParx","2.69","60.0","10","False","FD at -136, DK at -131, ESPN at -130","125","517d3f658ed7692ebe7eaea81aa3c1ef","2026-03-02T02:40:00+00:00","player_rebounds","True","Void","DNP or no data","2026-03-02T08:42:40.832631+00:00","No game log found (possible DNP or API delay)"
"2026-03-01T12:01:37.229092-05:00","DAL Mavericks vs OKC Thunder (8:10 PM EST)","Luguentz Dort","Rebounds","Over","3.5","-120","theScore","3.3","40.0","10","False","FD at -152, DK at -141, ESPN at -120","666541","3d268484ec4724f35d87620826643242","2026-03-02T01:10:00+00:00","player_rebounds","True","Void","DNP or no data","2026-03-02T07:12:24.876874+00:00","No game log found (possible DNP or API delay)"
"2026-03-01T12:01:39.676222-05:00","DAL Mavericks vs OKC Thunder (8:10 PM EST)","Luguentz Dort","Rebounds","Over","3.5","-105","HardRockBet","10.01","40.0","10","False","FD at -152, DK at -141, ESPN at -120","666541","3d268484ec4724f35d87620826643242","2026-03-02T01:10:00+00:00","player_rebounds","True","Void","DNP or no data","2026-03-02T07:12:24.876874+00:00","No game log found (possible DNP or API delay)"
"2026-03-01T12:01:47.189896-05:00","DAL Mavericks vs OKC Thunder (8:10 PM EST)","Naji Marshall","Rebounds Assists","Under","8.5","110","HardRockBet","10.06","60.0","10","False","FD at -128, DK at -113","3547293","3d268484ec4724f35d87620826643242","2026-03-02T01:10:00+00:00","player_rebounds_assists","True","Void","DNP or no data","2026-03-02T07:12:24.876874+00:00","No game log found (possible DNP or API delay)"
"2026-03-01T12:02:16.451736-05:00","LAL Lakers vs SAC Kings (9:40 PM EST)","Luka Doncic","Assists","Under","8.5","110","BetRivers","3.73","70.0","10","True","FD at -112, DK at -116, ESPN at -110, Pinnacle at -104","132","517d3f658ed7692ebe7eaea81aa3c1ef","2026-03-02T02:40:00+00:00","player_assists","True","Void","DNP or no data","2026-03-02T08:42:40.832631+00:00","No game log found (possible DNP or API delay)"
"2026-03-01T12:05:23.768514-05:00","BKN Nets vs CLE Cavaliers (3:40 PM EST)","Terance Mann","Assists","Over","2.5","-122","DraftKings","4.0","40.0","10","False","FD at -154, DK at -122, ESPN at -140","666743","ab2357087428a9fee8c8a747eed1fced","2026-03-01T20:40:00+00:00","player_assists","True","Win","4","2026-03-02T02:41:09.448954+00:00",""
"2026-03-01T12:05:27.606695-05:00","BKN Nets vs CLE Cavaliers (3:40 PM EST)","Nicolas Claxton","Assists","Under","3.5","105","BetMGM","3.35","60.0","10","False","FD at -115, DK at -122, ESPN at -115","666508","ab2357087428a9fee8c8a747eed1fced","2026-03-01T20:40:00+00:00","player_assists","True","Void","DNP or no data","2026-03-02T02:41:09.448954+00:00","No game log found (possible DNP or API delay)"
"2026-03-01T12:05:40.745382-05:00","BOS Celtics vs PHI 76ers (6:10 PM EST)","Jaylen Brown","Rebounds Assists","Over","11.5","-105","HardRockBet","5.8","60.0","10","False","FD at -138, DK at -114, ESPN at -120","70","7129ee2856df2237632c277ccbc657f7","2026-03-01T23:10:00+00:00","player_rebounds_assists","True","Win","16","2026-03-02T17:30:45.751297+00:00","No game log found (possible DNP or API delay) | Re-graded: stat found on retry"
"2026-03-01T12:05:48.057568-05:00","LAL Lakers vs SAC Kings (9:40 PM EST)","LeBron James","Assists","Over","6.5","-120","HardRockBet","3.95","70.0","10","True","FD at -154, DK at -147, ESPN at -140, Pinnacle at -139","237","517d3f658ed7692ebe7eaea81aa3c1ef","2026-03-02T02:40:00+00:00","player_assists","True","Void","DNP or no data","2026-03-02T08:42:40.832631+00:00","No game log found (possible DNP or API delay)"
"2026-03-01T12:05:54.146425-05:00","LAL Lakers vs SAC Kings (9:40 PM EST)","LeBron James","Rebounds Assists","Over","12.5","105","HardRockBet","11.09","60.0","10","False","FD at -138, DK at -127, ESPN at -125","237","517d3f658ed7692ebe7eaea81aa3c1ef","2026-03-02T02:40:00+00:00","player_rebounds_assists","True","Void","DNP or no data","2026-03-02T08:42:40.832631+00:00","No game log found (possible DNP or API delay)"
"2026-03-01T12:08:58.297978-05:00","BKN Nets vs CLE Cavaliers (3:40 PM EST)","James Harden","Assists","Under","8.5","-110","BetRivers","5.83","50.0","10","False","FD at -142, DK at -123, ESPN at -125, Pinnacle at -132","192","ab2357087428a9fee8c8a747eed1fced","2026-03-01T20:40:00+00:00","player_assists","True","Win","8","2026-03-02T02:41:09.448954+00:00",""
"2026-03-01T12:09:00.599558-05:00","BKN Nets vs CLE Cavaliers (3:40 PM EST)","James Harden","Assists","Under","8.5","-109","BetParx","6.29","50.0","10","False","FD at -142, DK at -123, ESPN at -125, Pinnacle at -132","192","ab2357087428a9fee8c8a747eed1fced","2026-03-01T20:40:00+00:00","player_assists","True","Win","8","2026-03-02T02:41:09.448954+00:00",""
"2026-03-01T12:09:04.740957-05:00","BKN Nets vs CLE Cavaliers (3:40 PM EST)","James Harden","Assists","Under","8.5","-110","BetMGM","5.83","50.0","10","False","FD at -142, DK at -123, ESPN at -125, Pinnacle at -132","192","ab2357087428a9fee8c8a747eed1fced","2026-03-01T20:40:00+00:00","player_assists","True","Win","8","2026-03-02T02:41:09.448954+00:00",""
"2026-03-01T12:09:10.357218-05:00","BKN Nets vs CLE Cavaliers (3:40 PM EST)","James Harden","Threes","Under","2.5","-117","BetRivers","5.11","30.0","10","False","FD at -150, DK at -143, ESPN at -130","192","ab2357087428a9fee8c8a747eed1fced","2026-03-01T20:40:00+00:00","player_threes","True","Loss","4","2026-03-02T02:41:09.448954+00:00",""
"2026-03-01T12:09:12.360622-05:00","BKN Nets vs CLE Cavaliers (3:40 PM EST)","James Harden","Threes","Under","2.5","-115","BetParx","5.95","30.0","10","False","FD at -150, DK at -143, ESPN at -130, Pinnacle at -131","192","ab2357087428a9fee8c8a747eed1fced","2026-03-01T20:40:00+00:00","player_threes","True","Loss","4","2026-03-02T02:41:09.448954+00:00",""
"2026-03-01T12:09:21.977168-05:00","DEN Nuggets vs MIN Timberwolves (3:40 PM EST)","Jaden McDaniels","Rebounds Assists","Under","7.5","100","HardRockBet","2.91","40.0","10","False","FD at -120, DK at -123, ESPN at -120","3547259","25a45928a3d4b8a0d492283f6f434421","2026-03-01T20:40:00+00:00","player_rebounds_assists","True","Win","4","2026-03-02T17:30:45.751297+00:00","No game log found (possible DNP or API delay) | Re-graded: stat found on retry"
"2026-03-01T12:09:23.863945-05:00","DEN Nuggets vs MIN Timberwolves (3:40 PM EST)","Jaden McDaniels","Rebounds Assists","Under","7.5","100","BetMGM","2.91","40.0","10","False","FD at -120, DK at -123, ESPN at -120","3547259","25a45928a3d4b8a0d492283f6f434421","2026-03-01T20:40:00+00:00","player_rebounds_assists","True","Win","4","2026-03-02T17:30:45.751297+00:00","No game log found (possible DNP or API delay) | Re-graded: stat found on retry"
"2026-03-01T12:12:40.962098-05:00","BKN Nets vs CLE Cavaliers (3:40 PM EST)","James Harden","Assists","Under","8.5","-110","BetRivers","5.11","50.0","10","False","FD at -140, DK at -123, ESPN at -125, Pinnacle at -132","192","ab2357087428a9fee8c8a747eed1fced","2026-03-01T20:40:00+00:00","player_assists","True","Win","8","2026-03-02T02:41:09.448954+00:00",""
"2026-03-01T12:12:42.811516-05:00","BKN Nets vs CLE Cavaliers (3:40 PM EST)","James Harden","Assists","Under","8.5","-109","BetParx","5.57","50.0","10","False","FD at -140, DK at -123, ESPN at -125, Pinnacle at -132","192","ab2357087428a9fee8c8a747eed1fced","2026-03-01T20:40:00+00:00","player_assists","True","Win","8","2026-03-02T02:41:09.448954+00:00",""
"2026-03-01T12:12:44.682960-05:00","BKN Nets vs CLE Cavaliers (3:40 PM EST)","James Harden","Assists","Under","8.5","-110","BetMGM","5.11","50.0","10","False","FD at -140, DK at -123, ESPN at -125, Pinnacle at -132","192","ab2357087428a9fee8c8a747eed1fced","2026-03-01T20:40:00+00:00","player_assists","True","Win","8","2026-03-02T02:41:09.448954+00:00",""
"2026-03-01T12:13:25.901548-05:00","DAL Mavericks vs OKC Thunder (8:10 PM EST)","Naji Marshall","Rebounds","Under","5.5","-130","HardRockBet","4.47","70.0","10","True","FD at -172, DK at -143, ESPN at -165","3547293","3d268484ec4724f35d87620826643242","2026-03-02T01:10:00+00:00","player_rebounds","True","Void","DNP or no data","2026-03-02T07:12:24.876874+00:00","No game log found (possible DNP or API delay)"
"2026-03-01T12:13:31.567351-05:00","DAL Mavericks vs OKC Thunder (8:10 PM EST)","Naji Marshall","Assists","Under","3.5","-125","HardRockBet","2.06","60.0","10","False","FD at -154, DK at -158","3547293","3d268484ec4724f35d87620826643242","2026-03-02T01:10:00+00:00","player_assists","True","Void","DNP or no data","2026-03-02T07:12:24.876874+00:00","No game log found (possible DNP or API delay)"
"2026-03-01T12:17:05.012096-05:00","CHI Bulls vs MIL Bucks (3:40 PM EST)","Ryan Rollins","Assists","Under","5.5","-102","DraftKings","2.73","60.0","10","False","FD at -122, DK at -102, ESPN at -125, Pinnacle at -130","38017712","cc2edd23c90efdc9ac05b2dda6db0710","2026-03-01T20:40:00+00:00","player_assists","True","Loss","7","2026-03-02T02:41:09.448954+00:00",""
"2026-03-01T12:17:12.605140-05:00","CHI Bulls vs MIL Bucks (3:40 PM EST)","Kyle Kuzma","Points Assists","Under","16.5","-105","HardRockBet","3.12","40.0","10","False","FD at -130, DK at -111, ESPN at -120","265","cc2edd23c90efdc9ac05b2dda6db0710","2026-03-01T20:40:00+00:00","player_points_assists","True","Win","14","2026-03-02T17:30:45.751297+00:00","No game log found (possible DNP or API delay) | Re-graded: stat found on retry"
"2026-03-01T12:17:15.316531-05:00","CHI Bulls vs MIL Bucks (3:40 PM EST)","Kyle Kuzma","Points Assists","Under","16.5","-105","BetMGM","3.12","40.0","10","False","FD at -130, DK at -111, ESPN at -120","265","cc2edd23c90efdc9ac05b2dda6db0710","2026-03-01T20:40:00+00:00","player_points_assists","True","Win","14","2026-03-02T17:30:45.751297+00:00","No game log found (possible DNP or API delay) | Re-graded: stat found on retry"
"2026-03-01T12:17:17.788207-05:00","CHI Bulls vs MIL Bucks (3:40 PM EST)","Kyle Kuzma","Threes","Under","1.5","-135","HardRockBet","2.03","40.0","10","False","FD at -164, DK at -167, ESPN at -180","265","cc2edd23c90efdc9ac05b2dda6db0710","2026-03-01T20:40:00+00:00","player_threes","True","Win","0","2026-03-02T17:30:45.751297+00:00","No game log found (possible DNP or API delay) | Re-graded: stat found on retry"
"2026-03-01T12:17:25.199162-05:00","LAC Clippers vs NOP Pelicans (9:10 PM EST)","Brook Lopez","Threes","Over","1.5","-120","HardRockBet","7.86","40.0","10","False","FD at -172, DK at -156, ESPN at -140","283","7ef96743c87da2d41e5269fb5d3ac078","2026-03-02T02:10:00+00:00","player_threes","True","Void","DNP or no data","2026-03-02T08:12:37.983154+00:00","No game log found (possible DNP or API delay)"
"2026-03-01T12:20:32.401036-05:00","BKN Nets vs CLE Cavaliers (3:40 PM EST)","James Harden","Assists","Under","8.5","-113","BetRivers","4.49","50.0","10","False","FD at -142, DK at -129, ESPN at -125, Pinnacle at -132","192","ab2357087428a9fee8c8a747eed1fced","2026-03-01T20:40:00+00:00","player_assists","True","Win","8","2026-03-02T02:41:09.448954+00:00",""
"2026-03-01T12:20:34.141692-05:00","BKN Nets vs CLE Cavaliers (3:40 PM EST)","James Harden","Assists","Under","8.5","-112","BetParx","4.93","50.0","10","False","FD at -142, DK at -129, ESPN at -125, Pinnacle at -132","192","ab2357087428a9fee8c8a747eed1fced","2026-03-01T20:40:00+00:00","player_assists","True","Win","8","2026-03-02T02:41:09.448954+00:00",""
"2026-03-01T12:20:36.003257-05:00","BKN Nets vs CLE Cavaliers (3:40 PM EST)","James Harden","Assists","Under","8.5","-110","BetMGM","5.83","50.0","10","False","FD at -142, DK at -129, ESPN at -125, Pinnacle at -132","192","ab2357087428a9fee8c8a747eed1fced","2026-03-01T20:40:00+00:00","player_assists","True","Win","8","2026-03-02T02:41:09.448954+00:00",""
"2026-03-01T12:20:47.668012-05:00","CHI Bulls vs MIL Bucks (3:40 PM EST)","Matas Buzelis","Rebounds","Under","6.5","102","BetParx","1.84","60.0","10","False","FD at -115, DK at -107, ESPN at -120","1028025177","cc2edd23c90efdc9ac05b2dda6db0710","2026-03-01T20:40:00+00:00","player_rebounds","True","Loss","7","2026-03-02T02:41:09.448954+00:00",""
"2026-03-01T12:21:09.797949-05:00","DAL Mavericks vs OKC Thunder (8:10 PM EST)","Max Christie","Points","Under","15.5","100","HardRockBet","2.84","60.0","10","False","FD at -122, DK at -110, ESPN at -120","38017697","3d268484ec4724f35d87620826643242","2026-03-02T01:10:00+00:00","player_points","True","Void","DNP or no data","2026-03-02T07:12:24.876874+00:00","No game log found (possible DNP or API delay)"
"2026-03-01T12:24:31.333003-05:00","BKN Nets vs CLE Cavaliers (3:40 PM EST)","Jaylon Tyson","Points","Over","14.5","-103","DraftKings","1.87","30.0","10","False","FD at -120, DK at -103, ESPN at -125, Pinnacle at -121","1028028993","ab2357087428a9fee8c8a747eed1fced","2026-03-01T20:40:00+00:00","player_points","True","Loss","9","2026-03-02T17:30:45.751297+00:00","No game log found (possible DNP or API delay) | Re-graded: stat found on retry"
"2026-03-01T12:24:36.994484-05:00","BKN Nets vs CLE Cavaliers (3:40 PM EST)","James Harden","Assists","Under","8.5","-113","BetRivers","3.78","50.0","10","False","FD at -140, DK at -129, ESPN at -125","192","ab2357087428a9fee8c8a747eed1fced","2026-03-01T20:40:00+00:00","player_assists","True","Win","8","2026-03-02T02:41:09.448954+00:00",""
"2026-03-01T12:24:39.130168-05:00","BKN Nets vs CLE Cavaliers (3:40 PM EST)","James Harden","Assists","Under","8.5","-112","BetParx","4.21","50.0","10","False","FD at -140, DK at -129, ESPN at -125, Pinnacle at -127","192","ab2357087428a9fee8c8a747eed1fced","2026-03-01T20:40:00+00:00","player_assists","True","Win","8","2026-03-02T02:41:09.448954+00:00",""
"2026-03-01T12:24:41.869941-05:00","BKN Nets vs CLE Cavaliers (3:40 PM EST)","James Harden","Threes","Under","2.5","-125","BetMGM","2.01","30.0","10","False","FD at -150, DK at -170, ESPN at -170","192","ab2357087428a9fee8c8a747eed1fced","2026-03-01T20:40:00+00:00","player_threes","True","Loss","4","2026-03-02T02:41:09.448954+00:00",""
"2026-03-01T12:24:47.785029-05:00","CHI Bulls vs MIL Bucks (3:40 PM EST)","Matas Buzelis","Rebounds","Under","6.5","102","BetRivers","1.84","60.0","10","False","FD at -115, DK at -107, ESPN at -120","1028025177","cc2edd23c90efdc9ac05b2dda6db0710","2026-03-01T20:40:00+00:00","player_rebounds","True","Loss","7","2026-03-02T02:41:09.448954+00:00",""
"2026-03-01T12:25:14.061008-05:00","BOS Celtics vs PHI 76ers (6:10 PM EST)","Andre Drummond","Rebounds","Under","9.5","-113","BetParx","2.88","60.0","10","False","FD at -140, DK at -116, ESPN at -125, Pinnacle at -138","137","7129ee2856df2237632c277ccbc657f7","2026-03-01T23:10:00+00:00","player_rebounds","True","Loss","12","2026-03-02T05:12:02.081226+00:00",""
"2026-03-01T12:25:59.277951-05:00","LAL Lakers vs SAC Kings (9:40 PM EST)","Marcus Smart","Threes","Under","1.5","-145","BetMGM","2.0","60.0","10","False","FD at -182, DK at -185, ESPN at -170","420","517d3f658ed7692ebe7eaea81aa3c1ef","2026-03-02T02:40:00+00:00","player_threes","True","Void","DNP or no data","2026-03-02T08:42:40.832631+00:00","No game log found (possible DNP or API delay)"
"2026-03-01T12:29:02.484402-05:00","BKN Nets vs CLE Cavaliers (3:40 PM EST)","Jaylon Tyson","Points","Over","14.5","-103","DraftKings","2.24","30.0","10","False","FD at -122, DK at -103, ESPN at -125, Pinnacle at -121","1028028993","ab2357087428a9fee8c8a747eed1fced","2026-03-01T20:40:00+00:00","player_points","True","Loss","9","2026-03-02T17:30:45.751297+00:00","No game log found (possible DNP or API delay) | Re-graded: stat found on retry"
"2026-03-01T12:29:06.809381-05:00","CHI Bulls vs MIL Bucks (3:40 PM EST)","Kevin Porter Jr.","Rebounds","Under","5.5","-129","BetRivers","3.47","40.0","10","False","FD at -162, ESPN at -150","666849","cc2edd23c90efdc9ac05b2dda6db0710","2026-03-01T20:40:00+00:00","player_rebounds","True","Loss","6","2026-03-02T17:30:45.751297+00:00","No game log found (possible DNP or API delay) | Re-graded: stat found on retry"
"2026-03-01T12:29:08.620886-05:00","CHI Bulls vs MIL Bucks (3:40 PM EST)","Kevin Porter Jr.","Rebounds","Under","5.5","-127","BetParx","4.18","40.0","10","False","FD at -162, ESPN at -150, Pinnacle at -148","666849","cc2edd23c90efdc9ac05b2dda6db0710","2026-03-01T20:40:00+00:00","player_rebounds","True","Loss","6","2026-03-02T17:30:45.751297+00:00","No game log found (possible DNP or API delay) | Re-graded: stat found on retry"
"2026-03-01T12:29:18.401325-05:00","BOS Celtics vs PHI 76ers (6:10 PM EST)","Andre Drummond","Rebounds","Under","9.5","-114","BetRivers","2.46","60.0","10","False","FD at -140, DK at -116, ESPN at -140, Pinnacle at -138","137","7129ee2856df2237632c277ccbc657f7","2026-03-01T23:10:00+00:00","player_rebounds","True","Loss","12","2026-03-02T05:12:02.081226+00:00",""
"2026-03-01T12:32:28.099584-05:00","BKN Nets vs CLE Cavaliers (3:40 PM EST)","Noah Clowney","Points","Over","12.5","-102","DraftKings","2.73","30.0","10","False","FD at -122, DK at -102, ESPN at -125","56677843","ab2357087428a9fee8c8a747eed1fced","2026-03-01T20:40:00+00:00","player_points","True","Loss","5","2026-03-02T17:30:45.751297+00:00","No game log found (possible DNP or API delay) | Re-graded: stat found on retry"
"2026-03-01T12:32:30.092692-05:00","BKN Nets vs CLE Cavaliers (3:40 PM EST)","James Harden","Assists","Under","8.5","-112","BetRivers","5.9","50.0","10","False","FD at -146, DK at -129, ESPN at -125, Pinnacle at -127","192","ab2357087428a9fee8c8a747eed1fced","2026-03-01T20:40:00+00:00","player_assists","True","Win","8","2026-03-02T02:41:09.448954+00:00",""
"2026-03-01T12:32:32.254210-05:00","BKN Nets vs CLE Cavaliers (3:40 PM EST)","James Harden","Assists","Under","8.5","-110","BetParx","6.81","50.0","10","False","FD at -146, DK at -129, ESPN at -125, Pinnacle at -127","192","ab2357087428a9fee8c8a747eed1fced","2026-03-01T20:40:00+00:00","player_assists","True","Win","8","2026-03-02T02:41:09.448954+00:00",""
"2026-03-01T12:32:38.915067-05:00","BKN Nets vs CLE Cavaliers (3:40 PM EST)","James Harden","Threes","Under","2.5","-115","BetRivers","6.85","30.0","10","False","FD at -154, DK at -170, ESPN at -150","192","ab2357087428a9fee8c8a747eed1fced","2026-03-01T20:40:00+00:00","player_threes","True","Loss","4","2026-03-02T02:41:09.448954+00:00",""
"2026-03-01T12:32:41.218236-05:00","BKN Nets vs CLE Cavaliers (3:40 PM EST)","James Harden","Threes","Under","2.5","-114","BetParx","7.29","30.0","10","False","FD at -154, DK at -170, ESPN at -150","192","ab2357087428a9fee8c8a747eed1fced","2026-03-01T20:40:00+00:00","player_threes","True","Loss","4","2026-03-02T02:41:09.448954+00:00",""
"2026-03-01T12:32:55.069911-05:00","DEN Nuggets vs MIN Timberwolves (3:40 PM EST)","Jaden McDaniels","Rebounds Assists","Under","7.5","100","HardRockBet","2.08","40.0","10","False","FD at -118, DK at -123, ESPN at -120","3547259","25a45928a3d4b8a0d492283f6f434421","2026-03-01T20:40:00+00:00","player_rebounds_assists","True","Win","4","2026-03-02T17:30:45.751297+00:00","No game log found (possible DNP or API delay) | Re-graded: stat found on retry"
"2026-03-01T12:32:57.062935-05:00","DEN Nuggets vs MIN Timberwolves (3:40 PM EST)","Jaden McDaniels","Rebounds Assists","Under","7.5","100","BetMGM","2.08","40.0","10","False","FD at -118, DK at -123, ESPN at -120","3547259","25a45928a3d4b8a0d492283f6f434421","2026-03-01T20:40:00+00:00","player_rebounds_assists","True","Win","4","2026-03-02T17:30:45.751297+00:00","No game log found (possible DNP or API delay) | Re-graded: stat found on retry"
"2026-03-01T12:33:05.220060-05:00","ORL Magic vs DET Pistons (6:10 PM EST)","Anthony Black","Points","Under","13.5","100","HardRockBet","2.02","60.0","10","False","FD at -120, DK at -122, ESPN at -120","56677827","4d40482f62b199752b8b264572ff8460","2026-03-01T23:10:00+00:00","player_points","True","Void","DNP or no data","2026-03-02T05:12:02.081226+00:00","No game log found (possible DNP or API delay)"
"2026-03-01T12:33:06.859193-05:00","ORL Magic vs DET Pistons (6:10 PM EST)","Anthony Black","Points","Under","13.5","100","BetMGM","2.02","60.0","10","False","FD at -120, DK at -122, ESPN at -120","56677827","4d40482f62b199752b8b264572ff8460","2026-03-01T23:10:00+00:00","player_points","True","Void","DNP or no data","2026-03-02T05:12:02.081226+00:00","No game log found (possible DNP or API delay)"
"2026-03-01T12:36:35.336845-05:00","BKN Nets vs CLE Cavaliers (3:40 PM EST)","Evan Mobley","Points","Over","16.5","100","BetMGM","4.77","30.0","10","False","FD at -125, ESPN at -125","17896076","ab2357087428a9fee8c8a747eed1fced","2026-03-01T20:40:00+00:00","player_points","True","Win","17","2026-03-02T17:30:45.751297+00:00","No game log found (possible DNP or API delay) | Re-graded: stat found on retry"
"2026-03-01T12:36:41.287879-05:00","BKN Nets vs CLE Cavaliers (3:40 PM EST)","James Harden","Assists","Under","8.5","-112","BetRivers","4.21","50.0","10","False","FD at -140, DK at -129, ESPN at -125, Pinnacle at -127","192","ab2357087428a9fee8c8a747eed1fced","2026-03-01T20:40:00+00:00","player_assists","True","Win","8","2026-03-02T02:41:09.448954+00:00",""
"2026-03-01T12:36:44.368014-05:00","BKN Nets vs CLE Cavaliers (3:40 PM EST)","James Harden","Assists","Under","8.5","-109","BetParx","5.57","50.0","10","False","FD at -140, DK at -129, ESPN at -125, Pinnacle at -127","192","ab2357087428a9fee8c8a747eed1fced","2026-03-01T20:40:00+00:00","player_assists","True","Win","8","2026-03-02T02:41:09.448954+00:00",""
"2026-03-01T12:36:50.044847-05:00","BKN Nets vs CLE Cavaliers (3:40 PM EST)","Evan Mobley","Points Rebounds","Over","24.5","100","BetMGM","2.08","40.0","10","False","FD at -118, DK at -124, ESPN at -120","17896076","ab2357087428a9fee8c8a747eed1fced","2026-03-01T20:40:00+00:00","player_points_rebounds","True","Win","30","2026-03-02T17:30:45.751297+00:00","No game log found (possible DNP or API delay) | Re-graded: stat found on retry"
"2026-03-01T12:36:51.898427-05:00","BKN Nets vs CLE Cavaliers (3:40 PM EST)","James Harden","Threes","Under","2.5","-117","BetRivers","4.44","30.0","10","False","FD at -148, DK at -170, ESPN at -150","192","ab2357087428a9fee8c8a747eed1fced","2026-03-01T20:40:00+00:00","player_threes","True","Loss","4","2026-03-02T02:41:09.448954+00:00",""
"2026-03-01T12:36:53.995188-05:00","BKN Nets vs CLE Cavaliers (3:40 PM EST)","James Harden","Threes","Under","2.5","-115","BetParx","5.28","30.0","10","False","FD at -148, DK at -170, ESPN at -150","192","ab2357087428a9fee8c8a747eed1fced","2026-03-01T20:40:00+00:00","player_threes","True","Loss","4","2026-03-02T02:41:09.448954+00:00",""
"2026-03-01T12:37:00.015809-05:00","CHI Bulls vs MIL Bucks (3:40 PM EST)","Kevin Porter Jr.","Rebounds","Under","5.5","-129","BetRivers","2.88","40.0","10","False","FD at -160, ESPN at -150, Pinnacle at -150","666849","cc2edd23c90efdc9ac05b2dda6db0710","2026-03-01T20:40:00+00:00","player_rebounds","True","Loss","6","2026-03-02T17:30:45.751297+00:00","No game log found (possible DNP or API delay) | Re-graded: stat found on retry"
"2026-03-01T12:37:01.994003-05:00","CHI Bulls vs MIL Bucks (3:40 PM EST)","Kevin Porter Jr.","Rebounds","Under","5.5","-127","BetParx","3.59","40.0","10","False","FD at -160, ESPN at -150, Pinnacle at -150","666849","cc2edd23c90efdc9ac05b2dda6db0710","2026-03-01T20:40:00+00:00","player_rebounds","True","Loss","6","2026-03-02T17:30:45.751297+00:00","No game log found (possible DNP or API delay) | Re-graded: stat found on retry"
"2026-03-01T12:37:09.283239-05:00","CHI Bulls vs MIL Bucks (3:40 PM EST)","Kevin Porter Jr.","Threes","Under","1.5","-143","BetRivers","2.6","90.0","10","False","FD at -178, DK at -189, ESPN at -180","666849","cc2edd23c90efdc9ac05b2dda6db0710","2026-03-01T20:40:00+00:00","player_threes","True","Win","0","2026-03-02T17:30:45.751297+00:00","No game log found (possible DNP or API delay) | Re-graded: stat found on retry"
"2026-03-01T12:37:11.477174-05:00","CHI Bulls vs MIL Bucks (3:40 PM EST)","Kevin Porter Jr.","Threes","Under","1.5","-143","BetParx","2.6","90.0","10","False","FD at -178, DK at -189, ESPN at -180","666849","cc2edd23c90efdc9ac05b2dda6db0710","2026-03-01T20:40:00+00:00","player_threes","True","Win","0","2026-03-02T17:30:45.751297+00:00","No game log found (possible DNP or API delay) | Re-graded: stat found on retry"
"2026-03-01T12:37:24.186220-05:00","ATL Hawks vs POR Blazers (6:10 PM EST)","Onyeka Okongwu","Assists","Over","2.5","-115","HardRockBet","2.04","50.0","10","False","FD at -140, DK at -139, ESPN at -140","3547244","36b7acd903108abf04b18bf6449f45b3","2026-03-01T23:10:00+00:00","player_assists","True","Win","6","2026-03-02T17:30:45.751297+00:00","No game log found (possible DNP or API delay) | Re-graded: stat found on retry"
"2026-03-01T12:37:26.019726-05:00","ATL Hawks vs POR Blazers (6:10 PM EST)","Onyeka Okongwu","Assists","Over","2.5","-115","BetMGM","2.04","50.0","10","False","FD at -140, DK at -139, ESPN at -140","3547244","36b7acd903108abf04b18bf6449f45b3","2026-03-01T23:10:00+00:00","player_assists","True","Win","6","2026-03-02T17:30:45.751297+00:00","No game log found (possible DNP or API delay) | Re-graded: stat found on retry"
"2026-03-01T12:38:00.040532-05:00","LAC Clippers vs NOP Pelicans (9:10 PM EST)","Dejounte Murray","Assists","Over","5.5","105","BetMGM","4.57","50.0","2","False","FD at -120, DK at -125, ESPN at -110","334","7ef96743c87da2d41e5269fb5d3ac078","2026-03-02T02:10:00+00:00","player_assists","True","Void","DNP or no data","2026-03-02T08:12:37.983154+00:00","No game log found (possible DNP or API delay)"
"2026-03-01T12:38:02.371551-05:00","LAC Clippers vs NOP Pelicans (9:10 PM EST)","Dejounte Murray","Assists","Over","5.5","105","HardRockBet","4.57","50.0","2","False","FD at -120, DK at -125, ESPN at -110","334","7ef96743c87da2d41e5269fb5d3ac078","2026-03-02T02:10:00+00:00","player_assists","True","Void","DNP or no data","2026-03-02T08:12:37.983154+00:00","No game log found (possible DNP or API delay)"
"2026-03-01T12:41:27.417826-05:00","BKN Nets vs CLE Cavaliers (3:40 PM EST)","James Harden","Threes","Under","2.5","-117","BetRivers","6.0","30.0","10","False","FD at -154, DK at -170, ESPN at -150, Pinnacle at -134","192","ab2357087428a9fee8c8a747eed1fced","2026-03-01T20:40:00+00:00","player_threes","True","Loss","4","2026-03-02T02:41:09.448954+00:00",""
"2026-03-01T12:41:29.490630-05:00","BKN Nets vs CLE Cavaliers (3:40 PM EST)","James Harden","Threes","Under","2.5","-115","BetParx","6.85","30.0","10","False","FD at -154, DK at -170, ESPN at -150, Pinnacle at -134","192","ab2357087428a9fee8c8a747eed1fced","2026-03-01T20:40:00+00:00","player_threes","True","Loss","4","2026-03-02T02:41:09.448954+00:00",""
"2026-03-01T12:41:38.932925-05:00","DAL Mavericks vs OKC Thunder (8:10 PM EST)","Naji Marshall","Assists","Under","3.5","-125","HardRockBet","2.91","60.0","10","False","FD at -158, DK at -158, ESPN at -150","3547293","3d268484ec4724f35d87620826643242","2026-03-02T01:10:00+00:00","player_assists","True","Void","DNP or no data","2026-03-02T07:12:24.876874+00:00","No game log found (possible DNP or API delay)"
"2026-03-01T12:44:47.090272-05:00","BKN Nets vs CLE Cavaliers (3:40 PM EST)","James Harden","Assists","Under","8.5","-112","BetRivers","5.9","50.0","10","False","FD at -146, DK at -129, ESPN at -125","192","ab2357087428a9fee8c8a747eed1fced","2026-03-01T20:40:00+00:00","player_assists","True","Win","8","2026-03-02T02:41:09.448954+00:00",""
"2026-03-01T12:44:49.132475-05:00","BKN Nets vs CLE Cavaliers (3:40 PM EST)","James Harden","Assists","Under","8.5","-109","BetParx","7.28","50.0","10","False","FD at -146, DK at -129, ESPN at -125","192","ab2357087428a9fee8c8a747eed1fced","2026-03-01T20:40:00+00:00","player_assists","True","Win","8","2026-03-02T02:41:09.448954+00:00",""
"2026-03-01T12:44:54.635713-05:00","BKN Nets vs CLE Cavaliers (3:40 PM EST)","James Harden","Threes","Under","2.5","-117","BetRivers","4.44","30.0","10","False","FD at -148, DK at -170, ESPN at -150, Pinnacle at -134","192","ab2357087428a9fee8c8a747eed1fced","2026-03-01T20:40:00+00:00","player_threes","True","Loss","4","2026-03-02T02:41:09.448954+00:00",""
"2026-03-01T12:44:56.730947-05:00","BKN Nets vs CLE Cavaliers (3:40 PM EST)","James Harden","Threes","Under","2.5","-115","BetParx","5.28","30.0","10","False","FD at -148, DK at -170, ESPN at -150, Pinnacle at -134","192","ab2357087428a9fee8c8a747eed1fced","2026-03-01T20:40:00+00:00","player_threes","True","Loss","4","2026-03-02T02:41:09.448954+00:00",""
"2026-03-01T12:45:04.959428-05:00","CHI Bulls vs MIL Bucks (3:40 PM EST)","Josh Giddey","Rebounds","Under","6.5","-117","DraftKings","3.77","90.0","10","True","FD at -146, DK at -117, ESPN at -145, Pinnacle at -134","17896065","cc2edd23c90efdc9ac05b2dda6db0710","2026-03-01T20:40:00+00:00","player_rebounds","True","Loss","14","2026-03-02T17:30:45.751297+00:00","No game log found (possible DNP or API delay) | Re-graded: stat found on retry"
"2026-03-01T12:45:07.792205-05:00","CHI Bulls vs MIL Bucks (3:40 PM EST)","Josh Giddey","Rebounds","Under","6.5","-115","BetRivers","4.6","90.0","10","True","FD at -146, DK at -117, ESPN at -145, Pinnacle at -134","17896065","cc2edd23c90efdc9ac05b2dda6db0710","2026-03-01T20:40:00+00:00","player_rebounds","True","Loss","14","2026-03-02T17:30:45.751297+00:00","No game log found (possible DNP or API delay) | Re-graded: stat found on retry"
"2026-03-01T12:45:11.473207-05:00","CHI Bulls vs MIL Bucks (3:40 PM EST)","Bobby Portis","Rebounds","Under","5.5","-125","BetRivers","3.5","50.0","10","False","FD at -156, DK at -148, ESPN at -150, Pinnacle at -153","377","cc2edd23c90efdc9ac05b2dda6db0710","2026-03-01T20:40:00+00:00","player_rebounds","True","Win","5","2026-03-02T17:30:45.751297+00:00","No game log found (possible DNP or API delay) | Re-graded: stat found on retry"
"2026-03-01T12:45:13.422724-05:00","CHI Bulls vs MIL Bucks (3:40 PM EST)","Bobby Portis","Rebounds","Under","5.5","-124","BetParx","3.87","50.0","10","False","FD at -156, DK at -148, ESPN at -150, Pinnacle at -153","377","cc2edd23c90efdc9ac05b2dda6db0710","2026-03-01T20:40:00+00:00","player_rebounds","True","Win","5","2026-03-02T17:30:45.751297+00:00","No game log found (possible DNP or API delay) | Re-graded: stat found on retry"
"2026-03-01T12:45:16.654457-05:00","CHI Bulls vs MIL Bucks (3:40 PM EST)","Josh Giddey","Rebounds","Under","6.5","-114","BetParx","5.03","90.0","10","True","FD at -146, DK at -117, ESPN at -145, Pinnacle at -134","17896065","cc2edd23c90efdc9ac05b2dda6db0710","2026-03-01T20:40:00+00:00","player_rebounds","True","Loss","14","2026-03-02T17:30:45.751297+00:00","No game log found (possible DNP or API delay) | Re-graded: stat found on retry"
"2026-03-01T12:45:22.250117-05:00","CHI Bulls vs MIL Bucks (3:40 PM EST)","Josh Giddey","Assists","Under","7.5","-110","HardRockBet","2.55","80.0","10","False","FD at -132, DK at -127, ESPN at -140, Pinnacle at -137","17896065","cc2edd23c90efdc9ac05b2dda6db0710","2026-03-01T20:40:00+00:00","player_assists","True","Loss","10","2026-03-02T17:30:45.751297+00:00","No game log found (possible DNP or API delay) | Re-graded: stat found on retry"
"2026-03-01T12:53:09.162300-05:00","BKN Nets vs CLE Cavaliers (3:40 PM EST)","James Harden","Assists","Under","8.5","-112","BetRivers","4.21","50.0","10","False","FD at -140, DK at -129, ESPN at -125","192","ab2357087428a9fee8c8a747eed1fced","2026-03-01T20:40:00+00:00","player_assists","True","Win","8","2026-03-02T02:41:09.448954+00:00",""
"2026-03-01T12:53:10.927946-05:00","BKN Nets vs CLE Cavaliers (3:40 PM EST)","James Harden","Assists","Under","8.5","-108","BetParx","6.03","50.0","10","False","FD at -140, DK at -129, ESPN at -125","192","ab2357087428a9fee8c8a747eed1fced","2026-03-01T20:40:00+00:00","player_assists","True","Win","8","2026-03-02T02:41:09.448954+00:00",""
"2026-03-01T12:53:18.048885-05:00","CHI Bulls vs MIL Bucks (3:40 PM EST)","Bobby Portis","Rebounds","Under","5.5","-125","BetRivers","3.27","50.0","10","False","FD at -154, DK at -148, ESPN at -150, Pinnacle at -150","377","cc2edd23c90efdc9ac05b2dda6db0710","2026-03-01T20:40:00+00:00","player_rebounds","True","Win","5","2026-03-02T17:30:45.751297+00:00","No game log found (possible DNP or API delay) | Re-graded: stat found on retry"
"2026-03-01T12:53:19.483417-05:00","CHI Bulls vs MIL Bucks (3:40 PM EST)","Bobby Portis","Rebounds","Under","5.5","-124","BetParx","3.64","50.0","10","False","FD at -154, DK at -148, ESPN at -150, Pinnacle at -150","377","cc2edd23c90efdc9ac05b2dda6db0710","2026-03-01T20:40:00+00:00","player_rebounds","True","Win","5","2026-03-02T17:30:45.751297+00:00","No game log found (possible DNP or API delay) | Re-graded: stat found on retry"
"2026-03-01T12:53:30.640717-05:00","DEN Nuggets vs MIN Timberwolves (3:40 PM EST)","Naz Reid","Rebounds Assists","Under","8.5","105","HardRockBet","3.35","50.0","10","False","FD at -115, DK at -116, ESPN at -115","667378","25a45928a3d4b8a0d492283f6f434421","2026-03-01T20:40:00+00:00","player_rebounds_assists","True","Win","8","2026-03-02T02:41:09.448954+00:00",""
"2026-03-01T12:53:41.482072-05:00","ATL Hawks vs POR Blazers (6:10 PM EST)","Kris Murray","Points","Over","6.5","-110","BetMGM","2.69","40.0","10","False","FD at -136, DK at -116, ESPN at -130","56677791","36b7acd903108abf04b18bf6449f45b3","2026-03-01T23:10:00+00:00","player_points","True","Void","DNP or no data","2026-03-02T05:12:02.081226+00:00","No game log found (possible DNP or API delay)"
"2026-03-01T12:54:13.953860-05:00","DAL Mavericks vs OKC Thunder (8:10 PM EST)","Naji Marshall","Assists","Under","3.5","-125","HardRockBet","2.06","60.0","10","False","FD at -154, DK at -158, ESPN at -150","3547293","3d268484ec4724f35d87620826643242","2026-03-02T01:10:00+00:00","player_assists","True","Void","DNP or no data","2026-03-02T07:12:24.876874+00:00","No game log found (possible DNP or API delay)"
"2026-03-01T12:57:52.318646-05:00","BKN Nets vs CLE Cavaliers (3:40 PM EST)","James Harden","Assists","Under","8.5","-109","BetRivers","6.29","50.0","10","False","FD at -142, DK at -129, ESPN at -125","192","ab2357087428a9fee8c8a747eed1fced","2026-03-01T20:40:00+00:00","player_assists","True","Win","8","2026-03-02T02:41:09.448954+00:00",""
"2026-03-01T12:57:54.169099-05:00","BKN Nets vs CLE Cavaliers (3:40 PM EST)","James Harden","Assists","Under","8.5","-108","BetParx","6.77","50.0","10","False","FD at -142, DK at -129, ESPN at -125","192","ab2357087428a9fee8c8a747eed1fced","2026-03-01T20:40:00+00:00","player_assists","True","Win","8","2026-03-02T02:41:09.448954+00:00",""
"2026-03-01T12:57:57.776393-05:00","CHI Bulls vs MIL Bucks (3:40 PM EST)","Kevin Porter Jr.","Rebounds","Under","5.5","-129","BetRivers","3.47","40.0","10","False","FD at -162, ESPN at -160","666849","cc2edd23c90efdc9ac05b2dda6db0710","2026-03-01T20:40:00+00:00","player_rebounds","True","Loss","6","2026-03-02T17:30:45.751297+00:00","No game log found (possible DNP or API delay) | Re-graded: stat found on retry"
"2026-03-01T12:57:59.742480-05:00","CHI Bulls vs MIL Bucks (3:40 PM EST)","Kevin Porter Jr.","Rebounds","Under","5.5","-129","BetParx","3.47","40.0","10","False","FD at -162, ESPN at -160","666849","cc2edd23c90efdc9ac05b2dda6db0710","2026-03-01T20:40:00+00:00","player_rebounds","True","Loss","6","2026-03-02T17:30:45.751297+00:00","No game log found (possible DNP or API delay) | Re-graded: stat found on retry"
"2026-03-01T12:58:07.558000-05:00","BOS Celtics vs PHI 76ers (6:10 PM EST)","Jaylen Brown","Rebounds Assists","Over","11.5","-105","HardRockBet","5.02","60.0","10","False","FD at -136, DK at -133, ESPN at -125","70","7129ee2856df2237632c277ccbc657f7","2026-03-01T23:10:00+00:00","player_rebounds_assists","True","Win","16","2026-03-02T17:30:45.751297+00:00","No game log found (possible DNP or API delay) | Re-graded: stat found on retry"
"2026-03-01T12:58:16.527178-05:00","DAL Mavericks vs OKC Thunder (8:10 PM EST)","Naji Marshall","Rebounds Assists","Under","8.5","-105","HardRockBet","3.12","60.0","10","False","FD at -130, DK at -117, ESPN at -120","3547293","3d268484ec4724f35d87620826643242","2026-03-02T01:10:00+00:00","player_rebounds_assists","True","Void","DNP or no data","2026-03-02T07:12:24.876874+00:00","No game log found (possible DNP or API delay)"
"2026-03-01T12:58:18.180230-05:00","DAL Mavericks vs OKC Thunder (8:10 PM EST)","Naji Marshall","Rebounds Assists","Under","8.5","-105","BetMGM","3.12","60.0","10","False","FD at -130, DK at -117, ESPN at -120","3547293","3d268484ec4724f35d87620826643242","2026-03-02T01:10:00+00:00","player_rebounds_assists","True","Void","DNP or no data","2026-03-02T07:12:24.876874+00:00","No game log found (possible DNP or API delay)"
"2026-03-01T13:01:23.956624-05:00","ORL Magic vs DET Pistons (6:10 PM EST)","Paolo Banchero","Rebounds","Over","7.5","-103","BetParx","3.29","40.0","10","False","FD at -128, DK at -111, ESPN at -105, Pinnacle at -118","38017683","4d40482f62b199752b8b264572ff8460","2026-03-01T23:10:00+00:00","player_rebounds","True","Win","11","2026-03-02T17:30:45.751297+00:00","No game log found (possible DNP or API delay) | Re-graded: stat found on retry"
"2026-03-01T13:01:26.075304-05:00","ORL Magic vs DET Pistons (6:10 PM EST)","Paolo Banchero","Rebounds","Over","7.5","-104","BetRivers","2.8","40.0","10","False","FD at -128, DK at -111, ESPN at -105, Pinnacle at -118","38017683","4d40482f62b199752b8b264572ff8460","2026-03-01T23:10:00+00:00","player_rebounds","True","Win","11","2026-03-02T17:30:45.751297+00:00","No game log found (possible DNP or API delay) | Re-graded: stat found on retry"
"2026-03-01T13:01:28.388397-05:00","ORL Magic vs DET Pistons (6:10 PM EST)","Paolo Banchero","Rebounds","Over","7.5","-103","BallyBet","3.29","40.0","10","False","FD at -128, DK at -111, ESPN at -105, Pinnacle at -118","38017683","4d40482f62b199752b8b264572ff8460","2026-03-01T23:10:00+00:00","player_rebounds","True","Win","11","2026-03-02T17:30:45.751297+00:00","No game log found (possible DNP or API delay) | Re-graded: stat found on retry"
"2026-03-01T13:04:40.462742-05:00","NYK Knicks vs SAS Spurs (1:10 PM EST)","Dylan Harper","Points","Under","10.5","-109","DraftKings","2.22","20.0","10","False","FD at -130, DK at -109, ESPN at -140, Pinnacle at -135","1057262518","bb4195b038cce802d282f17ff4ca7471","2026-03-01T18:10:00+00:00","player_points","True","Win","8","2026-03-02T00:11:33.961506+00:00",""
"2026-03-01T13:04:52.092521-05:00","BKN Nets vs CLE Cavaliers (3:40 PM EST)","James Harden","Assists","Under","8.5","-109","BetRivers","5.57","50.0","10","False","FD at -140, DK at -140, ESPN at -130","192","ab2357087428a9fee8c8a747eed1fced","2026-03-01T20:40:00+00:00","player_assists","True","Win","8","2026-03-02T02:41:09.448954+00:00",""
"2026-03-01T13:04:53.981217-05:00","BKN Nets vs CLE Cavaliers (3:40 PM EST)","James Harden","Assists","Under","8.5","-108","BetParx","6.03","50.0","10","False","FD at -140, DK at -140, ESPN at -130","192","ab2357087428a9fee8c8a747eed1fced","2026-03-01T20:40:00+00:00","player_assists","True","Win","8","2026-03-02T02:41:09.448954+00:00",""
"2026-03-01T13:05:24.551880-05:00","ATL Hawks vs POR Blazers (6:10 PM EST)","C.J. McCollum","Rebounds Assists","Under","7.5","100","HardRockBet","6.45","70.0","10","True","FD at -132, DK at -123, ESPN at -125","303","36b7acd903108abf04b18bf6449f45b3","2026-03-01T23:10:00+00:00","player_rebounds_assists","True","Win","7","2026-03-02T17:30:45.751297+00:00","No game log found (possible DNP or API delay) | Re-graded: stat found on retry"
"2026-03-01T13:05:56.948660-05:00","LAC Clippers vs NOP Pelicans (9:10 PM EST)","Kawhi Leonard","Rebounds","Over","6.5","-115","HardRockBet","3.73","70.0","10","True","FD at -146, DK at -141, ESPN at -125","274","7ef96743c87da2d41e5269fb5d3ac078","2026-03-02T02:10:00+00:00","player_rebounds","True","Void","DNP or no data","2026-03-02T08:12:37.983154+00:00","No game log found (possible DNP or API delay)"
"2026-03-01T13:09:43.668110-05:00","BOS Celtics vs PHI 76ers (6:10 PM EST)","Neemias Queta","Points Rebounds","Over","16.5","100","BetMGM","3.83","30.0","10","False","FD at -125, DK at -114, ESPN at -115","17553967","7129ee2856df2237632c277ccbc657f7","2026-03-01T23:10:00+00:00","player_points_rebounds","True","Win","44","2026-03-02T17:30:45.751297+00:00","No game log found (possible DNP or API delay) | Re-graded: stat found on retry"
"2026-03-01T13:09:50.665278-05:00","DAL Mavericks vs OKC Thunder (8:10 PM EST)","Daniel Gafford","Points Rebounds","Over","15.5","-105","HardRockBet","3.92","40.0","10","False","FD at -132, DK at -124, ESPN at -120","666577","3d268484ec4724f35d87620826643242","2026-03-02T01:10:00+00:00","player_points_rebounds","True","Void","DNP or no data","2026-03-02T07:12:24.876874+00:00","No game log found (possible DNP or API delay)"
"2026-03-01T13:09:52.454775-05:00","DAL Mavericks vs OKC Thunder (8:10 PM EST)","Daniel Gafford","Points Rebounds","Over","15.5","-105","BetMGM","3.92","40.0","10","False","FD at -132, DK at -124, ESPN at -120","666577","3d268484ec4724f35d87620826643242","2026-03-02T01:10:00+00:00","player_points_rebounds","True","Void","DNP or no data","2026-03-02T07:12:24.876874+00:00","No game log found (possible DNP or API delay)"
"2026-03-01T13:13:06.414636-05:00","DEN Nuggets vs MIN Timberwolves (3:40 PM EST)","Jamal Murray","Assists","Over","6.5","-115","BetMGM","4.6","50.0","10","False","FD at -146, DK at -138, ESPN at -140, Pinnacle at -141","335","25a45928a3d4b8a0d492283f6f434421","2026-03-01T20:40:00+00:00","player_assists","True","Loss","4","2026-03-02T17:30:45.751297+00:00","No game log found (possible DNP or API delay) | Re-graded: stat found on retry"
"2026-03-01T13:13:13.639102-05:00","IND Pacers vs MEM Grizzlies (5:10 PM EST)","Ben Sheppard","Rebounds","Over","3.5","100","HardRockBet","5.79","40.0","10","False","FD at -128, DK at -112, ESPN at -115","56677861","1ac567e2d0cf71fd4c1de0ff58cb9a0a","2026-03-01T22:10:00+00:00","player_rebounds","True","Loss","2","2026-03-02T17:30:45.751297+00:00","No game log found (possible DNP or API delay) | Re-graded: stat found on retry"
"2026-03-01T13:13:17.371205-05:00","ATL Hawks vs POR Blazers (6:10 PM EST)","Nickeil Alexander-Walker","Rebounds Assists","Under","7.5","105","HardRockBet","2.5","40.0","10","False","FD at -114, DK at -122, ESPN at -105","666400","36b7acd903108abf04b18bf6449f45b3","2026-03-01T23:10:00+00:00","player_rebounds_assists","True","Win","7","2026-03-02T05:12:02.081226+00:00",""
"2026-03-01T13:17:08.866618-05:00","LAC Clippers vs NOP Pelicans (9:10 PM EST)","Kris Dunn","Rebounds","Over","3.5","-130","BetMGM","2.36","50.0","10","False","FD at -162, DK at -161, ESPN at -165","139","7ef96743c87da2d41e5269fb5d3ac078","2026-03-02T02:10:00+00:00","player_rebounds","True","Void","DNP or no data","2026-03-02T08:12:37.983154+00:00","No game log found (possible DNP or API delay)"
"2026-03-01T13:20:53.490374-05:00","LAC Clippers vs NOP Pelicans (9:10 PM EST)","John Collins","Points","Over","15.5","108","BallyBet","4.0","50.0","10","False","FD at -114, DK at -107, ESPN at -115","101","7ef96743c87da2d41e5269fb5d3ac078","2026-03-02T02:10:00+00:00","player_points","True","Void","DNP or no data","2026-03-02T08:12:37.983154+00:00","No game log found (possible DNP or API delay)"
"2026-03-01T13:20:55.279188-05:00","LAC Clippers vs NOP Pelicans (9:10 PM EST)","John Collins","Points","Over","15.5","108","BetRivers","4.0","50.0","10","False","FD at -114, DK at -107, ESPN at -115","101","7ef96743c87da2d41e5269fb5d3ac078","2026-03-02T02:10:00+00:00","player_points","True","Void","DNP or no data","2026-03-02T08:12:37.983154+00:00","No game log found (possible DNP or API delay)"
"2026-03-01T13:20:57.054416-05:00","LAC Clippers vs NOP Pelicans (9:10 PM EST)","John Collins","Points","Over","15.5","108","BetParx","4.0","50.0","10","False","FD at -114, DK at -107, ESPN at -115","101","7ef96743c87da2d41e5269fb5d3ac078","2026-03-02T02:10:00+00:00","player_points","True","Void","DNP or no data","2026-03-02T08:12:37.983154+00:00","No game log found (possible DNP or API delay)"
"2026-03-01T13:21:08.124289-05:00","LAL Lakers vs SAC Kings (9:40 PM EST)","Luka Doncic","Threes","Under","3.5","110","DraftKings","9.02","30.0","10","False","FD at -125, DK at 110, ESPN at -120, Pinnacle at -110","132","517d3f658ed7692ebe7eaea81aa3c1ef","2026-03-02T02:40:00+00:00","player_threes","True","Void","DNP or no data","2026-03-02T08:42:40.832631+00:00","No game log found (possible DNP or API delay)"
"2026-03-01T13:21:10.171164-05:00","LAL Lakers vs SAC Kings (9:40 PM EST)","Luka Doncic","Threes","Under","3.5","100","BetMGM","3.83","30.0","10","False","FD at -125, DK at 110, ESPN at -120","132","517d3f658ed7692ebe7eaea81aa3c1ef","2026-03-02T02:40:00+00:00","player_threes","True","Void","DNP or no data","2026-03-02T08:42:40.832631+00:00","No game log found (possible DNP or API delay)"
"2026-03-01T13:28:50.372364-05:00","IND Pacers vs MEM Grizzlies (5:10 PM EST)","Andrew Nembhard","Points Rebounds","Under","20.5","105","BetMGM","2.5","30.0","10","False","FD at -113, DK at -112, ESPN at -115","38017507","1ac567e2d0cf71fd4c1de0ff58cb9a0a","2026-03-01T22:10:00+00:00","player_points_rebounds","True","Void","DNP or no data","2026-03-02T04:11:48.729844+00:00","No game log found (possible DNP or API delay)"
"2026-03-01T13:29:12.948508-05:00","BOS Celtics vs PHI 76ers (6:10 PM EST)","VJ Edgecombe","Assists","Under","3.5","-109","BetParx","3.9","70.0","10","False","FD at -138, DK at -126, ESPN at -130","1057261935","7129ee2856df2237632c277ccbc657f7","2026-03-01T23:10:00+00:00","player_assists","True","Win","3","2026-03-02T17:30:45.751297+00:00","No game log found (possible DNP or API delay) | Re-graded: stat found on retry"
"2026-03-01T13:29:14.490032-05:00","BOS Celtics vs PHI 76ers (6:10 PM EST)","VJ Edgecombe","Assists","Under","3.5","-110","BetRivers","3.45","70.0","10","False","FD at -138, DK at -126, ESPN at -130","1057261935","7129ee2856df2237632c277ccbc657f7","2026-03-01T23:10:00+00:00","player_assists","True","Win","3","2026-03-02T17:30:45.751297+00:00","No game log found (possible DNP or API delay) | Re-graded: stat found on retry"
"2026-03-01T13:29:43.652731-05:00","DAL Mavericks vs OKC Thunder (8:10 PM EST)","Cason Wallace","Rebounds","Under","3.5","-132","BetParx","3.78","30.0","10","False","FD at -172, DK at -152, ESPN at -150","56677833","3d268484ec4724f35d87620826643242","2026-03-02T01:10:00+00:00","player_rebounds","True","Void","DNP or no data","2026-03-02T07:12:24.876874+00:00","No game log found (possible DNP or API delay)"
"2026-03-01T13:30:10.426709-05:00","LAL Lakers vs SAC Kings (9:40 PM EST)","Marcus Smart","Points","Under","7.5","101","DraftKings","2.91","50.0","10","False","FD at -122, DK at 101, ESPN at -120","420","517d3f658ed7692ebe7eaea81aa3c1ef","2026-03-02T02:40:00+00:00","player_points","True","Void","DNP or no data","2026-03-02T08:42:40.832631+00:00","No game log found (possible DNP or API delay)"
"2026-03-01T13:41:37.315388-05:00","BKN Nets vs CLE Cavaliers (3:40 PM EST)","Evan Mobley","Points","Over","16.5","-105","HardRockBet","3.27","30.0","10","False","FD at -128, ESPN at -125","17896076","ab2357087428a9fee8c8a747eed1fced","2026-03-01T20:40:00+00:00","player_points","True","Win","17","2026-03-02T17:30:45.751297+00:00","No game log found (possible DNP or API delay) | Re-graded: stat found on retry"
"2026-03-01T13:41:39.529038-05:00","BKN Nets vs CLE Cavaliers (3:40 PM EST)","Evan Mobley","Points","Over","16.5","-105","BetMGM","3.27","30.0","10","False","FD at -128, ESPN at -125","17896076","ab2357087428a9fee8c8a747eed1fced","2026-03-01T20:40:00+00:00","player_points","True","Win","17","2026-03-02T17:30:45.751297+00:00","No game log found (possible DNP or API delay) | Re-graded: stat found on retry"
"2026-03-01T13:41:46.084121-05:00","BKN Nets vs CLE Cavaliers (3:40 PM EST)","Dennis Schroder","Assists","Over","5.5","100","BetMGM","2.91","30.0","10","False","FD at -120, ESPN at -125, Pinnacle at -119","409","ab2357087428a9fee8c8a747eed1fced","2026-03-01T20:40:00+00:00","player_assists","True","Loss","5","2026-03-02T17:30:45.751297+00:00","No game log found (possible DNP or API delay) | Re-graded: stat found on retry"
"2026-03-01T13:41:52.601725-05:00","BKN Nets vs CLE Cavaliers (3:40 PM EST)","Jaylon Tyson","Rebounds Assists","Over","7.5","-105","HardRockBet","3.27","20.0","10","False","FD at -128, DK at -129, ESPN at -125","1028028993","ab2357087428a9fee8c8a747eed1fced","2026-03-01T20:40:00+00:00","player_rebounds_assists","True","Loss","3","2026-03-02T17:30:45.751297+00:00","No game log found (possible DNP or API delay) | Re-graded: stat found on retry"
"2026-03-01T13:42:13.424697-05:00","ATL Hawks vs POR Blazers (6:10 PM EST)","Jrue Holiday","Rebounds","Under","4.5","105","HardRockBet","3.74","40.0","10","False","FD at -118, DK at -119, ESPN at -115","214","36b7acd903108abf04b18bf6449f45b3","2026-03-01T23:10:00+00:00","player_rebounds","True","Loss","6","2026-03-02T17:30:45.751297+00:00","No game log found (possible DNP or API delay) | Re-graded: stat found on retry"
"2026-03-01T13:42:24.495553-05:00","BOS Celtics vs PHI 76ers (6:10 PM EST)","Baylor Scheierman","Rebounds","Under","4.5","102","FanDuel","8.26","30.0","10","False","ESPN at -140, DK at -129","1028028434","7129ee2856df2237632c277ccbc657f7","2026-03-01T23:10:00+00:00","player_rebounds","True","Win","4","2026-03-02T17:30:45.751297+00:00","No game log found (possible DNP or API delay) | Re-graded: stat found on retry"
"2026-03-01T13:42:53.903880-05:00","ORL Magic vs DET Pistons (6:10 PM EST)","Tristan da Silva","Threes","Under","1.5","105","BetMGM","2.5","50.0","10","False","FD at -114, DK at -114, ESPN at -110","1028025497","4d40482f62b199752b8b264572ff8460","2026-03-01T23:10:00+00:00","player_threes","True","Loss","3","2026-03-02T17:30:45.751297+00:00","No game log found (possible DNP or API delay) | Re-graded: stat found on retry"
"2026-03-01T13:43:30.692588-05:00","LAC Clippers vs NOP Pelicans (9:10 PM EST)","Brook Lopez","Threes","Over","1.5","-120","HardRockBet","7.47","40.0","10","False","FD at -168, DK at -156, ESPN at -140","283","7ef96743c87da2d41e5269fb5d3ac078","2026-03-02T02:10:00+00:00","player_threes","True","Void","DNP or no data","2026-03-02T08:12:37.983154+00:00","No game log found (possible DNP or API delay)"
"2026-03-01T13:43:44.476938-05:00","LAL Lakers vs SAC Kings (9:40 PM EST)","Austin Reaves","Assists","Under","4.5","-106","DraftKings","2.64","70.0","10","False","FD at -130, DK at -106, ESPN at -130","17553995","517d3f658ed7692ebe7eaea81aa3c1ef","2026-03-02T02:40:00+00:00","player_assists","True","Void","DNP or no data","2026-03-02T08:42:40.832631+00:00","No game log found (possible DNP or API delay)"
"2026-03-01T13:43:55.066442-05:00","LAL Lakers vs SAC Kings (9:40 PM EST)","Luka Doncic","Threes","Under","3.5","100","HardRockBet","3.83","30.0","10","False","FD at -125, DK at 103, ESPN at -110, Pinnacle at -114","132","517d3f658ed7692ebe7eaea81aa3c1ef","2026-03-02T02:40:00+00:00","player_threes","True","Void","DNP or no data","2026-03-02T08:42:40.832631+00:00","No game log found (possible DNP or API delay)"
"2026-03-01T13:46:57.965107-05:00","BKN Nets vs CLE Cavaliers (3:40 PM EST)","Jaylon Tyson","Rebounds Assists","Over","7.5","-105","BetMGM","3.27","20.0","10","False","FD at -128, DK at -129, ESPN at -125","1028028993","ab2357087428a9fee8c8a747eed1fced","2026-03-01T20:40:00+00:00","player_rebounds_assists","True","Loss","3","2026-03-02T17:30:45.751297+00:00","No game log found (possible DNP or API delay) | Re-graded: stat found on retry"
"2026-03-01T13:47:12.043365-05:00","CHI Bulls vs MIL Bucks (3:40 PM EST)","Kyle Kuzma","Rebounds Assists","Under","7.5","-110","HardRockBet","3.62","60.0","10","False","FD at -136, DK at -129, ESPN at -125","265","cc2edd23c90efdc9ac05b2dda6db0710","2026-03-01T20:40:00+00:00","player_rebounds_assists","True","Win","7","2026-03-02T17:30:45.751297+00:00","No game log found (possible DNP or API delay) | Re-graded: stat found on retry"
"2026-03-01T13:47:14.245082-05:00","CHI Bulls vs MIL Bucks (3:40 PM EST)","Kyle Kuzma","Rebounds Assists","Under","7.5","-110","BetMGM","3.62","60.0","10","False","FD at -136, DK at -129, ESPN at -125","265","cc2edd23c90efdc9ac05b2dda6db0710","2026-03-01T20:40:00+00:00","player_rebounds_assists","True","Win","7","2026-03-02T17:30:45.751297+00:00","No game log found (possible DNP or API delay) | Re-graded: stat found on retry"
"2026-03-01T13:47:22.502474-05:00","ATL Hawks vs POR Blazers (6:10 PM EST)","C.J. McCollum","Threes","Under","2.5","110","BetMGM","6.27","50.0","10","False","FD at -118, DK at -106, ESPN at -105, Pinnacle at -107","303","36b7acd903108abf04b18bf6449f45b3","2026-03-01T23:10:00+00:00","player_threes","True","Win","2","2026-03-02T17:30:45.751297+00:00","No game log found (possible DNP or API delay) | Re-graded: stat found on retry"
"2026-03-01T13:47:29.945150-05:00","BOS Celtics vs PHI 76ers (6:10 PM EST)","Neemias Queta","Points Rebounds","Over","16.5","100","BetMGM","4.82","30.0","10","False","FD at -128, DK at -114, ESPN at -115","17553967","7129ee2856df2237632c277ccbc657f7","2026-03-01T23:10:00+00:00","player_points_rebounds","True","Win","44","2026-03-02T17:30:45.751297+00:00","No game log found (possible DNP or API delay) | Re-graded: stat found on retry"
"2026-03-01T13:50:38.088509-05:00","BKN Nets vs CLE Cavaliers (3:40 PM EST)","Terance Mann","Assists","Over","2.5","-120","DraftKings","3.24","40.0","10","False","FD at -148, DK at -120, ESPN at -150","666743","ab2357087428a9fee8c8a747eed1fced","2026-03-01T20:40:00+00:00","player_assists","True","Win","4","2026-03-02T02:41:09.448954+00:00",""
"2026-03-01T13:50:41.469207-05:00","BKN Nets vs CLE Cavaliers (3:40 PM EST)","Michael Porter Jr","Assists","Over","2.5","-122","BetRivers","1.81","60.0","10","False","FD at -146, DK at -161, ESPN at -150","375","ab2357087428a9fee8c8a747eed1fced","2026-03-01T20:40:00+00:00","player_assists","True","Loss","1","2026-03-02T17:30:45.751297+00:00","No game log found (possible DNP or API delay) | Re-graded: stat found on retry"
"2026-03-01T13:50:43.669049-05:00","BKN Nets vs CLE Cavaliers (3:40 PM EST)","Michael Porter Jr","Assists","Over","2.5","-122","BallyBet","1.81","60.0","10","False","FD at -146, DK at -161, ESPN at -150","375","ab2357087428a9fee8c8a747eed1fced","2026-03-01T20:40:00+00:00","player_assists","True","Loss","1","2026-03-02T17:30:45.751297+00:00","No game log found (possible DNP or API delay) | Re-graded: stat found on retry"
"2026-03-01T13:50:45.496269-05:00","BKN Nets vs CLE Cavaliers (3:40 PM EST)","Michael Porter Jr","Assists","Over","2.5","-122","BetParx","1.81","60.0","10","False","FD at -146, DK at -161, ESPN at -150","375","ab2357087428a9fee8c8a747eed1fced","2026-03-01T20:40:00+00:00","player_assists","True","Loss","1","2026-03-02T17:30:45.751297+00:00","No game log found (possible DNP or API delay) | Re-graded: stat found on retry"
"2026-03-01T13:50:57.730902-05:00","DAL Mavericks vs OKC Thunder (8:10 PM EST)","Cason Wallace","Points Assists","Under","13.5","100","BetMGM","2.02","30.0","10","False","FD at -120, DK at -121, ESPN at -120","56677833","3d268484ec4724f35d87620826643242","2026-03-02T01:10:00+00:00","player_points_assists","True","Void","DNP or no data","2026-03-02T07:12:24.876874+00:00","No game log found (possible DNP or API delay)"
"2026-03-01T13:54:08.401835-05:00","BKN Nets vs CLE Cavaliers (3:40 PM EST)","Terance Mann","Assists","Over","2.5","-120","DraftKings","3.9","40.0","10","False","FD at -150, DK at -120, ESPN at -150","666743","ab2357087428a9fee8c8a747eed1fced","2026-03-01T20:40:00+00:00","player_assists","True","Win","4","2026-03-02T02:41:09.448954+00:00",""
"2026-03-01T13:54:11.180669-05:00","BKN Nets vs CLE Cavaliers (3:40 PM EST)","Michael Porter Jr","Assists","Over","2.5","-122","BetRivers","3.13","60.0","10","False","FD at -150, DK at -161, ESPN at -125","375","ab2357087428a9fee8c8a747eed1fced","2026-03-01T20:40:00+00:00","player_assists","True","Loss","1","2026-03-02T17:30:45.751297+00:00","No game log found (possible DNP or API delay) | Re-graded: stat found on retry"
"2026-03-01T13:54:14.090619-05:00","BKN Nets vs CLE Cavaliers (3:40 PM EST)","Michael Porter Jr","Assists","Over","2.5","-122","BallyBet","3.13","60.0","10","False","FD at -150, DK at -161, ESPN at -125","375","ab2357087428a9fee8c8a747eed1fced","2026-03-01T20:40:00+00:00","player_assists","True","Loss","1","2026-03-02T17:30:45.751297+00:00","No game log found (possible DNP or API delay) | Re-graded: stat found on retry"
"2026-03-01T13:54:16.513723-05:00","BKN Nets vs CLE Cavaliers (3:40 PM EST)","Michael Porter Jr","Assists","Over","2.5","-122","BetParx","3.13","60.0","10","False","FD at -150, DK at -161, ESPN at -125","375","ab2357087428a9fee8c8a747eed1fced","2026-03-01T20:40:00+00:00","player_assists","True","Loss","1","2026-03-02T17:30:45.751297+00:00","No game log found (possible DNP or API delay) | Re-graded: stat found on retry"
"2026-03-01T13:54:18.789570-05:00","BKN Nets vs CLE Cavaliers (3:40 PM EST)","Michael Porter Jr","Assists","Over","2.5","-125","theScore","2.01","60.0","10","False","FD at -150, DK at -161, ESPN at -125","375","ab2357087428a9fee8c8a747eed1fced","2026-03-01T20:40:00+00:00","player_assists","True","Loss","1","2026-03-02T17:30:45.751297+00:00","No game log found (possible DNP or API delay) | Re-graded: stat found on retry"
"2026-03-01T13:54:21.494485-05:00","BKN Nets vs CLE Cavaliers (3:40 PM EST)","Michael Porter Jr","Assists","Over","2.5","-125","BetMGM","2.01","60.0","10","False","FD at -150, DK at -161, ESPN at -125","375","ab2357087428a9fee8c8a747eed1fced","2026-03-01T20:40:00+00:00","player_assists","True","Loss","1","2026-03-02T17:30:45.751297+00:00","No game log found (possible DNP or API delay) | Re-graded: stat found on retry"
"2026-03-01T13:54:27.454164-05:00","BKN Nets vs CLE Cavaliers (3:40 PM EST)","Jaylon Tyson","Rebounds Assists","Over","7.5","-105","HardRockBet","4.08","20.0","10","False","FD at -130, DK at -129, ESPN at -125","1028028993","ab2357087428a9fee8c8a747eed1fced","2026-03-01T20:40:00+00:00","player_rebounds_assists","True","Loss","3","2026-03-02T17:30:45.751297+00:00","No game log found (possible DNP or API delay) | Re-graded: stat found on retry"
"2026-03-01T13:54:31.290249-05:00","BKN Nets vs CLE Cavaliers (3:40 PM EST)","Jarrett Allen","Rebounds Assists","Over","11.5","-115","HardRockBet","2.93","60.0","10","False","FD at -140, DK at -139, ESPN at -130","9","ab2357087428a9fee8c8a747eed1fced","2026-03-01T20:40:00+00:00","player_rebounds_assists","True","Loss","7","2026-03-02T17:30:45.751297+00:00","No game log found (possible DNP or API delay) | Re-graded: stat found on retry"
"2026-03-01T13:54:33.644811-05:00","BKN Nets vs CLE Cavaliers (3:40 PM EST)","Jaylon Tyson","Rebounds Assists","Over","7.5","-105","BetMGM","4.08","20.0","10","False","FD at -130, DK at -129, ESPN at -125","1028028993","ab2357087428a9fee8c8a747eed1fced","2026-03-01T20:40:00+00:00","player_rebounds_assists","True","Loss","3","2026-03-02T17:30:45.751297+00:00","No game log found (possible DNP or API delay) | Re-graded: stat found on retry"
"2026-03-01T13:54:36.045698-05:00","BKN Nets vs CLE Cavaliers (3:40 PM EST)","Jarrett Allen","Rebounds Assists","Over","11.5","-115","BetMGM","2.93","60.0","10","False","FD at -140, DK at -139, ESPN at -130","9","ab2357087428a9fee8c8a747eed1fced","2026-03-01T20:40:00+00:00","player_rebounds_assists","True","Loss","7","2026-03-02T17:30:45.751297+00:00","No game log found (possible DNP or API delay) | Re-graded: stat found on retry"
"2026-03-01T13:55:03.005426-05:00","ATL Hawks vs POR Blazers (6:10 PM EST)","C.J. McCollum","Threes","Under","2.5","105","HardRockBet","3.74","50.0","10","False","FD at -118, DK at -106, ESPN at -110","303","36b7acd903108abf04b18bf6449f45b3","2026-03-01T23:10:00+00:00","player_threes","True","Win","2","2026-03-02T17:30:45.751297+00:00","No game log found (possible DNP or API delay) | Re-graded: stat found on retry"
"2026-03-01T13:55:22.316166-05:00","DAL Mavericks vs OKC Thunder (8:10 PM EST)","Cason Wallace","Points","Under","10.5","-105","HardRockBet","3.92","40.0","10","False","FD at -132, DK at -132, ESPN at -140, Pinnacle at -139","56677833","3d268484ec4724f35d87620826643242","2026-03-02T01:10:00+00:00","player_points","True","Void","DNP or no data","2026-03-02T07:12:24.876874+00:00","No game log found (possible DNP or API delay)"
"2026-03-01T13:55:29.979912-05:00","DAL Mavericks vs OKC Thunder (8:10 PM EST)","Isaiah Hartenstein","Rebounds","Under","8.5","100","BetMGM","6.45","70.0","10","False","FD at -132, DK at -115, ESPN at -115","201","3d268484ec4724f35d87620826643242","2026-03-02T01:10:00+00:00","player_rebounds","True","Void","DNP or no data","2026-03-02T07:12:24.876874+00:00","No game log found (possible DNP or API delay)"
"2026-03-01T13:55:37.175173-05:00","DAL Mavericks vs OKC Thunder (8:10 PM EST)","Shai Gilgeous-Alexander","Threes","Under","1.5","-171","DraftKings","3.22","80.0","10","True","FD at -230, DK at -171, ESPN at -250","175","3d268484ec4724f35d87620826643242","2026-03-02T01:10:00+00:00","player_threes","True","Void","DNP or no data","2026-03-02T07:12:24.876874+00:00","No game log found (possible DNP or API delay)"
"2026-03-01T13:56:03.520321-05:00","LAL Lakers vs SAC Kings (9:40 PM EST)","Marcus Smart","Points","Under","7.5","100","BetMGM","2.4","50.0","10","False","FD at -122, DK at 101, ESPN at -120","420","517d3f658ed7692ebe7eaea81aa3c1ef","2026-03-02T02:40:00+00:00","player_points","True","Void","DNP or no data","2026-03-02T08:42:40.832631+00:00","No game log found (possible DNP or API delay)"
"2026-03-01T14:04:14.729936-05:00","BKN Nets vs CLE Cavaliers (3:40 PM EST)","Dennis Schroder","Assists","Over","5.5","100","BetMGM","3.75","30.0","10","False","FD at -122, ESPN at -125, Pinnacle at -119","409","ab2357087428a9fee8c8a747eed1fced","2026-03-01T20:40:00+00:00","player_assists","True","Loss","5","2026-03-02T17:30:45.751297+00:00","No game log found (possible DNP or API delay) | Re-graded: stat found on retry"
"2026-03-01T14:04:22.366244-05:00","BKN Nets vs CLE Cavaliers (3:40 PM EST)","Jaylon Tyson","Rebounds Assists","Over","7.5","-105","HardRockBet","3.27","20.0","10","False","FD at -128, DK at -129, ESPN at -125","1028028993","ab2357087428a9fee8c8a747eed1fced","2026-03-01T20:40:00+00:00","player_rebounds_assists","True","Loss","3","2026-03-02T17:30:45.751297+00:00","No game log found (possible DNP or API delay) | Re-graded: stat found on retry"
"2026-03-01T14:04:25.277856-05:00","BKN Nets vs CLE Cavaliers (3:40 PM EST)","Jaylon Tyson","Rebounds Assists","Over","7.5","-105","BetMGM","3.27","20.0","10","False","FD at -128, DK at -129, ESPN at -125","1028028993","ab2357087428a9fee8c8a747eed1fced","2026-03-01T20:40:00+00:00","player_rebounds_assists","True","Loss","3","2026-03-02T17:30:45.751297+00:00","No game log found (possible DNP or API delay) | Re-graded: stat found on retry"
"2026-03-01T14:04:38.791011-05:00","CHI Bulls vs MIL Bucks (3:40 PM EST)","Josh Giddey","Rebounds","Under","6.5","-120","BetMGM","2.57","90.0","10","False","FD at -146, DK at -117, ESPN at -150","17896065","cc2edd23c90efdc9ac05b2dda6db0710","2026-03-01T20:40:00+00:00","player_rebounds","True","Loss","14","2026-03-02T17:30:45.751297+00:00","No game log found (possible DNP or API delay) | Re-graded: stat found on retry"
"2026-03-01T14:05:14.145362-05:00","BOS Celtics vs PHI 76ers (6:10 PM EST)","Sam Hauser","Threes","Under","2.5","102","DraftKings","3.04","60.0","10","False","FD at -120, DK at 102, ESPN at -115, Pinnacle at -116","17896060","7129ee2856df2237632c277ccbc657f7","2026-03-01T23:10:00+00:00","player_threes","True","Win","2","2026-03-02T17:30:45.751297+00:00","No game log found (possible DNP or API delay) | Re-graded: stat found on retry"
"2026-03-01T14:09:12.584750-05:00","BKN Nets vs CLE Cavaliers (3:40 PM EST)","Dennis Schroder","Points","Over","13.5","100","HardRockBet","3.75","10.0","10","False","FD at -122, DK at -112, ESPN at -125","409","ab2357087428a9fee8c8a747eed1fced","2026-03-01T20:40:00+00:00","player_points","True","Loss","12","2026-03-02T17:30:45.751297+00:00","No game log found (possible DNP or API delay) | Re-graded: stat found on retry"
"2026-03-01T14:09:16.597950-05:00","BKN Nets vs CLE Cavaliers (3:40 PM EST)","Jarrett Allen","Rebounds Assists","Over","11.5","-110","HardRockBet","4.37","60.0","10","False","FD at -138, DK at -139","9","ab2357087428a9fee8c8a747eed1fced","2026-03-01T20:40:00+00:00","player_rebounds_assists","True","Loss","7","2026-03-02T17:30:45.751297+00:00","No game log found (possible DNP or API delay) | Re-graded: stat found on retry"
"2026-03-01T14:09:18.804050-05:00","BKN Nets vs CLE Cavaliers (3:40 PM EST)","Jarrett Allen","Rebounds Assists","Over","11.5","-110","BetMGM","4.37","60.0","10","False","FD at -138, DK at -139","9","ab2357087428a9fee8c8a747eed1fced","2026-03-01T20:40:00+00:00","player_rebounds_assists","True","Loss","7","2026-03-02T17:30:45.751297+00:00","No game log found (possible DNP or API delay) | Re-graded: stat found on retry"
"2026-03-01T14:12:24.517853-05:00","ATL Hawks vs POR Blazers (6:10 PM EST)","C.J. McCollum","Threes","Under","2.5","105","HardRockBet","3.35","50.0","10","False","FD at -115, DK at -106, ESPN at -110","303","36b7acd903108abf04b18bf6449f45b3","2026-03-01T23:10:00+00:00","player_threes","True","Win","2","2026-03-02T17:30:45.751297+00:00","No game log found (possible DNP or API delay) | Re-graded: stat found on retry"
"2026-03-01T14:12:29.660326-05:00","ORL Magic vs DET Pistons (6:10 PM EST)","Tristan da Silva","Threes","Under","1.5","105","BetMGM","2.5","50.0","10","False","FD at -113, DK at -114, ESPN at -110","1028025497","4d40482f62b199752b8b264572ff8460","2026-03-01T23:10:00+00:00","player_threes","True","Loss","3","2026-03-02T17:30:45.751297+00:00","No game log found (possible DNP or API delay) | Re-graded: stat found on retry"
"2026-03-01T14:20:26.315157-05:00","IND Pacers vs MEM Grizzlies (5:10 PM EST)","Cam Spencer","Rebounds Assists","Under","7.5","105","HardRockBet","3.35","50.0","10","False","FD at -115, DK at -106, ESPN at -110","1028048549","1ac567e2d0cf71fd4c1de0ff58cb9a0a","2026-03-01T22:10:00+00:00","player_rebounds_assists","True","Win","7","2026-03-02T17:30:45.751297+00:00","No game log found (possible DNP or API delay) | Re-graded: stat found on retry"
"2026-03-01T14:20:34.546089-05:00","ATL Hawks vs POR Blazers (6:10 PM EST)","Scoot Henderson","Assists","Over","4.5","-121","BallyBet","4.39","44.44","9","False","FD at -154, DK at -136, ESPN at -160","56677747","36b7acd903108abf04b18bf6449f45b3","2026-03-01T23:10:00+00:00","player_assists","True","Loss","3","2026-03-02T17:30:45.751297+00:00","No game log found (possible DNP or API delay) | Re-graded: stat found on retry"
"2026-03-01T14:20:37.118481-05:00","ATL Hawks vs POR Blazers (6:10 PM EST)","Scoot Henderson","Assists","Over","4.5","-120","BetParx","4.78","44.44","9","False","FD at -154, DK at -136, ESPN at -160","56677747","36b7acd903108abf04b18bf6449f45b3","2026-03-01T23:10:00+00:00","player_assists","True","Loss","3","2026-03-02T17:30:45.751297+00:00","No game log found (possible DNP or API delay) | Re-graded: stat found on retry"
"2026-03-01T14:20:39.388876-05:00","ATL Hawks vs POR Blazers (6:10 PM EST)","Scoot Henderson","Assists","Over","4.5","-121","BetRivers","4.39","44.44","9","False","FD at -154, DK at -136, ESPN at -160","56677747","36b7acd903108abf04b18bf6449f45b3","2026-03-01T23:10:00+00:00","player_assists","True","Loss","3","2026-03-02T17:30:45.751297+00:00","No game log found (possible DNP or API delay) | Re-graded: stat found on retry"
"2026-03-01T14:23:54.995512-05:00","BKN Nets vs CLE Cavaliers (3:40 PM EST)","Noah Clowney","Points Rebounds","Over","16.5","-105","BetMGM","3.27","40.0","10","False","FD at -128, DK at -127","56677843","ab2357087428a9fee8c8a747eed1fced","2026-03-01T20:40:00+00:00","player_points_rebounds","True","Loss","6","2026-03-02T17:30:45.751297+00:00","No game log found (possible DNP or API delay) | Re-graded: stat found on retry"
"2026-03-01T14:24:03.144213-05:00","IND Pacers vs MEM Grizzlies (5:10 PM EST)","Ben Sheppard","Rebounds","Over","3.5","100","HardRockBet","4.77","40.0","10","False","FD at -125, DK at -112, ESPN at -115","56677861","1ac567e2d0cf71fd4c1de0ff58cb9a0a","2026-03-01T22:10:00+00:00","player_rebounds","True","Loss","2","2026-03-02T17:30:45.751297+00:00","No game log found (possible DNP or API delay) | Re-graded: stat found on retry"
"2026-03-01T14:27:52.946300-05:00","ORL Magic vs DET Pistons (6:10 PM EST)","Paolo Banchero","Assists","Under","5.5","-125","HardRockBet","6.09","40.0","10","False","FD at -166, DK at -155, ESPN at -160","38017683","4d40482f62b199752b8b264572ff8460","2026-03-01T23:10:00+00:00","player_assists","True","Win","2","2026-03-02T17:30:45.751297+00:00","No game log found (possible DNP or API delay) | Re-graded: stat found on retry"
"2026-03-01T14:42:22.998041-05:00","BKN Nets vs CLE Cavaliers (3:40 PM EST)","Michael Porter Jr","Rebounds","Over","5.5","-115","HardRockBet","2.93","60.0","10","False","FD at -140, DK at -146, ESPN at -140, Pinnacle at -139","375","ab2357087428a9fee8c8a747eed1fced","2026-03-01T20:40:00+00:00","player_rebounds","True","Loss","5","2026-03-02T17:30:45.751297+00:00","No game log found (possible DNP or API delay) | Re-graded: stat found on retry"
"2026-03-01T14:42:26.125658-05:00","BKN Nets vs CLE Cavaliers (3:40 PM EST)","Michael Porter Jr","Rebounds","Over","5.5","-115","BetMGM","2.93","60.0","10","False","FD at -140, DK at -146, ESPN at -140, Pinnacle at -139","375","ab2357087428a9fee8c8a747eed1fced","2026-03-01T20:40:00+00:00","player_rebounds","True","Loss","5","2026-03-02T17:30:45.751297+00:00","No game log found (possible DNP or API delay) | Re-graded: stat found on retry"
"2026-03-01T14:42:35.334593-05:00","BKN Nets vs CLE Cavaliers (3:40 PM EST)","Evan Mobley","Assists","Over","2.5","-120","HardRockBet","9.96","40.0","10","False","FD at -174, ESPN at -180","17896076","ab2357087428a9fee8c8a747eed1fced","2026-03-01T20:40:00+00:00","player_assists","True","Loss","2","2026-03-02T17:30:45.751297+00:00","No game log found (possible DNP or API delay) | Re-graded: stat found on retry"
"2026-03-01T14:42:38.345447-05:00","BKN Nets vs CLE Cavaliers (3:40 PM EST)","Michael Porter Jr","Rebounds Assists","Over","8.5","-105","HardRockBet","4.08","60.0","10","False","FD at -130, DK at -145, ESPN at -130","375","ab2357087428a9fee8c8a747eed1fced","2026-03-01T20:40:00+00:00","player_rebounds_assists","True","Loss","6","2026-03-02T17:30:45.751297+00:00","No game log found (possible DNP or API delay) | Re-graded: stat found on retry"
"2026-03-01T14:42:41.499574-05:00","BKN Nets vs CLE Cavaliers (3:40 PM EST)","Michael Porter Jr","Rebounds Assists","Over","8.5","-105","BetMGM","4.08","60.0","10","False","FD at -130, DK at -145, ESPN at -130","375","ab2357087428a9fee8c8a747eed1fced","2026-03-01T20:40:00+00:00","player_rebounds_assists","True","Loss","6","2026-03-02T17:30:45.751297+00:00","No game log found (possible DNP or API delay) | Re-graded: stat found on retry"
"2026-03-01T14:45:57.510467-05:00","BKN Nets vs CLE Cavaliers (3:40 PM EST)","Evan Mobley","Assists","Over","2.5","-110","HardRockBet","14.88","40.0","10","False","FD at -178, ESPN at -180","17896076","ab2357087428a9fee8c8a747eed1fced","2026-03-01T20:40:00+00:00","player_assists","True","Loss","2","2026-03-02T17:30:45.751297+00:00","No game log found (possible DNP or API delay) | Re-graded: stat found on retry"
"2026-03-01T14:46:00.572340-05:00","BKN Nets vs CLE Cavaliers (3:40 PM EST)","Evan Mobley","Assists","Over","2.5","-110","BetMGM","14.88","40.0","10","False","FD at -178, ESPN at -180","17896076","ab2357087428a9fee8c8a747eed1fced","2026-03-01T20:40:00+00:00","player_assists","True","Loss","2","2026-03-02T17:30:45.751297+00:00","No game log found (possible DNP or API delay) | Re-graded: stat found on retry"
"2026-03-01T14:46:04.522728-05:00","BKN Nets vs CLE Cavaliers (3:40 PM EST)","Michael Porter Jr","Rebounds Assists","Over","8.5","-105","HardRockBet","4.88","60.0","10","False","FD at -132, DK at -145, ESPN at -130","375","ab2357087428a9fee8c8a747eed1fced","2026-03-01T20:40:00+00:00","player_rebounds_assists","True","Loss","6","2026-03-02T17:30:45.751297+00:00","No game log found (possible DNP or API delay) | Re-graded: stat found on retry"
"2026-03-01T14:46:07.753917-05:00","BKN Nets vs CLE Cavaliers (3:40 PM EST)","Michael Porter Jr","Rebounds Assists","Over","8.5","100","BetMGM","7.44","60.0","10","False","FD at -132, DK at -145, ESPN at -130","375","ab2357087428a9fee8c8a747eed1fced","2026-03-01T20:40:00+00:00","player_rebounds_assists","True","Loss","6","2026-03-02T17:30:45.751297+00:00","No game log found (possible DNP or API delay) | Re-graded: stat found on retry"
"2026-03-01T14:46:24.948144-05:00","IND Pacers vs MEM Grizzlies (5:10 PM EST)","Ben Sheppard","Rebounds","Over","3.5","100","HardRockBet","3.75","40.0","10","False","FD at -122, DK at -112, ESPN at -115","56677861","1ac567e2d0cf71fd4c1de0ff58cb9a0a","2026-03-01T22:10:00+00:00","player_rebounds","True","Loss","2","2026-03-02T17:30:45.751297+00:00","No game log found (possible DNP or API delay) | Re-graded: stat found on retry"
"2026-03-01T14:46:34.163329-05:00","LAL Lakers vs SAC Kings (9:40 PM EST)","Russell Westbrook","Points","Under","13.5","-105","BetMGM","5.02","50.0","10","False","FD at -136, DK at -124, ESPN at -125","472","517d3f658ed7692ebe7eaea81aa3c1ef","2026-03-02T02:40:00+00:00","player_points","True","Void","DNP or no data","2026-03-02T08:42:40.832631+00:00","No game log found (possible DNP or API delay)"
"2026-03-01T14:46:37.539263-05:00","LAL Lakers vs SAC Kings (9:40 PM EST)","Russell Westbrook","Points","Under","13.5","-105","HardRockBet","5.02","50.0","10","False","FD at -136, DK at -124, ESPN at -125","472","517d3f658ed7692ebe7eaea81aa3c1ef","2026-03-02T02:40:00+00:00","player_points","True","Void","DNP or no data","2026-03-02T08:42:40.832631+00:00","No game log found (possible DNP or API delay)"
"2026-03-01T14:49:48.769199-05:00","BKN Nets vs CLE Cavaliers (3:40 PM EST)","Evan Mobley","Rebounds","Under","7.5","-113","FanDuel","8.21","50.0","10","False","ESPN at -165, DK at -152","17896076","ab2357087428a9fee8c8a747eed1fced","2026-03-01T20:40:00+00:00","player_rebounds","True","Loss","13","2026-03-02T17:30:45.751297+00:00","No game log found (possible DNP or API delay) | Re-graded: stat found on retry"
"2026-03-01T14:49:52.370053-05:00","BKN Nets vs CLE Cavaliers (3:40 PM EST)","Michael Porter Jr","Rebounds","Over","5.5","-115","HardRockBet","2.21","60.0","10","False","FD at -138, DK at -141, ESPN at -140, Pinnacle at -139","375","ab2357087428a9fee8c8a747eed1fced","2026-03-01T20:40:00+00:00","player_rebounds","True","Loss","5","2026-03-02T17:30:45.751297+00:00","No game log found (possible DNP or API delay) | Re-graded: stat found on retry"
"2026-03-01T14:49:55.739477-05:00","BKN Nets vs CLE Cavaliers (3:40 PM EST)","Michael Porter Jr","Rebounds","Over","5.5","-110","BetMGM","4.37","60.0","10","False","FD at -138, DK at -141, ESPN at -140, Pinnacle at -139","375","ab2357087428a9fee8c8a747eed1fced","2026-03-01T20:40:00+00:00","player_rebounds","True","Loss","5","2026-03-02T17:30:45.751297+00:00","No game log found (possible DNP or API delay) | Re-graded: stat found on retry"
"2026-03-01T14:49:58.851215-05:00","BKN Nets vs CLE Cavaliers (3:40 PM EST)","Michael Porter Jr","Assists","Over","2.5","-125","HardRockBet","2.87","60.0","10","False","FD at -154, DK at -157, ESPN at -160","375","ab2357087428a9fee8c8a747eed1fced","2026-03-01T20:40:00+00:00","player_assists","True","Loss","1","2026-03-02T17:30:45.751297+00:00","No game log found (possible DNP or API delay) | Re-graded: stat found on retry"
"2026-03-01T14:50:05.653383-05:00","BKN Nets vs CLE Cavaliers (3:40 PM EST)","Evan Mobley","Rebounds Assists","Over","10.5","103","DraftKings","6.34","60.0","10","False","FD at -125, DK at 103, ESPN at -130","17896076","ab2357087428a9fee8c8a747eed1fced","2026-03-01T20:40:00+00:00","player_rebounds_assists","True","Win","15","2026-03-02T17:30:45.751297+00:00","No game log found (possible DNP or API delay) | Re-graded: stat found on retry"
"2026-03-01T14:50:20.448304-05:00","IND Pacers vs MEM Grizzlies (5:10 PM EST)","Cam Spencer","Rebounds Assists","Under","7.5","105","HardRockBet","4.63","50.0","10","False","FD at -118, DK at -106, ESPN at -110","1028048549","1ac567e2d0cf71fd4c1de0ff58cb9a0a","2026-03-01T22:10:00+00:00","player_rebounds_assists","True","Win","7","2026-03-02T17:30:45.751297+00:00","No game log found (possible DNP or API delay) | Re-graded: stat found on retry"
"2026-03-01T14:54:15.566901-05:00","BKN Nets vs CLE Cavaliers (3:40 PM EST)","Noah Clowney","Points","Over","12.5","100","BetMGM","2.91","30.0","10","False","FD at -120, DK at -120, ESPN at -120","56677843","ab2357087428a9fee8c8a747eed1fced","2026-03-01T20:40:00+00:00","player_points","True","Loss","5","2026-03-02T17:30:45.751297+00:00","No game log found (possible DNP or API delay) | Re-graded: stat found on retry"
"2026-03-01T14:54:21.639065-05:00","BKN Nets vs CLE Cavaliers (3:40 PM EST)","Michael Porter Jr","Rebounds","Over","5.5","-110","HardRockBet","5.11","60.0","10","False","FD at -140, DK at -141, ESPN at -140, Pinnacle at -139","375","ab2357087428a9fee8c8a747eed1fced","2026-03-01T20:40:00+00:00","player_rebounds","True","Loss","5","2026-03-02T17:30:45.751297+00:00","No game log found (possible DNP or API delay) | Re-graded: stat found on retry"
"2026-03-01T14:54:25.652052-05:00","BKN Nets vs CLE Cavaliers (3:40 PM EST)","Michael Porter Jr","Rebounds","Over","5.5","-105","BetMGM","7.49","60.0","10","False","FD at -140, DK at -141, ESPN at -140, Pinnacle at -139","375","ab2357087428a9fee8c8a747eed1fced","2026-03-01T20:40:00+00:00","player_rebounds","True","Loss","5","2026-03-02T17:30:45.751297+00:00","No game log found (possible DNP or API delay) | Re-graded: stat found on retry"
"2026-03-01T14:54:37.364006-05:00","BKN Nets vs CLE Cavaliers (3:40 PM EST)","Evan Mobley","Rebounds Assists","Under","10.5","100","theScore","4.77","40.0","10","False","FD at -125, DK at -136, ESPN at 100","17896076","ab2357087428a9fee8c8a747eed1fced","2026-03-01T20:40:00+00:00","player_rebounds_assists","True","Loss","15","2026-03-02T17:30:45.751297+00:00","No game log found (possible DNP or API delay) | Re-graded: stat found on retry"
"2026-03-01T14:54:39.848915-05:00","BKN Nets vs CLE Cavaliers (3:40 PM EST)","Michael Porter Jr","Rebounds Assists","Over","8.5","105","HardRockBet","9.28","60.0","10","False","FD at -130, DK at -138, ESPN at -130","375","ab2357087428a9fee8c8a747eed1fced","2026-03-01T20:40:00+00:00","player_rebounds_assists","True","Loss","6","2026-03-02T17:30:45.751297+00:00","No game log found (possible DNP or API delay) | Re-graded: stat found on retry"
"2026-03-01T14:54:42.156870-05:00","BKN Nets vs CLE Cavaliers (3:40 PM EST)","Michael Porter Jr","Rebounds Assists","Over","8.5","105","BetMGM","9.28","60.0","10","False","FD at -130, DK at -138, ESPN at -130","375","ab2357087428a9fee8c8a747eed1fced","2026-03-01T20:40:00+00:00","player_rebounds_assists","True","Loss","6","2026-03-02T17:30:45.751297+00:00","No game log found (possible DNP or API delay) | Re-graded: stat found on retry"
"2026-03-01T14:55:00.149008-05:00","LAL Lakers vs SAC Kings (9:40 PM EST)","Austin Reaves","Rebounds Assists","Over","8.5","-115","HardRockBet","3.03","40.0","10","False","FD at -144, DK at -134","17553995","517d3f658ed7692ebe7eaea81aa3c1ef","2026-03-02T02:40:00+00:00","player_rebounds_assists","True","Void","DNP or no data","2026-03-02T08:42:40.832631+00:00","No game log found (possible DNP or API delay)"
"2026-03-01T14:58:04.151241-05:00","BKN Nets vs CLE Cavaliers (3:40 PM EST)","Jarrett Allen","Points","Under","17.5","108","BetRivers","1.84","30.0","10","False","FD at -108, DK at -104, ESPN at -120","9","ab2357087428a9fee8c8a747eed1fced","2026-03-01T20:40:00+00:00","player_points","True","Loss","20","2026-03-02T17:30:45.751297+00:00","No game log found (possible DNP or API delay) | Re-graded: stat found on retry"
"2026-03-01T14:58:07.038650-05:00","BKN Nets vs CLE Cavaliers (3:40 PM EST)","Jarrett Allen","Points","Under","17.5","110","BetParx","2.82","30.0","10","False","FD at -108, DK at -104, ESPN at -120","9","ab2357087428a9fee8c8a747eed1fced","2026-03-01T20:40:00+00:00","player_points","True","Loss","20","2026-03-02T17:30:45.751297+00:00","No game log found (possible DNP or API delay) | Re-graded: stat found on retry"
"2026-03-01T14:58:09.764308-05:00","BKN Nets vs CLE Cavaliers (3:40 PM EST)","Michael Porter Jr","Rebounds","Over","5.5","-110","HardRockBet","4.37","60.0","10","False","FD at -138, DK at -141, ESPN at -140","375","ab2357087428a9fee8c8a747eed1fced","2026-03-01T20:40:00+00:00","player_rebounds","True","Loss","5","2026-03-02T17:30:45.751297+00:00","No game log found (possible DNP or API delay) | Re-graded: stat found on retry"
"2026-03-01T14:58:12.120166-05:00","BKN Nets vs CLE Cavaliers (3:40 PM EST)","Michael Porter Jr","Rebounds","Over","5.5","-110","BetMGM","4.37","60.0","10","False","FD at -138, DK at -141, ESPN at -140","375","ab2357087428a9fee8c8a747eed1fced","2026-03-01T20:40:00+00:00","player_rebounds","True","Loss","5","2026-03-02T17:30:45.751297+00:00","No game log found (possible DNP or API delay) | Re-graded: stat found on retry"
"2026-03-01T14:58:16.595089-05:00","BKN Nets vs CLE Cavaliers (3:40 PM EST)","Michael Porter Jr","Assists","Over","2.5","-125","HardRockBet","2.01","60.0","10","False","FD at -150, DK at -157, ESPN at -150","375","ab2357087428a9fee8c8a747eed1fced","2026-03-01T20:40:00+00:00","player_assists","True","Loss","1","2026-03-02T17:30:45.751297+00:00","No game log found (possible DNP or API delay) | Re-graded: stat found on retry"
"2026-03-01T14:58:19.240692-05:00","BKN Nets vs CLE Cavaliers (3:40 PM EST)","Michael Porter Jr","Rebounds Assists","Over","8.5","105","HardRockBet","10.12","60.0","10","False","FD at -132, DK at -138, ESPN at -130","375","ab2357087428a9fee8c8a747eed1fced","2026-03-01T20:40:00+00:00","player_rebounds_assists","True","Loss","6","2026-03-02T17:30:45.751297+00:00","No game log found (possible DNP or API delay) | Re-graded: stat found on retry"
"2026-03-01T14:58:22.966684-05:00","BKN Nets vs CLE Cavaliers (3:40 PM EST)","Michael Porter Jr","Rebounds Assists","Over","8.5","100","BetMGM","7.44","60.0","10","False","FD at -132, DK at -138, ESPN at -130","375","ab2357087428a9fee8c8a747eed1fced","2026-03-01T20:40:00+00:00","player_rebounds_assists","True","Loss","6","2026-03-02T17:30:45.751297+00:00","No game log found (possible DNP or API delay) | Re-graded: stat found on retry"
"2026-03-01T14:58:28.929518-05:00","BKN Nets vs CLE Cavaliers (3:40 PM EST)","Jarrett Allen","Points Q1","Over","4.5","100","HardRockBet","3.83","","10","False","FD at -125, ESPN at -125","9","ab2357087428a9fee8c8a747eed1fced","2026-03-01T20:40:00+00:00","player_points_q1","True","Void","DNP or no data","2026-03-02T02:41:09.448954+00:00","No game log found (possible DNP or API delay)"
"2026-03-01T15:01:57.231348-05:00","BKN Nets vs CLE Cavaliers (3:40 PM EST)","Jarrett Allen","Points","Under","17.5","108","BetRivers","3.14","30.0","10","False","FD at -111, DK at -104, ESPN at -120","9","ab2357087428a9fee8c8a747eed1fced","2026-03-01T20:40:00+00:00","player_points","True","Loss","20","2026-03-02T17:30:45.751297+00:00","No game log found (possible DNP or API delay) | Re-graded: stat found on retry"
"2026-03-01T15:01:59.589730-05:00","BKN Nets vs CLE Cavaliers (3:40 PM EST)","Jarrett Allen","Points","Under","17.5","110","BetParx","4.13","30.0","10","False","FD at -111, DK at -104, ESPN at -120","9","ab2357087428a9fee8c8a747eed1fced","2026-03-01T20:40:00+00:00","player_points","True","Loss","20","2026-03-02T17:30:45.751297+00:00","No game log found (possible DNP or API delay) | Re-graded: stat found on retry"
"2026-03-01T15:02:07.806804-05:00","BKN Nets vs CLE Cavaliers (3:40 PM EST)","Michael Porter Jr","Rebounds Assists","Over","8.5","105","HardRockBet","9.28","60.0","10","False","FD at -130, DK at -144, ESPN at -130","375","ab2357087428a9fee8c8a747eed1fced","2026-03-01T20:40:00+00:00","player_rebounds_assists","True","Loss","6","2026-03-02T17:30:45.751297+00:00","No game log found (possible DNP or API delay) | Re-graded: stat found on retry"
"2026-03-01T15:02:10.592194-05:00","BKN Nets vs CLE Cavaliers (3:40 PM EST)","Michael Porter Jr","Rebounds Assists","Over","8.5","100","BetMGM","6.62","60.0","10","False","FD at -130, DK at -144, ESPN at -130","375","ab2357087428a9fee8c8a747eed1fced","2026-03-01T20:40:00+00:00","player_rebounds_assists","True","Loss","6","2026-03-02T17:30:45.751297+00:00","No game log found (possible DNP or API delay) | Re-graded: stat found on retry"
"2026-03-01T15:02:27.454890-05:00","DEN Nuggets vs MIN Timberwolves (3:40 PM EST)","Rudy Gobert","Points","Over","10.5","102","DraftKings","1.84","40.0","10","False","FD at -115, DK at 102, ESPN at -120","176","25a45928a3d4b8a0d492283f6f434421","2026-03-01T20:40:00+00:00","player_points","True","Loss","7","2026-03-02T17:30:45.751297+00:00","No game log found (possible DNP or API delay) | Re-graded: stat found on retry"
"2026-03-01T15:06:27.659159-05:00","BKN Nets vs CLE Cavaliers (3:40 PM EST)","Jarrett Allen","Points","Under","17.5","108","BetRivers","1.84","30.0","10","False","FD at -108, DK at -108, ESPN at -120","9","ab2357087428a9fee8c8a747eed1fced","2026-03-01T20:40:00+00:00","player_points","True","Loss","20","2026-03-02T17:30:45.751297+00:00","No game log found (possible DNP or API delay) | Re-graded: stat found on retry"
"2026-03-01T15:06:30.352831-05:00","BKN Nets vs CLE Cavaliers (3:40 PM EST)","Jarrett Allen","Points","Under","17.5","110","BetParx","2.82","30.0","10","False","FD at -108, DK at -108, ESPN at -120","9","ab2357087428a9fee8c8a747eed1fced","2026-03-01T20:40:00+00:00","player_points","True","Loss","20","2026-03-02T17:30:45.751297+00:00","No game log found (possible DNP or API delay) | Re-graded: stat found on retry"
"2026-03-01T15:06:36.381605-05:00","BKN Nets vs CLE Cavaliers (3:40 PM EST)","Michael Porter Jr","Rebounds","Over","5.5","-110","HardRockBet","5.11","60.0","10","False","FD at -140, DK at -149, ESPN at -140","375","ab2357087428a9fee8c8a747eed1fced","2026-03-01T20:40:00+00:00","player_rebounds","True","Loss","5","2026-03-02T17:30:45.751297+00:00","No game log found (possible DNP or API delay) | Re-graded: stat found on retry"
"2026-03-01T15:06:38.766983-05:00","BKN Nets vs CLE Cavaliers (3:40 PM EST)","Michael Porter Jr","Rebounds","Over","5.5","-110","BetMGM","5.11","60.0","10","False","FD at -140, DK at -149, ESPN at -140","375","ab2357087428a9fee8c8a747eed1fced","2026-03-01T20:40:00+00:00","player_rebounds","True","Loss","5","2026-03-02T17:30:45.751297+00:00","No game log found (possible DNP or API delay) | Re-graded: stat found on retry"
"2026-03-01T15:06:46.802367-05:00","BKN Nets vs CLE Cavaliers (3:40 PM EST)","Michael Porter Jr","Assists","Over","2.5","-125","HardRockBet","2.87","60.0","10","False","FD at -154, DK at -157, ESPN at -150","375","ab2357087428a9fee8c8a747eed1fced","2026-03-01T20:40:00+00:00","player_assists","True","Loss","1","2026-03-02T17:30:45.751297+00:00","No game log found (possible DNP or API delay) | Re-graded: stat found on retry"
"2026-03-01T15:06:49.224867-05:00","BKN Nets vs CLE Cavaliers (3:40 PM EST)","Michael Porter Jr","Rebounds Assists","Over","8.5","105","HardRockBet","10.12","60.0","10","False","FD at -132, ESPN at -140","375","ab2357087428a9fee8c8a747eed1fced","2026-03-01T20:40:00+00:00","player_rebounds_assists","True","Loss","6","2026-03-02T17:30:45.751297+00:00","No game log found (possible DNP or API delay) | Re-graded: stat found on retry"
"2026-03-01T15:06:51.528281-05:00","BKN Nets vs CLE Cavaliers (3:40 PM EST)","Michael Porter Jr","Rebounds Assists","Over","8.5","100","BetMGM","7.44","60.0","10","False","FD at -132, ESPN at -140","375","ab2357087428a9fee8c8a747eed1fced","2026-03-01T20:40:00+00:00","player_rebounds_assists","True","Loss","6","2026-03-02T17:30:45.751297+00:00","No game log found (possible DNP or API delay) | Re-graded: stat found on retry"
"2026-03-01T15:06:54.278224-05:00","CHI Bulls vs MIL Bucks (3:40 PM EST)","Josh Giddey","Threes","Under","1.5","100","BetMGM","5.79","70.0","10","True","FD at -128, DK at -112, ESPN at -120","17896065","cc2edd23c90efdc9ac05b2dda6db0710","2026-03-01T20:40:00+00:00","player_threes","True","Loss","5","2026-03-02T17:30:45.751297+00:00","No game log found (possible DNP or API delay) | Re-graded: stat found on retry"
"2026-03-01T15:10:23.897746-05:00","CHI Bulls vs MIL Bucks (3:40 PM EST)","Josh Giddey","Rebounds","Over","6.5","110","BetRivers","5.87","10.0","10","False","FD at -115, DK at -106","17896065","cc2edd23c90efdc9ac05b2dda6db0710","2026-03-01T20:40:00+00:00","player_rebounds","True","Win","14","2026-03-02T17:30:45.751297+00:00","No game log found (possible DNP or API delay) | Re-graded: stat found on retry"
"2026-03-01T15:10:31.678740-05:00","CHI Bulls vs MIL Bucks (3:40 PM EST)","Josh Giddey","Assists","Over","7.5","110","BetRivers","4.13","20.0","10","False","FD at -111, DK at 106, ESPN at 110, Pinnacle at -102","17896065","cc2edd23c90efdc9ac05b2dda6db0710","2026-03-01T20:40:00+00:00","player_assists","True","Win","10","2026-03-02T17:30:45.751297+00:00","No game log found (possible DNP or API delay) | Re-graded: stat found on retry"
"2026-03-01T15:10:34.540359-05:00","CHI Bulls vs MIL Bucks (3:40 PM EST)","Josh Giddey","Assists","Over","7.5","110","BallyBet","4.13","20.0","10","False","FD at -111, DK at 106, ESPN at 110, Pinnacle at -102","17896065","cc2edd23c90efdc9ac05b2dda6db0710","2026-03-01T20:40:00+00:00","player_assists","True","Win","10","2026-03-02T17:30:45.751297+00:00","No game log found (possible DNP or API delay) | Re-graded: stat found on retry"
"2026-03-01T15:10:37.751310-05:00","CHI Bulls vs MIL Bucks (3:40 PM EST)","Josh Giddey","Assists","Over","7.5","110","theScore","4.13","20.0","10","False","FD at -111, DK at 106, ESPN at 110, Pinnacle at -102","17896065","cc2edd23c90efdc9ac05b2dda6db0710","2026-03-01T20:40:00+00:00","player_assists","True","Win","10","2026-03-02T17:30:45.751297+00:00","No game log found (possible DNP or API delay) | Re-graded: stat found on retry"
"2026-03-01T15:14:27.233441-05:00","CHI Bulls vs MIL Bucks (3:40 PM EST)","Josh Giddey","Rebounds","Over","6.5","105","theScore","3.35","10.0","10","False","FD at -115, DK at -110, ESPN at 105","17896065","cc2edd23c90efdc9ac05b2dda6db0710","2026-03-01T20:40:00+00:00","player_rebounds","True","Win","14","2026-03-02T17:30:45.751297+00:00","No game log found (possible DNP or API delay) | Re-graded: stat found on retry"
"2026-03-01T15:14:31.074939-05:00","CHI Bulls vs MIL Bucks (3:40 PM EST)","Josh Giddey","Rebounds","Over","6.5","110","HardRockBet","5.87","10.0","10","False","FD at -115, DK at -110, ESPN at 105","17896065","cc2edd23c90efdc9ac05b2dda6db0710","2026-03-01T20:40:00+00:00","player_rebounds","True","Win","14","2026-03-02T17:30:45.751297+00:00","No game log found (possible DNP or API delay) | Re-graded: stat found on retry"
"2026-03-01T15:14:39.040816-05:00","CHI Bulls vs MIL Bucks (3:40 PM EST)","Myles Turner","Rebounds","Under","5.5","-125","HardRockBet","2.87","60.0","10","False","FD at -154, DK at -154, ESPN at -150","452","cc2edd23c90efdc9ac05b2dda6db0710","2026-03-01T20:40:00+00:00","player_rebounds","True","Loss","7","2026-03-02T17:30:45.751297+00:00","No game log found (possible DNP or API delay) | Re-graded: stat found on retry"
"2026-03-01T15:14:44.629702-05:00","CHI Bulls vs MIL Bucks (3:40 PM EST)","Bobby Portis","Rebounds","Under","5.5","-125","BetMGM","3.27","50.0","10","False","FD at -154, DK at -144, ESPN at -145","377","cc2edd23c90efdc9ac05b2dda6db0710","2026-03-01T20:40:00+00:00","player_rebounds","True","Win","5","2026-03-02T17:30:45.751297+00:00","No game log found (possible DNP or API delay) | Re-graded: stat found on retry"
"2026-03-01T15:14:47.872507-05:00","CHI Bulls vs MIL Bucks (3:40 PM EST)","Myles Turner","Rebounds","Under","5.5","-125","BetMGM","2.87","60.0","10","False","FD at -154, DK at -154, ESPN at -150","452","cc2edd23c90efdc9ac05b2dda6db0710","2026-03-01T20:40:00+00:00","player_rebounds","True","Loss","7","2026-03-02T17:30:45.751297+00:00","No game log found (possible DNP or API delay) | Re-graded: stat found on retry"
"2026-03-01T15:14:55.963679-05:00","CHI Bulls vs MIL Bucks (3:40 PM EST)","Josh Giddey","Assists","Under","7.5","-115","FanDuel","4.46","80.0","10","False","ESPN at -150, DK at -145","17896065","cc2edd23c90efdc9ac05b2dda6db0710","2026-03-01T20:40:00+00:00","player_assists","True","Loss","10","2026-03-02T17:30:45.751297+00:00","No game log found (possible DNP or API delay) | Re-graded: stat found on retry"
"2026-03-01T15:15:00.242252-05:00","CHI Bulls vs MIL Bucks (3:40 PM EST)","Josh Giddey","Assists","Over","7.5","110","Fanatics","4.13","20.0","10","False","FD at -111, DK at 110, ESPN at 115, Pinnacle at -102","17896065","cc2edd23c90efdc9ac05b2dda6db0710","2026-03-01T20:40:00+00:00","player_assists","True","Win","10","2026-03-02T17:30:45.751297+00:00","No game log found (possible DNP or API delay) | Re-graded: stat found on retry"
"2026-03-01T15:15:06.229096-05:00","CHI Bulls vs MIL Bucks (3:40 PM EST)","Josh Giddey","Assists","Over","7.5","110","DraftKings","4.13","20.0","10","False","FD at -111, DK at 110, ESPN at 115, Pinnacle at -102","17896065","cc2edd23c90efdc9ac05b2dda6db0710","2026-03-01T20:40:00+00:00","player_assists","True","Win","10","2026-03-02T17:30:45.751297+00:00","No game log found (possible DNP or API delay) | Re-graded: stat found on retry"
"2026-03-01T15:15:23.666958-05:00","DEN Nuggets vs MIN Timberwolves (3:40 PM EST)","Rudy Gobert","Points","Over","10.5","102","DraftKings","3.1","40.0","10","False","FD at -118, DK at 102, ESPN at -115","176","25a45928a3d4b8a0d492283f6f434421","2026-03-01T20:40:00+00:00","player_points","True","Loss","7","2026-03-02T17:30:45.751297+00:00","No game log found (possible DNP or API delay) | Re-graded: stat found on retry"
"2026-03-01T15:19:33.556298-05:00","BKN Nets vs CLE Cavaliers (3:40 PM EST)","Michael Porter Jr","Rebounds","Over","5.5","-110","HardRockBet","4.37","60.0","10","False","FD at -138, DK at -149, ESPN at -140","375","ab2357087428a9fee8c8a747eed1fced","2026-03-01T20:40:00+00:00","player_rebounds","True","Loss","5","2026-03-02T17:30:45.751297+00:00","No game log found (possible DNP or API delay) | Re-graded: stat found on retry"
"2026-03-01T15:19:36.802024-05:00","BKN Nets vs CLE Cavaliers (3:40 PM EST)","Michael Porter Jr","Rebounds","Over","5.5","-105","BetMGM","6.74","60.0","10","False","FD at -138, DK at -149, ESPN at -140","375","ab2357087428a9fee8c8a747eed1fced","2026-03-01T20:40:00+00:00","player_rebounds","True","Loss","5","2026-03-02T17:30:45.751297+00:00","No game log found (possible DNP or API delay) | Re-graded: stat found on retry"
"2026-03-01T15:19:46.108865-05:00","BKN Nets vs CLE Cavaliers (3:40 PM EST)","Michael Porter Jr","Assists","Over","2.5","-125","HardRockBet","2.01","60.0","10","False","FD at -150, DK at -157, ESPN at -150","375","ab2357087428a9fee8c8a747eed1fced","2026-03-01T20:40:00+00:00","player_assists","True","Loss","1","2026-03-02T17:30:45.751297+00:00","No game log found (possible DNP or API delay) | Re-graded: stat found on retry"
"2026-03-01T15:19:49.201580-05:00","BKN Nets vs CLE Cavaliers (3:40 PM EST)","Michael Porter Jr","Rebounds Assists","Over","8.5","105","HardRockBet","9.28","60.0","10","False","FD at -130, DK at -143, ESPN at -140","375","ab2357087428a9fee8c8a747eed1fced","2026-03-01T20:40:00+00:00","player_rebounds_assists","True","Loss","6","2026-03-02T17:30:45.751297+00:00","No game log found (possible DNP or API delay) | Re-graded: stat found on retry"
"2026-03-01T15:19:52.495491-05:00","BKN Nets vs CLE Cavaliers (3:40 PM EST)","Michael Porter Jr","Rebounds Assists","Over","8.5","105","BetMGM","9.28","60.0","10","False","FD at -130, DK at -143, ESPN at -140","375","ab2357087428a9fee8c8a747eed1fced","2026-03-01T20:40:00+00:00","player_rebounds_assists","True","Loss","6","2026-03-02T17:30:45.751297+00:00","No game log found (possible DNP or API delay) | Re-graded: stat found on retry"
"2026-03-01T15:19:57.262288-05:00","CHI Bulls vs MIL Bucks (3:40 PM EST)","Myles Turner","Rebounds","Under","5.5","-125","HardRockBet","3.5","60.0","10","False","FD at -156, DK at -154, ESPN at -160","452","cc2edd23c90efdc9ac05b2dda6db0710","2026-03-01T20:40:00+00:00","player_rebounds","True","Loss","7","2026-03-02T17:30:45.751297+00:00","No game log found (possible DNP or API delay) | Re-graded: stat found on retry"
"2026-03-01T15:20:01.764403-05:00","CHI Bulls vs MIL Bucks (3:40 PM EST)","Bobby Portis","Rebounds","Under","5.5","-125","BetMGM","3.5","50.0","10","False","FD at -156, DK at -144, ESPN at -140","377","cc2edd23c90efdc9ac05b2dda6db0710","2026-03-01T20:40:00+00:00","player_rebounds","True","Win","5","2026-03-02T17:30:45.751297+00:00","No game log found (possible DNP or API delay) | Re-graded: stat found on retry"
"2026-03-01T15:20:10.586329-05:00","CHI Bulls vs MIL Bucks (3:40 PM EST)","Kevin Porter Jr.","Rebounds","Under","5.5","-130","BetMGM","3.13","40.0","10","False","FD at -162, ESPN at -150","666849","cc2edd23c90efdc9ac05b2dda6db0710","2026-03-01T20:40:00+00:00","player_rebounds","True","Loss","6","2026-03-02T17:30:45.751297+00:00","No game log found (possible DNP or API delay) | Re-graded: stat found on retry"
"2026-03-01T15:20:16.519343-05:00","CHI Bulls vs MIL Bucks (3:40 PM EST)","Myles Turner","Rebounds","Under","5.5","-125","BetMGM","3.5","60.0","10","False","FD at -156, DK at -154, ESPN at -160","452","cc2edd23c90efdc9ac05b2dda6db0710","2026-03-01T20:40:00+00:00","player_rebounds","True","Loss","7","2026-03-02T17:30:45.751297+00:00","No game log found (possible DNP or API delay) | Re-graded: stat found on retry"
"2026-03-01T15:20:22.968170-05:00","CHI Bulls vs MIL Bucks (3:40 PM EST)","Kyle Kuzma","Rebounds Assists","Under","7.5","-110","HardRockBet","2.55","60.0","10","False","FD at -132, DK at -135, ESPN at -125","265","cc2edd23c90efdc9ac05b2dda6db0710","2026-03-01T20:40:00+00:00","player_rebounds_assists","True","Win","7","2026-03-02T17:30:45.751297+00:00","No game log found (possible DNP or API delay) | Re-graded: stat found on retry"
"2026-03-01T15:20:27.197348-05:00","CHI Bulls vs MIL Bucks (3:40 PM EST)","Kyle Kuzma","Rebounds Assists","Under","7.5","-110","BetMGM","2.55","60.0","10","False","FD at -132, DK at -135, ESPN at -125","265","cc2edd23c90efdc9ac05b2dda6db0710","2026-03-01T20:40:00+00:00","player_rebounds_assists","True","Win","7","2026-03-02T17:30:45.751297+00:00","No game log found (possible DNP or API delay) | Re-graded: stat found on retry"
"2026-03-01T15:20:36.871775-05:00","CHI Bulls vs MIL Bucks (3:40 PM EST)","Isaac Okoro","Threes","Under","1.5","-113","DraftKings","3.05","60.0","10","False","FD at -138, DK at -113, ESPN at -140","3547247","cc2edd23c90efdc9ac05b2dda6db0710","2026-03-01T20:40:00+00:00","player_threes","True","Win","1","2026-03-02T17:30:45.751297+00:00","No game log found (possible DNP or API delay) | Re-graded: stat found on retry"
"2026-03-01T15:20:48.113160-05:00","DEN Nuggets vs MIN Timberwolves (3:40 PM EST)","Jamal Murray","Assists","Over","6.5","-125","FanDuel","3.68","50.0","10","False","ESPN at -160, Pinnacle at -161","335","25a45928a3d4b8a0d492283f6f434421","2026-03-01T20:40:00+00:00","player_assists","True","Loss","4","2026-03-02T17:30:45.751297+00:00","No game log found (possible DNP or API delay) | Re-graded: stat found on retry"
"2026-03-01T15:21:00.074167-05:00","DEN Nuggets vs MIN Timberwolves (3:40 PM EST)","Jamal Murray","Rebounds Assists","Over","11.5","110","FanDuel","5.85","60.0","10","False","ESPN at -120, DK at -114","335","25a45928a3d4b8a0d492283f6f434421","2026-03-01T20:40:00+00:00","player_rebounds_assists","True","Loss","9","2026-03-02T17:30:45.751297+00:00","No game log found (possible DNP or API delay) | Re-graded: stat found on retry"
"2026-03-01T15:24:12.829151-05:00","BKN Nets vs CLE Cavaliers (3:40 PM EST)","Michael Porter Jr","Rebounds","Over","5.5","-110","HardRockBet","5.11","60.0","10","False","FD at -140, DK at -149, ESPN at -140","375","ab2357087428a9fee8c8a747eed1fced","2026-03-01T20:40:00+00:00","player_rebounds","True","Loss","5","2026-03-02T17:30:45.751297+00:00","No game log found (possible DNP or API delay) | Re-graded: stat found on retry"
"2026-03-01T15:24:17.899360-05:00","BKN Nets vs CLE Cavaliers (3:40 PM EST)","Michael Porter Jr","Rebounds","Over","5.5","-105","BetMGM","7.49","60.0","10","False","FD at -140, DK at -149, ESPN at -140","375","ab2357087428a9fee8c8a747eed1fced","2026-03-01T20:40:00+00:00","player_rebounds","True","Loss","5","2026-03-02T17:30:45.751297+00:00","No game log found (possible DNP or API delay) | Re-graded: stat found on retry"
"2026-03-01T15:24:23.681723-05:00","BKN Nets vs CLE Cavaliers (3:40 PM EST)","Michael Porter Jr","Assists","Over","2.5","-125","HardRockBet","2.87","60.0","10","False","FD at -154, DK at -157, ESPN at -160","375","ab2357087428a9fee8c8a747eed1fced","2026-03-01T20:40:00+00:00","player_assists","True","Loss","1","2026-03-02T17:30:45.751297+00:00","No game log found (possible DNP or API delay) | Re-graded: stat found on retry"
"2026-03-01T15:24:30.389069-05:00","BKN Nets vs CLE Cavaliers (3:40 PM EST)","Michael Porter Jr","Rebounds Assists","Over","8.5","105","HardRockBet","10.12","60.0","10","False","FD at -132, ESPN at -130","375","ab2357087428a9fee8c8a747eed1fced","2026-03-01T20:40:00+00:00","player_rebounds_assists","True","Loss","6","2026-03-02T17:30:45.751297+00:00","No game log found (possible DNP or API delay) | Re-graded: stat found on retry"
"2026-03-01T15:24:33.572196-05:00","BKN Nets vs CLE Cavaliers (3:40 PM EST)","Michael Porter Jr","Rebounds Assists","Over","8.5","105","BetMGM","10.12","60.0","10","False","FD at -132, ESPN at -130","375","ab2357087428a9fee8c8a747eed1fced","2026-03-01T20:40:00+00:00","player_rebounds_assists","True","Loss","6","2026-03-02T17:30:45.751297+00:00","No game log found (possible DNP or API delay) | Re-graded: stat found on retry"
"2026-03-01T15:24:36.155710-05:00","CHI Bulls vs MIL Bucks (3:40 PM EST)","Isaac Okoro","Threes","Under","1.5","-113","DraftKings","2.31","60.0","10","False","FD at -136, DK at -113, ESPN at -140","3547247","cc2edd23c90efdc9ac05b2dda6db0710","2026-03-01T20:40:00+00:00","player_threes","True","Win","1","2026-03-02T17:30:45.751297+00:00","No game log found (possible DNP or API delay) | Re-graded: stat found on retry"
"2026-03-01T15:24:48.161292-05:00","IND Pacers vs MEM Grizzlies (5:10 PM EST)","Cam Spencer","Rebounds Assists","Under","7.5","105","HardRockBet","2.92","50.0","10","False","FD at -115, DK at -106, ESPN at -110","1028048549","1ac567e2d0cf71fd4c1de0ff58cb9a0a","2026-03-01T22:10:00+00:00","player_rebounds_assists","True","Win","7","2026-03-02T17:30:45.751297+00:00","No game log found (possible DNP or API delay) | Re-graded: stat found on retry"
"2026-03-01T15:27:58.042257-05:00","BKN Nets vs CLE Cavaliers (3:40 PM EST)","Michael Porter Jr","Rebounds Assists","Over","8.5","105","HardRockBet","9.28","60.0","10","False","FD at -130, DK at -145, ESPN at -130","375","ab2357087428a9fee8c8a747eed1fced","2026-03-01T20:40:00+00:00","player_rebounds_assists","True","Loss","6","2026-03-02T17:30:45.751297+00:00","No game log found (possible DNP or API delay) | Re-graded: stat found on retry"
"2026-03-01T15:28:00.465228-05:00","BKN Nets vs CLE Cavaliers (3:40 PM EST)","Michael Porter Jr","Rebounds Assists","Over","8.5","105","BetMGM","9.28","60.0","10","False","FD at -130, DK at -145, ESPN at -130","375","ab2357087428a9fee8c8a747eed1fced","2026-03-01T20:40:00+00:00","player_rebounds_assists","True","Loss","6","2026-03-02T17:30:45.751297+00:00","No game log found (possible DNP or API delay) | Re-graded: stat found on retry"
"2026-03-01T15:32:18.372001-05:00","BKN Nets vs CLE Cavaliers (3:40 PM EST)","Michael Porter Jr","Assists","Over","2.5","-125","HardRockBet","2.01","60.0","10","False","FD at -150, DK at -157, ESPN at -160","375","ab2357087428a9fee8c8a747eed1fced","2026-03-01T20:40:00+00:00","player_assists","True","Loss","1","2026-03-02T17:30:45.751297+00:00","No game log found (possible DNP or API delay) | Re-graded: stat found on retry"
"2026-03-01T15:32:29.363709-05:00","CHI Bulls vs MIL Bucks (3:40 PM EST)","Isaac Okoro","Threes","Under","1.5","-113","DraftKings","3.05","60.0","10","False","FD at -138, DK at -113, ESPN at -140","3547247","cc2edd23c90efdc9ac05b2dda6db0710","2026-03-01T20:40:00+00:00","player_threes","True","Win","1","2026-03-02T17:30:45.751297+00:00","No game log found (possible DNP or API delay) | Re-graded: stat found on retry"
"2026-03-01T15:32:41.812283-05:00","DEN Nuggets vs MIN Timberwolves (3:40 PM EST)","Jaden McDaniels","Rebounds Assists","Under","7.5","-110","HardRockBet","3.62","40.0","10","False","FD at -136, DK at -129, ESPN at -125","3547259","25a45928a3d4b8a0d492283f6f434421","2026-03-01T20:40:00+00:00","player_rebounds_assists","True","Win","4","2026-03-02T17:30:45.751297+00:00","No game log found (possible DNP or API delay) | Re-graded: stat found on retry"
"2026-03-01T15:32:46.093999-05:00","DEN Nuggets vs MIN Timberwolves (3:40 PM EST)","Christian Braun","Rebounds Assists","Over","7.5","100","HardRockBet","6.62","50.0","10","False","FD at -130, DK at -136, ESPN at -130","38017709","25a45928a3d4b8a0d492283f6f434421","2026-03-01T20:40:00+00:00","player_rebounds_assists","True","Loss","7","2026-03-02T17:30:45.751297+00:00","No game log found (possible DNP or API delay) | Re-graded: stat found on retry"
"2026-03-01T15:32:48.516001-05:00","DEN Nuggets vs MIN Timberwolves (3:40 PM EST)","Christian Braun","Rebounds Assists","Over","7.5","100","BetMGM","6.62","50.0","10","False","FD at -130, DK at -136, ESPN at -130","38017709","25a45928a3d4b8a0d492283f6f434421","2026-03-01T20:40:00+00:00","player_rebounds_assists","True","Loss","7","2026-03-02T17:30:45.751297+00:00","No game log found (possible DNP or API delay) | Re-graded: stat found on retry"
"2026-03-01T15:32:54.594007-05:00","IND Pacers vs MEM Grizzlies (5:10 PM EST)","Cam Spencer","Rebounds Assists","Under","7.5","110","HardRockBet","5.0","50.0","10","False","FD at -113, DK at -106","1028048549","1ac567e2d0cf71fd4c1de0ff58cb9a0a","2026-03-01T22:10:00+00:00","player_rebounds_assists","True","Win","7","2026-03-02T17:30:45.751297+00:00","No game log found (possible DNP or API delay) | Re-graded: stat found on retry"
"2026-03-01T15:33:07.343797-05:00","ORL Magic vs DET Pistons (6:10 PM EST)","Anthony Black","Points Rebounds Assists","Under","20.5","-105","HardRockBet","3.27","60.0","10","False","FD at -128, DK at -120, ESPN at -115","56677827","4d40482f62b199752b8b264572ff8460","2026-03-01T23:10:00+00:00","player_points_rebounds_assists","True","Void","DNP or no data","2026-03-02T05:12:02.081226+00:00","No game log found (possible DNP or API delay)"
"2026-03-01T15:33:10.090306-05:00","ORL Magic vs DET Pistons (6:10 PM EST)","Anthony Black","Points Rebounds Assists","Under","20.5","-105","BetMGM","3.27","60.0","10","False","FD at -128, DK at -120, ESPN at -115","56677827","4d40482f62b199752b8b264572ff8460","2026-03-01T23:10:00+00:00","player_points_rebounds_assists","True","Void","DNP or no data","2026-03-02T05:12:02.081226+00:00","No game log found (possible DNP or API delay)"
"2026-03-01T15:33:22.180221-05:00","DAL Mavericks vs OKC Thunder (8:10 PM EST)","Cason Wallace","Points Rebounds","Under","13.5","100","BetMGM","2.84","30.0","10","False","FD at -122, DK at -119, ESPN at -120","56677833","3d268484ec4724f35d87620826643242","2026-03-02T01:10:00+00:00","player_points_rebounds","True","Void","DNP or no data","2026-03-02T07:12:24.876874+00:00","No game log found (possible DNP or API delay)"
"2026-03-01T15:36:44.321698-05:00","CHI Bulls vs MIL Bucks (3:40 PM EST)","Kyle Kuzma","Rebounds Assists","Under","7.5","-110","BetMGM","3.62","60.0","10","False","FD at -136, DK at -139, ESPN at -130","265","cc2edd23c90efdc9ac05b2dda6db0710","2026-03-01T20:40:00+00:00","player_rebounds_assists","True","Win","7","2026-03-02T17:30:45.751297+00:00","No game log found (possible DNP or API delay) | Re-graded: stat found on retry"
"2026-03-01T15:36:47.724619-05:00","IND Pacers vs MEM Grizzlies (5:10 PM EST)","Ben Sheppard","Rebounds","Over","3.5","100","HardRockBet","4.77","40.0","10","False","FD at -125, DK at -127","56677861","1ac567e2d0cf71fd4c1de0ff58cb9a0a","2026-03-01T22:10:00+00:00","player_rebounds","True","Loss","2","2026-03-02T17:30:45.751297+00:00","No game log found (possible DNP or API delay) | Re-graded: stat found on retry"
"2026-03-01T15:36:52.522309-05:00","ATL Hawks vs POR Blazers (6:10 PM EST)","Donovan Clingan","Rebounds","Over","13.5","105","BallyBet","2.5","50.0","10","False","FD at -113, DK at -115, ESPN at -115","1028025344","36b7acd903108abf04b18bf6449f45b3","2026-03-01T23:10:00+00:00","player_rebounds","True","Win","15","2026-03-02T17:30:45.751297+00:00","No game log found (possible DNP or API delay) | Re-graded: stat found on retry"
"2026-03-01T15:36:55.005340-05:00","ATL Hawks vs POR Blazers (6:10 PM EST)","Donovan Clingan","Rebounds","Over","13.5","105","BetParx","2.5","50.0","10","False","FD at -113, DK at -115, ESPN at -115","1028025344","36b7acd903108abf04b18bf6449f45b3","2026-03-01T23:10:00+00:00","player_rebounds","True","Win","15","2026-03-02T17:30:45.751297+00:00","No game log found (possible DNP or API delay) | Re-graded: stat found on retry"
"2026-03-01T15:36:58.916736-05:00","ATL Hawks vs POR Blazers (6:10 PM EST)","Donovan Clingan","Rebounds","Over","13.5","104","BetRivers","2.0","50.0","10","False","FD at -113, DK at -115, ESPN at -115","1028025344","36b7acd903108abf04b18bf6449f45b3","2026-03-01T23:10:00+00:00","player_rebounds","True","Win","15","2026-03-02T17:30:45.751297+00:00","No game log found (possible DNP or API delay) | Re-graded: stat found on retry"
"2026-03-01T15:37:06.381069-05:00","ORL Magic vs DET Pistons (6:10 PM EST)","Anthony Black","Points","Under","13.5","-105","HardRockBet","2.79","60.0","10","False","FD at -128, DK at -117, ESPN at -125","56677827","4d40482f62b199752b8b264572ff8460","2026-03-01T23:10:00+00:00","player_points","True","Void","DNP or no data","2026-03-02T05:12:02.081226+00:00","No game log found (possible DNP or API delay)"
"2026-03-01T15:37:09.313598-05:00","ORL Magic vs DET Pistons (6:10 PM EST)","Anthony Black","Points","Under","13.5","-105","BetMGM","2.79","60.0","10","False","FD at -128, DK at -117, ESPN at -125","56677827","4d40482f62b199752b8b264572ff8460","2026-03-01T23:10:00+00:00","player_points","True","Void","DNP or no data","2026-03-02T05:12:02.081226+00:00","No game log found (possible DNP or API delay)"
"2026-03-01T15:40:13.122634-05:00","IND Pacers vs MEM Grizzlies (5:10 PM EST)","Ben Sheppard","Rebounds","Over","3.5","100","HardRockBet","3.75","40.0","10","False","FD at -122, DK at -133","56677861","1ac567e2d0cf71fd4c1de0ff58cb9a0a","2026-03-01T22:10:00+00:00","player_rebounds","True","Loss","2","2026-03-02T17:30:45.751297+00:00","No game log found (possible DNP or API delay) | Re-graded: stat found on retry"
"2026-03-01T15:40:36.325394-05:00","DAL Mavericks vs OKC Thunder (8:10 PM EST)","Cason Wallace","Points Rebounds","Under","13.5","100","BetMGM","2.02","30.0","10","False","FD at -120, DK at -115, ESPN at -120","56677833","3d268484ec4724f35d87620826643242","2026-03-02T01:10:00+00:00","player_points_rebounds","True","Void","DNP or no data","2026-03-02T07:12:24.876874+00:00","No game log found (possible DNP or API delay)"
"2026-03-01T15:44:20.189810-05:00","IND Pacers vs MEM Grizzlies (5:10 PM EST)","T.J. McConnell","Assists","Over","4.5","100","BetMGM","7.44","40.0","10","False","FD at -132, DK at -125, Pinnacle at -123","304","1ac567e2d0cf71fd4c1de0ff58cb9a0a","2026-03-01T22:10:00+00:00","player_assists","True","Win","5","2026-03-02T17:30:45.751297+00:00","No game log found (possible DNP or API delay) | Re-graded: stat found on retry"
"2026-03-01T15:55:05.662760-05:00","LAC Clippers vs NOP Pelicans (9:10 PM EST)","Kawhi Leonard","Threes","Under","2.5","-110","BetMGM","5.21","80.0","10","False","FD at -144, DK at -123, ESPN at -120, Pinnacle at -127","274","7ef96743c87da2d41e5269fb5d3ac078","2026-03-02T02:10:00+00:00","player_threes","True","Void","DNP or no data","2026-03-02T08:12:37.983154+00:00","No game log found (possible DNP or API delay)"
"2026-03-01T15:58:19.352970-05:00","LAC Clippers vs NOP Pelicans (9:10 PM EST)","Kris Dunn","Points","Over","8.5","-104","DraftKings","3.6","40.0","10","False","FD at -130, DK at -104, ESPN at -130","139","7ef96743c87da2d41e5269fb5d3ac078","2026-03-02T02:10:00+00:00","player_points","True","Void","DNP or no data","2026-03-02T08:12:37.983154+00:00","No game log found (possible DNP or API delay)"
"2026-03-01T15:58:27.086143-05:00","LAC Clippers vs NOP Pelicans (9:10 PM EST)","Bennedict Mathurin","Threes","Over","1.5","105","BetMGM","4.57","30.0","10","False","FD at -120, DK at -121, ESPN at -115","38017686","7ef96743c87da2d41e5269fb5d3ac078","2026-03-02T02:10:00+00:00","player_threes","True","Void","DNP or no data","2026-03-02T08:12:37.983154+00:00","No game log found (possible DNP or API delay)"
"2026-03-01T15:58:30.222457-05:00","LAC Clippers vs NOP Pelicans (9:10 PM EST)","Bennedict Mathurin","Threes","Over","1.5","100","HardRockBet","2.02","30.0","10","False","FD at -120, DK at -121, ESPN at -115","38017686","7ef96743c87da2d41e5269fb5d3ac078","2026-03-02T02:10:00+00:00","player_threes","True","Void","DNP or no data","2026-03-02T08:12:37.983154+00:00","No game log found (possible DNP or API delay)"
"2026-03-01T16:02:05.704379-05:00","LAC Clippers vs NOP Pelicans (9:10 PM EST)","Jeremiah Fears","Rebounds","Under","3.5","100","BetMGM","2.02","50.0","10","False","FD at -120, DK at -125","1057267077","7ef96743c87da2d41e5269fb5d3ac078","2026-03-02T02:10:00+00:00","player_rebounds","True","Void","DNP or no data","2026-03-02T08:12:37.983154+00:00","No game log found (possible DNP or API delay)"
"2026-03-01T16:02:09.710960-05:00","LAC Clippers vs NOP Pelicans (9:10 PM EST)","Jeremiah Fears","Rebounds","Under","3.5","100","HardRockBet","2.02","50.0","10","False","FD at -120, DK at -125","1057267077","7ef96743c87da2d41e5269fb5d3ac078","2026-03-02T02:10:00+00:00","player_rebounds","True","Void","DNP or no data","2026-03-02T08:12:37.983154+00:00","No game log found (possible DNP or API delay)"
"2026-03-01T16:06:02.489323-05:00","DAL Mavericks vs OKC Thunder (8:10 PM EST)","Khris Middleton","Points","Over","13.5","100","HardRockBet","4.82","30.0","10","False","FD at -128, DK at -109, ESPN at -125","315","3d268484ec4724f35d87620826643242","2026-03-02T01:10:00+00:00","player_points","True","Void","DNP or no data","2026-03-02T07:12:24.876874+00:00","No game log found (possible DNP or API delay)"
"2026-03-01T16:06:05.477313-05:00","DAL Mavericks vs OKC Thunder (8:10 PM EST)","Khris Middleton","Points","Over","13.5","100","BetMGM","4.82","30.0","10","False","FD at -128, DK at -109, ESPN at -125","315","3d268484ec4724f35d87620826643242","2026-03-02T01:10:00+00:00","player_points","True","Void","DNP or no data","2026-03-02T07:12:24.876874+00:00","No game log found (possible DNP or API delay)"
"2026-03-01T16:06:12.489680-05:00","LAC Clippers vs NOP Pelicans (9:10 PM EST)","Kawhi Leonard","Rebounds","Under","6.5","110","FanDuel","6.16","30.0","10","False","ESPN at -110, Pinnacle at -126","274","7ef96743c87da2d41e5269fb5d3ac078","2026-03-02T02:10:00+00:00","player_rebounds","True","Void","DNP or no data","2026-03-02T08:12:37.983154+00:00","No game log found (possible DNP or API delay)"
"2026-03-01T16:09:24.726767-05:00","LAC Clippers vs NOP Pelicans (9:10 PM EST)","Kawhi Leonard","Rebounds","Under","6.5","110","FanDuel","7.22","30.0","10","False","ESPN at -115, Pinnacle at -126","274","7ef96743c87da2d41e5269fb5d3ac078","2026-03-02T02:10:00+00:00","player_rebounds","True","Void","DNP or no data","2026-03-02T08:12:37.983154+00:00","No game log found (possible DNP or API delay)"
"2026-03-01T16:12:58.174037-05:00","DAL Mavericks vs OKC Thunder (8:10 PM EST)","Khris Middleton","Points","Over","13.5","100","HardRockBet","4.77","30.0","10","False","FD at -125, DK at -109, ESPN at -125","315","3d268484ec4724f35d87620826643242","2026-03-02T01:10:00+00:00","player_points","True","Void","DNP or no data","2026-03-02T07:12:24.876874+00:00","No game log found (possible DNP or API delay)"
"2026-03-01T16:13:02.203034-05:00","DAL Mavericks vs OKC Thunder (8:10 PM EST)","Khris Middleton","Points","Over","13.5","100","BetMGM","4.77","30.0","10","False","FD at -125, DK at -109, ESPN at -125","315","3d268484ec4724f35d87620826643242","2026-03-02T01:10:00+00:00","player_points","True","Void","DNP or no data","2026-03-02T07:12:24.876874+00:00","No game log found (possible DNP or API delay)"
"2026-03-01T16:13:13.565828-05:00","LAC Clippers vs NOP Pelicans (9:10 PM EST)","Kawhi Leonard","Rebounds","Under","6.5","110","FanDuel","5.43","30.0","10","False","ESPN at -110, Pinnacle at -122","274","7ef96743c87da2d41e5269fb5d3ac078","2026-03-02T02:10:00+00:00","player_rebounds","True","Void","DNP or no data","2026-03-02T08:12:37.983154+00:00","No game log found (possible DNP or API delay)"
"2026-03-01T16:17:10.988212-05:00","LAC Clippers vs NOP Pelicans (9:10 PM EST)","Dejounte Murray","Rebounds","Under","4.5","-125","FanDuel","6.31","100.0","2","False","ESPN at -190, DK at -155","334","7ef96743c87da2d41e5269fb5d3ac078","2026-03-02T02:10:00+00:00","player_rebounds","True","Void","DNP or no data","2026-03-02T08:12:37.983154+00:00","No game log found (possible DNP or API delay)"
"2026-03-01T16:17:14.262434-05:00","LAC Clippers vs NOP Pelicans (9:10 PM EST)","Kawhi Leonard","Rebounds","Under","6.5","110","FanDuel","6.49","30.0","10","False","ESPN at -115, Pinnacle at -122","274","7ef96743c87da2d41e5269fb5d3ac078","2026-03-02T02:10:00+00:00","player_rebounds","True","Void","DNP or no data","2026-03-02T08:12:37.983154+00:00","No game log found (possible DNP or API delay)"
"2026-03-01T16:17:21.534990-05:00","LAC Clippers vs NOP Pelicans (9:10 PM EST)","Dejounte Murray","Assists","Under","5.5","-105","DraftKings","5.02","50.0","2","False","FD at -136, DK at -105, Pinnacle at -135","334","7ef96743c87da2d41e5269fb5d3ac078","2026-03-02T02:10:00+00:00","player_assists","True","Void","DNP or no data","2026-03-02T08:12:37.983154+00:00","No game log found (possible DNP or API delay)"
"2026-03-01T16:17:25.910007-05:00","LAC Clippers vs NOP Pelicans (9:10 PM EST)","Jeremiah Fears","Assists","Under","3.5","-107","BetRivers","5.59","20.0","10","False","FD at -140, DK at -117, ESPN at -125","1057267077","7ef96743c87da2d41e5269fb5d3ac078","2026-03-02T02:10:00+00:00","player_assists","True","Void","DNP or no data","2026-03-02T08:12:37.983154+00:00","No game log found (possible DNP or API delay)"
"2026-03-01T16:17:30.129835-05:00","LAC Clippers vs NOP Pelicans (9:10 PM EST)","Jeremiah Fears","Assists","Under","3.5","-105","BetParx","6.56","20.0","10","False","FD at -140, DK at -117, ESPN at -125","1057267077","7ef96743c87da2d41e5269fb5d3ac078","2026-03-02T02:10:00+00:00","player_assists","True","Void","DNP or no data","2026-03-02T08:12:37.983154+00:00","No game log found (possible DNP or API delay)"
"2026-03-01T16:23:38.920801-05:00","IND Pacers vs MEM Grizzlies (5:10 PM EST)","Cam Spencer","Rebounds Assists","Under","7.5","105","HardRockBet","3.35","50.0","10","False","FD at -115, DK at -102, ESPN at -110","1028048549","1ac567e2d0cf71fd4c1de0ff58cb9a0a","2026-03-01T22:10:00+00:00","player_rebounds_assists","True","Win","7","2026-03-02T17:30:45.751297+00:00","No game log found (possible DNP or API delay) | Re-graded: stat found on retry"
"2026-03-01T16:24:10.610032-05:00","LAL Lakers vs SAC Kings (9:40 PM EST)","Deandre Ayton","Points","Over","10.5","110","BetMGM","2.87","40.0","10","False","FD at -110, DK at -105","22","517d3f658ed7692ebe7eaea81aa3c1ef","2026-03-02T02:40:00+00:00","player_points","True","Void","DNP or no data","2026-03-02T08:42:40.832631+00:00","No game log found (possible DNP or API delay)"
"2026-03-01T16:24:12.979701-05:00","LAL Lakers vs SAC Kings (9:40 PM EST)","Deandre Ayton","Points","Over","10.5","110","HardRockBet","2.87","40.0","10","False","FD at -110, DK at -105","22","517d3f658ed7692ebe7eaea81aa3c1ef","2026-03-02T02:40:00+00:00","player_points","True","Void","DNP or no data","2026-03-02T08:42:40.832631+00:00","No game log found (possible DNP or API delay)"
"2026-03-01T16:30:46.016167-05:00","DAL Mavericks vs OKC Thunder (8:10 PM EST)","Khris Middleton","Points","Over","13.5","100","HardRockBet","5.79","30.0","10","False","FD at -128, DK at -109, ESPN at -125","315","3d268484ec4724f35d87620826643242","2026-03-02T01:10:00+00:00","player_points","True","Void","DNP or no data","2026-03-02T07:12:24.876874+00:00","No game log found (possible DNP or API delay)"
"2026-03-01T16:30:49.555072-05:00","DAL Mavericks vs OKC Thunder (8:10 PM EST)","Khris Middleton","Points","Over","13.5","100","BetMGM","5.79","30.0","10","False","FD at -128, DK at -109, ESPN at -125","315","3d268484ec4724f35d87620826643242","2026-03-02T01:10:00+00:00","player_points","True","Void","DNP or no data","2026-03-02T07:12:24.876874+00:00","No game log found (possible DNP or API delay)"
"2026-03-01T16:30:54.170859-05:00","LAL Lakers vs SAC Kings (9:40 PM EST)","Austin Reaves","Assists","Under","4.5","-107","Caesars","2.18","70.0","10","False","FD at -130, DK at -111, ESPN at -130","17553995","517d3f658ed7692ebe7eaea81aa3c1ef","2026-03-02T02:40:00+00:00","player_assists","True","Void","DNP or no data","2026-03-02T08:42:40.832631+00:00","No game log found (possible DNP or API delay)"
"2026-03-01T16:34:15.786664-05:00","DAL Mavericks vs OKC Thunder (8:10 PM EST)","Klay Thompson","Points","Over","12.5","-102","Caesars","2.73","30.0","10","False","FD at -122, DK at -122, ESPN at -105","443","3d268484ec4724f35d87620826643242","2026-03-02T01:10:00+00:00","player_points","True","Void","DNP or no data","2026-03-02T07:12:24.876874+00:00","No game log found (possible DNP or API delay)"
"2026-03-01T16:34:18.194266-05:00","DAL Mavericks vs OKC Thunder (8:10 PM EST)","Khris Middleton","Points","Over","13.5","100","HardRockBet","4.77","30.0","10","False","FD at -125, DK at -109, ESPN at -125","315","3d268484ec4724f35d87620826643242","2026-03-02T01:10:00+00:00","player_points","True","Void","DNP or no data","2026-03-02T07:12:24.876874+00:00","No game log found (possible DNP or API delay)"
"2026-03-01T16:34:21.651785-05:00","DAL Mavericks vs OKC Thunder (8:10 PM EST)","Khris Middleton","Points","Over","13.5","100","BetMGM","4.77","30.0","10","False","FD at -125, DK at -109, ESPN at -125","315","3d268484ec4724f35d87620826643242","2026-03-02T01:10:00+00:00","player_points","True","Void","DNP or no data","2026-03-02T07:12:24.876874+00:00","No game log found (possible DNP or API delay)"
"2026-03-01T16:34:46.751711-05:00","LAL Lakers vs SAC Kings (9:40 PM EST)","Austin Reaves","Assists","Over","4.5","100","BetMGM","2.02","30.0","10","False","FD at -120, DK at -125","17553995","517d3f658ed7692ebe7eaea81aa3c1ef","2026-03-02T02:40:00+00:00","player_assists","True","Void","DNP or no data","2026-03-02T08:42:40.832631+00:00","No game log found (possible DNP or API delay)"
"2026-03-01T16:38:13.319520-05:00","LAL Lakers vs SAC Kings (9:40 PM EST)","Deandre Ayton","Points","Over","10.5","110","BetMGM","2.02","40.0","10","False","FD at -108, DK at -105, ESPN at -120","22","517d3f658ed7692ebe7eaea81aa3c1ef","2026-03-02T02:40:00+00:00","player_points","True","Void","DNP or no data","2026-03-02T08:42:40.832631+00:00","No game log found (possible DNP or API delay)"
"2026-03-01T16:38:15.891738-05:00","LAL Lakers vs SAC Kings (9:40 PM EST)","Deandre Ayton","Points","Over","10.5","110","HardRockBet","2.02","40.0","10","False","FD at -108, DK at -105, ESPN at -120","22","517d3f658ed7692ebe7eaea81aa3c1ef","2026-03-02T02:40:00+00:00","player_points","True","Void","DNP or no data","2026-03-02T08:42:40.832631+00:00","No game log found (possible DNP or API delay)"
"2026-03-01T16:41:22.821646-05:00","IND Pacers vs MEM Grizzlies (5:10 PM EST)","Ben Sheppard","Rebounds","Over","3.5","100","HardRockBet","4.77","40.0","10","False","FD at -125, DK at -137, ESPN at -125","56677861","1ac567e2d0cf71fd4c1de0ff58cb9a0a","2026-03-01T22:10:00+00:00","player_rebounds","True","Loss","2","2026-03-02T17:30:45.751297+00:00","No game log found (possible DNP or API delay) | Re-graded: stat found on retry"
"2026-03-01T16:41:33.982018-05:00","ORL Magic vs DET Pistons (6:10 PM EST)","Paolo Banchero","Assists","Under","5.5","-131","DraftKings","3.93","40.0","10","False","FD at -166, DK at -131, ESPN at -160","38017683","4d40482f62b199752b8b264572ff8460","2026-03-01T23:10:00+00:00","player_assists","True","Win","2","2026-03-02T17:30:45.751297+00:00","No game log found (possible DNP or API delay) | Re-graded: stat found on retry"
"2026-03-01T16:41:37.190644-05:00","LAL Lakers vs SAC Kings (9:40 PM EST)","Deandre Ayton","Points","Over","10.5","110","BetMGM","3.73","40.0","10","False","FD at -112, DK at -105, ESPN at -120","22","517d3f658ed7692ebe7eaea81aa3c1ef","2026-03-02T02:40:00+00:00","player_points","True","Void","DNP or no data","2026-03-02T08:42:40.832631+00:00","No game log found (possible DNP or API delay)"
"2026-03-01T16:41:39.846452-05:00","LAL Lakers vs SAC Kings (9:40 PM EST)","Deandre Ayton","Points","Over","10.5","110","HardRockBet","3.73","40.0","10","False","FD at -112, DK at -105, ESPN at -120","22","517d3f658ed7692ebe7eaea81aa3c1ef","2026-03-02T02:40:00+00:00","player_points","True","Void","DNP or no data","2026-03-02T08:42:40.832631+00:00","No game log found (possible DNP or API delay)"
"2026-03-01T16:44:47.405480-05:00","IND Pacers vs MEM Grizzlies (5:10 PM EST)","Ben Sheppard","Rebounds","Over","3.5","100","HardRockBet","3.75","40.0","10","False","FD at -122, DK at -130, ESPN at -125","56677861","1ac567e2d0cf71fd4c1de0ff58cb9a0a","2026-03-01T22:10:00+00:00","player_rebounds","True","Loss","2","2026-03-02T17:30:45.751297+00:00","No game log found (possible DNP or API delay) | Re-graded: stat found on retry"
"2026-03-01T16:45:14.683208-05:00","ORL Magic vs DET Pistons (6:10 PM EST)","Jalen Suggs","Points","Over","10.5","-106","DraftKings","3.6","60.0","10","False","FD at -130, DK at -106, ESPN at -130, Pinnacle at -126","17896073","4d40482f62b199752b8b264572ff8460","2026-03-01T23:10:00+00:00","player_points","True","Win","14","2026-03-02T17:30:45.751297+00:00","No game log found (possible DNP or API delay) | Re-graded: stat found on retry"
"2026-03-01T16:45:25.798060-05:00","ORL Magic vs DET Pistons (6:10 PM EST)","Wendell Carter Jr","Points Rebounds","Over","17.5","-103","DraftKings","5.07","40.0","10","False","FD at -130, DK at -103, ESPN at -125","85","4d40482f62b199752b8b264572ff8460","2026-03-01T23:10:00+00:00","player_points_rebounds","True","Loss","13","2026-03-02T17:30:45.751297+00:00","No game log found (possible DNP or API delay) | Re-graded: stat found on retry"
"2026-03-01T16:46:04.755735-05:00","LAL Lakers vs SAC Kings (9:40 PM EST)","Devin Carter","Points Rebounds Assists","Under","18.5","100","BetParx","2.4","30.0","10","False","FD at -122, DK at -122, ESPN at -110","1028025242","517d3f658ed7692ebe7eaea81aa3c1ef","2026-03-02T02:40:00+00:00","player_points_rebounds_assists","True","Void","DNP or no data","2026-03-02T08:42:40.832631+00:00","No game log found (possible DNP or API delay)"
"2026-03-01T16:49:15.968029-05:00","IND Pacers vs MEM Grizzlies (5:10 PM EST)","Ben Sheppard","Rebounds","Over","3.5","106","FanDuel","7.07","40.0","10","False","ESPN at -120, DK at -130","56677861","1ac567e2d0cf71fd4c1de0ff58cb9a0a","2026-03-01T22:10:00+00:00","player_rebounds","True","Loss","2","2026-03-02T17:30:45.751297+00:00","No game log found (possible DNP or API delay) | Re-graded: stat found on retry"
"2026-03-01T16:49:24.164350-05:00","IND Pacers vs MEM Grizzlies (5:10 PM EST)","Jarace Walker","Rebounds","Under","7.5","-115","HardRockBet","4.6","50.0","10","False","FD at -146, DK at -128, ESPN at -145, Pinnacle at -140","56677832","1ac567e2d0cf71fd4c1de0ff58cb9a0a","2026-03-01T22:10:00+00:00","player_rebounds","True","Win","3","2026-03-02T17:30:45.751297+00:00","No game log found (possible DNP or API delay) | Re-graded: stat found on retry"
"2026-03-01T16:49:43.118026-05:00","DAL Mavericks vs OKC Thunder (8:10 PM EST)","Klay Thompson","Points","Over","12.5","-102","Caesars","1.91","30.0","10","False","FD at -120, DK at -122, ESPN at -105","443","3d268484ec4724f35d87620826643242","2026-03-02T01:10:00+00:00","player_points","True","Void","DNP or no data","2026-03-02T07:12:24.876874+00:00","No game log found (possible DNP or API delay)"
"2026-03-01T16:49:54.667466-05:00","DAL Mavericks vs OKC Thunder (8:10 PM EST)","Shai Gilgeous-Alexander","Assists","Under","6.5","108","DraftKings","4.0","50.0","10","False","FD at -113, DK at 108, ESPN at 105, Pinnacle at -115","175","3d268484ec4724f35d87620826643242","2026-03-02T01:10:00+00:00","player_assists","True","Void","DNP or no data","2026-03-02T07:12:24.876874+00:00","No game log found (possible DNP or API delay)"
"2026-03-01T16:49:58.361327-05:00","DAL Mavericks vs OKC Thunder (8:10 PM EST)","Shai Gilgeous-Alexander","Assists","Under","6.5","110","BetMGM","5.0","50.0","10","False","FD at -113, DK at 108, ESPN at 105, Pinnacle at -115","175","3d268484ec4724f35d87620826643242","2026-03-02T01:10:00+00:00","player_assists","True","Void","DNP or no data","2026-03-02T07:12:24.876874+00:00","No game log found (possible DNP or API delay)"
"2026-03-01T16:53:08.970712-05:00","IND Pacers vs MEM Grizzlies (5:10 PM EST)","Ben Sheppard","Rebounds","Over","3.5","108","FanDuel","4.63","40.0","10","False","ESPN at -115, DK at -118","56677861","1ac567e2d0cf71fd4c1de0ff58cb9a0a","2026-03-01T22:10:00+00:00","player_rebounds","True","Loss","2","2026-03-02T17:30:45.751297+00:00","No game log found (possible DNP or API delay) | Re-graded: stat found on retry"
"2026-03-01T16:57:32.762808-05:00","LAC Clippers vs NOP Pelicans (9:10 PM EST)","Kawhi Leonard","Threes","Over","2.5","110","FanDuel","3.41","20.0","10","False","ESPN at -110, Pinnacle at -113","274","7ef96743c87da2d41e5269fb5d3ac078","2026-03-02T02:10:00+00:00","player_threes","True","Void","DNP or no data","2026-03-02T08:12:37.983154+00:00","No game log found (possible DNP or API delay)"
"2026-03-01T17:00:55.591566-05:00","IND Pacers vs MEM Grizzlies (5:10 PM EST)","Jarace Walker","Rebounds","Under","7.5","-116","DraftKings","4.86","50.0","10","False","FD at -148, DK at -116, ESPN at -150, Pinnacle at -140","56677832","1ac567e2d0cf71fd4c1de0ff58cb9a0a","2026-03-01T22:10:00+00:00","player_rebounds","True","Win","3","2026-03-02T17:30:45.751297+00:00","No game log found (possible DNP or API delay) | Re-graded: stat found on retry"
"2026-03-01T17:00:58.885910-05:00","IND Pacers vs MEM Grizzlies (5:10 PM EST)","Jarace Walker","Rebounds","Under","7.5","-115","HardRockBet","5.28","50.0","10","False","FD at -148, DK at -116, ESPN at -150, Pinnacle at -140","56677832","1ac567e2d0cf71fd4c1de0ff58cb9a0a","2026-03-01T22:10:00+00:00","player_rebounds","True","Win","3","2026-03-02T17:30:45.751297+00:00","No game log found (possible DNP or API delay) | Re-graded: stat found on retry"
"2026-03-01T17:01:38.098292-05:00","LAL Lakers vs SAC Kings (9:40 PM EST)","Deandre Ayton","Points","Over","10.5","110","BetMGM","2.87","40.0","10","False","FD at -110, DK at -108, ESPN at -120","22","517d3f658ed7692ebe7eaea81aa3c1ef","2026-03-02T02:40:00+00:00","player_points","True","Void","DNP or no data","2026-03-02T08:42:40.832631+00:00","No game log found (possible DNP or API delay)"
"2026-03-01T17:01:40.697275-05:00","LAL Lakers vs SAC Kings (9:40 PM EST)","Deandre Ayton","Points","Over","10.5","110","HardRockBet","2.87","40.0","10","False","FD at -110, DK at -108, ESPN at -120","22","517d3f658ed7692ebe7eaea81aa3c1ef","2026-03-02T02:40:00+00:00","player_points","True","Void","DNP or no data","2026-03-02T08:42:40.832631+00:00","No game log found (possible DNP or API delay)"
"2026-03-01T17:04:47.999001-05:00","IND Pacers vs MEM Grizzlies (5:10 PM EST)","Jarace Walker","Rebounds","Under","7.5","-113","DraftKings","5.46","50.0","10","False","FD at -146, DK at -113, ESPN at -145, Pinnacle at -140","56677832","1ac567e2d0cf71fd4c1de0ff58cb9a0a","2026-03-01T22:10:00+00:00","player_rebounds","True","Win","3","2026-03-02T17:30:45.751297+00:00","No game log found (possible DNP or API delay) | Re-graded: stat found on retry"
"2026-03-01T17:04:50.387936-05:00","IND Pacers vs MEM Grizzlies (5:10 PM EST)","Jarace Walker","Rebounds","Under","7.5","-115","HardRockBet","4.6","50.0","10","False","FD at -146, DK at -113, ESPN at -145, Pinnacle at -140","56677832","1ac567e2d0cf71fd4c1de0ff58cb9a0a","2026-03-01T22:10:00+00:00","player_rebounds","True","Win","3","2026-03-02T17:30:45.751297+00:00","No game log found (possible DNP or API delay) | Re-graded: stat found on retry"
"2026-03-01T17:05:03.057311-05:00","ATL Hawks vs POR Blazers (6:10 PM EST)","C.J. McCollum","Points","Under","17.5","102","FanDuel","5.35","50.0","10","False","ESPN at -130, DK at -119","303","36b7acd903108abf04b18bf6449f45b3","2026-03-01T23:10:00+00:00","player_points","True","Loss","19","2026-03-02T17:30:45.751297+00:00","No game log found (possible DNP or API delay) | Re-graded: stat found on retry"
"2026-03-01T17:05:07.594771-05:00","ATL Hawks vs POR Blazers (6:10 PM EST)","Dyson Daniels","Points","Under","10.5","102","DraftKings","4.79","50.0","10","False","FD at -122, DK at 102, ESPN at -110, Pinnacle at -117","38017677","36b7acd903108abf04b18bf6449f45b3","2026-03-01T23:10:00+00:00","player_points","True","Loss","12","2026-03-02T17:30:45.751297+00:00","No game log found (possible DNP or API delay) | Re-graded: stat found on retry"
"2026-03-01T17:05:09.956336-05:00","ATL Hawks vs POR Blazers (6:10 PM EST)","Dyson Daniels","Points","Under","10.5","-102","Caesars","2.73","50.0","10","False","FD at -122, DK at 102, ESPN at -110, Pinnacle at -117","38017677","36b7acd903108abf04b18bf6449f45b3","2026-03-01T23:10:00+00:00","player_points","True","Loss","12","2026-03-02T17:30:45.751297+00:00","No game log found (possible DNP or API delay) | Re-graded: stat found on retry"
"2026-03-01T17:05:14.647537-05:00","ATL Hawks vs POR Blazers (6:10 PM EST)","Onyeka Okongwu","Rebounds","Under","7.5","-116","DraftKings","6.42","50.0","10","False","FD at -154, DK at -116, ESPN at -130, Pinnacle at -138","3547244","36b7acd903108abf04b18bf6449f45b3","2026-03-01T23:10:00+00:00","player_rebounds","True","Loss","10","2026-03-02T17:30:45.751297+00:00","No game log found (possible DNP or API delay) | Re-graded: stat found on retry"
"2026-03-01T17:05:24.226228-05:00","ORL Magic vs DET Pistons (6:10 PM EST)","Ausar Thompson","Points","Under","9.5","105","HardRockBet","7.39","50.0","10","False","FD at -125, DK at -113, ESPN at -125, Pinnacle at -120","56677826","4d40482f62b199752b8b264572ff8460","2026-03-01T23:10:00+00:00","player_points","True","Win","9","2026-03-02T17:30:45.751297+00:00","No game log found (possible DNP or API delay) | Re-graded: stat found on retry"
"2026-03-01T17:05:28.126893-05:00","ORL Magic vs DET Pistons (6:10 PM EST)","Jalen Suggs","Points","Under","10.5","100","HardRockBet","6.62","40.0","10","False","FD at -130, DK at -117, ESPN at -130","17896073","4d40482f62b199752b8b264572ff8460","2026-03-01T23:10:00+00:00","player_points","True","Loss","14","2026-03-02T17:30:45.751297+00:00","No game log found (possible DNP or API delay) | Re-graded: stat found on retry"
"2026-03-01T17:05:30.376859-05:00","ORL Magic vs DET Pistons (6:10 PM EST)","Jalen Suggs","Points","Under","10.5","-106","BetParx","3.6","40.0","10","False","FD at -130, DK at -117, ESPN at -130","17896073","4d40482f62b199752b8b264572ff8460","2026-03-01T23:10:00+00:00","player_points","True","Loss","14","2026-03-02T17:30:45.751297+00:00","No game log found (possible DNP or API delay) | Re-graded: stat found on retry"
"2026-03-01T17:06:03.621657-05:00","ORL Magic vs DET Pistons (6:10 PM EST)","Jalen Suggs","Points","Under","10.5","-106","BetRivers","3.6","40.0","10","False","FD at -130, DK at -117, ESPN at -130","17896073","4d40482f62b199752b8b264572ff8460","2026-03-01T23:10:00+00:00","player_points","True","Loss","14","2026-03-02T17:30:45.751297+00:00","No game log found (possible DNP or API delay) | Re-graded: stat found on retry"
"2026-03-01T17:06:05.963990-05:00","ORL Magic vs DET Pistons (6:10 PM EST)","Jalen Suggs","Points","Under","10.5","100","BetMGM","6.62","40.0","10","False","FD at -130, DK at -117, ESPN at -130","17896073","4d40482f62b199752b8b264572ff8460","2026-03-01T23:10:00+00:00","player_points","True","Loss","14","2026-03-02T17:30:45.751297+00:00","No game log found (possible DNP or API delay) | Re-graded: stat found on retry"
"2026-03-01T17:06:17.928359-05:00","ORL Magic vs DET Pistons (6:10 PM EST)","Jalen Suggs","Points Rebounds","Under","13.5","100","BetMGM","3.75","40.0","10","False","FD at -122, DK at -115, ESPN at -115","17896073","4d40482f62b199752b8b264572ff8460","2026-03-01T23:10:00+00:00","player_points_rebounds","True","Loss","17","2026-03-02T17:30:45.751297+00:00","No game log found (possible DNP or API delay) | Re-graded: stat found on retry"
"2026-03-01T17:06:26.065908-05:00","DAL Mavericks vs OKC Thunder (8:10 PM EST)","Luguentz Dort","Rebounds","Under","3.5","100","BetMGM","4.77","60.0","10","False","FD at -125, DK at -118, ESPN at -120","666541","3d268484ec4724f35d87620826643242","2026-03-02T01:10:00+00:00","player_rebounds","True","Void","DNP or no data","2026-03-02T07:12:24.876874+00:00","No game log found (possible DNP or API delay)"
"2026-03-01T17:06:32.412852-05:00","DAL Mavericks vs OKC Thunder (8:10 PM EST)","Cason Wallace","Points Rebounds","Under","13.5","100","BetMGM","5.79","30.0","10","False","FD at -128, DK at -115, ESPN at -115","56677833","3d268484ec4724f35d87620826643242","2026-03-02T01:10:00+00:00","player_points_rebounds","True","Void","DNP or no data","2026-03-02T07:12:24.876874+00:00","No game log found (possible DNP or API delay)"
"2026-03-01T17:06:38.244761-05:00","DAL Mavericks vs OKC Thunder (8:10 PM EST)","Cason Wallace","Points Assists","Under","13.5","-105","BetMGM","3.12","30.0","10","False","FD at -130, DK at -117, ESPN at -120","56677833","3d268484ec4724f35d87620826643242","2026-03-02T01:10:00+00:00","player_points_assists","True","Void","DNP or no data","2026-03-02T07:12:24.876874+00:00","No game log found (possible DNP or API delay)"
"2026-03-01T17:06:44.998229-05:00","DAL Mavericks vs OKC Thunder (8:10 PM EST)","Khris Middleton","Points Rebounds Assists","Over","20.5","-105","HardRockBet","2.28","40.0","10","False","FD at -125, DK at -128, ESPN at -130","315","3d268484ec4724f35d87620826643242","2026-03-02T01:10:00+00:00","player_points_rebounds_assists","True","Void","DNP or no data","2026-03-02T07:12:24.876874+00:00","No game log found (possible DNP or API delay)"
"2026-03-01T17:06:47.332743-05:00","DAL Mavericks vs OKC Thunder (8:10 PM EST)","Khris Middleton","Points Rebounds Assists","Over","20.5","-105","BetMGM","2.28","40.0","10","False","FD at -125, DK at -128, ESPN at -130","315","3d268484ec4724f35d87620826643242","2026-03-02T01:10:00+00:00","player_points_rebounds_assists","True","Void","DNP or no data","2026-03-02T07:12:24.876874+00:00","No game log found (possible DNP or API delay)"
"2026-03-01T17:06:55.291476-05:00","LAL Lakers vs SAC Kings (9:40 PM EST)","Maxime Raynaud","Points","Under","13.5","107","BetParx","8.49","50.0","10","False","FD at -128, DK at 101, ESPN at -105, Pinnacle at -106","1057390745","517d3f658ed7692ebe7eaea81aa3c1ef","2026-03-02T02:40:00+00:00","player_points","True","Void","DNP or no data","2026-03-02T08:42:40.832631+00:00","No game log found (possible DNP or API delay)"
"2026-03-01T17:06:58.968766-05:00","LAL Lakers vs SAC Kings (9:40 PM EST)","Marcus Smart","Points","Over","7.5","110","HardRockBet","3.73","50.0","10","False","FD at -112, DK at -121, ESPN at -110, Pinnacle at -112","420","517d3f658ed7692ebe7eaea81aa3c1ef","2026-03-02T02:40:00+00:00","player_points","True","Void","DNP or no data","2026-03-02T08:42:40.832631+00:00","No game log found (possible DNP or API delay)"
"2026-03-01T17:07:01.423390-05:00","LAL Lakers vs SAC Kings (9:40 PM EST)","Austin Reaves","Assists","Over","4.5","105","BetMGM","3.74","30.0","10","False","FD at -118, DK at -120, ESPN at -110","17553995","517d3f658ed7692ebe7eaea81aa3c1ef","2026-03-02T02:40:00+00:00","player_assists","True","Void","DNP or no data","2026-03-02T08:42:40.832631+00:00","No game log found (possible DNP or API delay)"
"2026-03-01T17:10:16.248000-05:00","ATL Hawks vs POR Blazers (6:10 PM EST)","Onyeka Okongwu","Rebounds","Under","7.5","-122","BetParx","4.0","50.0","10","False","FD at -154, DK at -146, ESPN at -150","3547244","36b7acd903108abf04b18bf6449f45b3","2026-03-01T23:10:00+00:00","player_rebounds","True","Loss","10","2026-03-02T17:30:45.751297+00:00","No game log found (possible DNP or API delay) | Re-graded: stat found on retry"
"2026-03-01T17:10:19.264930-05:00","ATL Hawks vs POR Blazers (6:10 PM EST)","Onyeka Okongwu","Rebounds","Under","7.5","-124","BetRivers","3.24","50.0","10","False","FD at -154, DK at -146, ESPN at -150","3547244","36b7acd903108abf04b18bf6449f45b3","2026-03-01T23:10:00+00:00","player_rebounds","True","Loss","10","2026-03-02T17:30:45.751297+00:00","No game log found (possible DNP or API delay) | Re-graded: stat found on retry"
"2026-03-01T17:10:47.707316-05:00","ORL Magic vs DET Pistons (6:10 PM EST)","Ausar Thompson","Points","Under","9.5","105","HardRockBet","6.35","50.0","10","False","FD at -122, DK at -108, ESPN at -110, Pinnacle at -120","56677826","4d40482f62b199752b8b264572ff8460","2026-03-01T23:10:00+00:00","player_points","True","Win","9","2026-03-02T17:30:45.751297+00:00","No game log found (possible DNP or API delay) | Re-graded: stat found on retry"
"2026-03-01T17:11:17.357355-05:00","ORL Magic vs DET Pistons (6:10 PM EST)","Daniss Jenkins","Points Rebounds Assists","Under","11.5","-106","DraftKings","1.81","60.0","10","False","FD at -125, DK at -106, ESPN at -130","1028240128","4d40482f62b199752b8b264572ff8460","2026-03-01T23:10:00+00:00","player_points_rebounds_assists","True","Win","3","2026-03-02T17:30:45.751297+00:00","No game log found (possible DNP or API delay) | Re-graded: stat found on retry"
"2026-03-01T17:11:25.143435-05:00","ORL Magic vs DET Pistons (6:10 PM EST)","Duncan Robinson","Threes","Under","2.5","105","BetParx","3.35","30.0","10","False","FD at -115, DK at -109, ESPN at -110","397","4d40482f62b199752b8b264572ff8460","2026-03-01T23:10:00+00:00","player_threes","True","Win","0","2026-03-02T17:30:45.751297+00:00","No game log found (possible DNP or API delay) | Re-graded: stat found on retry"
"2026-03-01T17:11:28.304054-05:00","ORL Magic vs DET Pistons (6:10 PM EST)","Duncan Robinson","Threes","Under","2.5","104","BetRivers","2.85","30.0","10","False","FD at -115, DK at -109, ESPN at -110","397","4d40482f62b199752b8b264572ff8460","2026-03-01T23:10:00+00:00","player_threes","True","Win","0","2026-03-02T17:30:45.751297+00:00","No game log found (possible DNP or API delay) | Re-graded: stat found on retry"
"2026-03-01T17:11:40.759114-05:00","BOS Celtics vs PHI 76ers (8:10 PM EST)","Derrick White","Rebounds","Under","4.5","-130","HardRockBet","5.57","60.0","10","False","FD at -172, DK at -161","473","7129ee2856df2237632c277ccbc657f7","2026-03-02T01:10:00+00:00","player_rebounds","True","Void","DNP or no data","2026-03-02T07:12:24.876874+00:00","No game log found (possible DNP or API delay)"
"2026-03-01T17:11:52.533894-05:00","BOS Celtics vs PHI 76ers (8:10 PM EST)","Jaylen Brown","Points Rebounds Assists","Over","39.5","102","BetParx","3.94","50.0","10","False","FD at -120, Pinnacle at -119","70","7129ee2856df2237632c277ccbc657f7","2026-03-02T01:10:00+00:00","player_points_rebounds_assists","True","Void","DNP or no data","2026-03-02T07:12:24.876874+00:00","No game log found (possible DNP or API delay)"
"2026-03-01T17:12:03.910024-05:00","DAL Mavericks vs OKC Thunder (8:10 PM EST)","Luguentz Dort","Rebounds","Under","3.5","100","BetRivers","4.77","60.0","10","False","FD at -125, DK at -118, ESPN at 100","666541","3d268484ec4724f35d87620826643242","2026-03-02T01:10:00+00:00","player_rebounds","True","Void","DNP or no data","2026-03-02T07:12:24.876874+00:00","No game log found (possible DNP or API delay)"
"2026-03-01T17:12:07.237928-05:00","DAL Mavericks vs OKC Thunder (8:10 PM EST)","Luguentz Dort","Rebounds","Under","3.5","102","BetParx","5.82","60.0","10","False","FD at -125, DK at -118, ESPN at 100","666541","3d268484ec4724f35d87620826643242","2026-03-02T01:10:00+00:00","player_rebounds","True","Void","DNP or no data","2026-03-02T07:12:24.876874+00:00","No game log found (possible DNP or API delay)"
"2026-03-01T17:12:10.808286-05:00","DAL Mavericks vs OKC Thunder (8:10 PM EST)","Luguentz Dort","Rebounds","Under","3.5","100","theScore","4.77","60.0","10","False","FD at -125, DK at -118, ESPN at 100","666541","3d268484ec4724f35d87620826643242","2026-03-02T01:10:00+00:00","player_rebounds","True","Void","DNP or no data","2026-03-02T07:12:24.876874+00:00","No game log found (possible DNP or API delay)"
"2026-03-01T17:12:25.079502-05:00","LAL Lakers vs SAC Kings (9:40 PM EST)","Maxime Raynaud","Points","Under","13.5","-105","BetMGM","2.32","50.0","10","False","FD at -128, DK at -118, ESPN at -130, Pinnacle at -131","1057390745","517d3f658ed7692ebe7eaea81aa3c1ef","2026-03-02T02:40:00+00:00","player_points","True","Void","DNP or no data","2026-03-02T08:42:40.832631+00:00","No game log found (possible DNP or API delay)"
"2026-03-01T17:12:28.907784-05:00","LAL Lakers vs SAC Kings (9:40 PM EST)","Maxime Raynaud","Points","Under","13.5","100","HardRockBet","4.82","50.0","10","False","FD at -128, DK at -118, ESPN at -130, Pinnacle at -131","1057390745","517d3f658ed7692ebe7eaea81aa3c1ef","2026-03-02T02:40:00+00:00","player_points","True","Void","DNP or no data","2026-03-02T08:42:40.832631+00:00","No game log found (possible DNP or API delay)"
"2026-03-01T17:12:43.631231-05:00","LAL Lakers vs SAC Kings (9:40 PM EST)","Marcus Smart","Points Rebounds Assists","Over","12.5","110","Fanatics","3.73","60.0","10","False","FD at -112, DK at -113, ESPN at -115","420","517d3f658ed7692ebe7eaea81aa3c1ef","2026-03-02T02:40:00+00:00","player_points_rebounds_assists","True","Void","DNP or no data","2026-03-02T08:42:40.832631+00:00","No game log found (possible DNP or API delay)"
"2026-03-01T17:15:57.824688-05:00","ATL Hawks vs POR Blazers (6:10 PM EST)","Toumani Camara","Rebounds","Under","5.5","106","FanDuel","4.04","50.0","10","False","ESPN at -115, DK at -120","56677850","36b7acd903108abf04b18bf6449f45b3","2026-03-01T23:10:00+00:00","player_rebounds","True","Win","2","2026-03-02T17:30:45.751297+00:00","No game log found (possible DNP or API delay) | Re-graded: stat found on retry"
"2026-03-01T17:16:03.087480-05:00","ATL Hawks vs POR Blazers (6:10 PM EST)","Donovan Clingan","Rebounds","Over","13.5","100","BallyBet","2.91","50.0","10","False","FD at -120, ESPN at -115","1028025344","36b7acd903108abf04b18bf6449f45b3","2026-03-01T23:10:00+00:00","player_rebounds","True","Win","15","2026-03-02T17:30:45.751297+00:00","No game log found (possible DNP or API delay) | Re-graded: stat found on retry"
"2026-03-01T17:16:06.836744-05:00","ATL Hawks vs POR Blazers (6:10 PM EST)","Donovan Clingan","Rebounds","Over","13.5","100","BetParx","2.91","50.0","10","False","FD at -120, ESPN at -115","1028025344","36b7acd903108abf04b18bf6449f45b3","2026-03-01T23:10:00+00:00","player_rebounds","True","Win","15","2026-03-02T17:30:45.751297+00:00","No game log found (possible DNP or API delay) | Re-graded: stat found on retry"
"2026-03-01T17:16:09.790101-05:00","ATL Hawks vs POR Blazers (6:10 PM EST)","Donovan Clingan","Rebounds","Over","13.5","100","BetRivers","2.91","50.0","10","False","FD at -120, ESPN at -115","1028025344","36b7acd903108abf04b18bf6449f45b3","2026-03-01T23:10:00+00:00","player_rebounds","True","Win","15","2026-03-02T17:30:45.751297+00:00","No game log found (possible DNP or API delay) | Re-graded: stat found on retry"
"2026-03-01T17:16:12.291281-05:00","ORL Magic vs DET Pistons (6:10 PM EST)","Jalen Suggs","Points","Under","10.5","100","HardRockBet","5.79","40.0","10","False","FD at -128, DK at -117, ESPN at -125, Pinnacle at -122","17896073","4d40482f62b199752b8b264572ff8460","2026-03-01T23:10:00+00:00","player_points","True","Loss","14","2026-03-02T17:30:45.751297+00:00","No game log found (possible DNP or API delay) | Re-graded: stat found on retry"
"2026-03-01T17:16:14.832289-05:00","ORL Magic vs DET Pistons (6:10 PM EST)","Duncan Robinson","Points","Over","10.5","102","BetParx","4.79","70.0","10","True","FD at -122, DK at -122, ESPN at -125","397","4d40482f62b199752b8b264572ff8460","2026-03-01T23:10:00+00:00","player_points","True","Loss","0","2026-03-02T17:30:45.751297+00:00","No game log found (possible DNP or API delay) | Re-graded: stat found on retry"
"2026-03-01T17:16:17.843845-05:00","ORL Magic vs DET Pistons (6:10 PM EST)","Duncan Robinson","Points","Over","10.5","100","BetRivers","3.75","70.0","10","True","FD at -122, DK at -122, ESPN at -125","397","4d40482f62b199752b8b264572ff8460","2026-03-01T23:10:00+00:00","player_points","True","Loss","0","2026-03-02T17:30:45.751297+00:00","No game log found (possible DNP or API delay) | Re-graded: stat found on retry"
"2026-03-01T17:16:21.994666-05:00","ORL Magic vs DET Pistons (6:10 PM EST)","Duncan Robinson","Points","Over","10.5","100","BallyBet","3.75","70.0","10","True","FD at -122, DK at -122, ESPN at -125","397","4d40482f62b199752b8b264572ff8460","2026-03-01T23:10:00+00:00","player_points","True","Loss","0","2026-03-02T17:30:45.751297+00:00","No game log found (possible DNP or API delay) | Re-graded: stat found on retry"
"2026-03-01T17:16:26.436670-05:00","ORL Magic vs DET Pistons (6:10 PM EST)","Tobias Harris","Rebounds","Under","5.5","-128","DraftKings","4.98","30.0","10","False","FD at -166, DK at -128, ESPN at -125, Pinnacle at -154","200","4d40482f62b199752b8b264572ff8460","2026-03-01T23:10:00+00:00","player_rebounds","True","Loss","7","2026-03-02T17:30:45.751297+00:00","No game log found (possible DNP or API delay) | Re-graded: stat found on retry"
"2026-03-01T17:16:29.019039-05:00","ORL Magic vs DET Pistons (6:10 PM EST)","Tobias Harris","Rebounds","Under","5.5","-129","Caesars","4.63","30.0","10","False","FD at -166, DK at -128, ESPN at -125, Pinnacle at -154","200","4d40482f62b199752b8b264572ff8460","2026-03-01T23:10:00+00:00","player_rebounds","True","Loss","7","2026-03-02T17:30:45.751297+00:00","No game log found (possible DNP or API delay) | Re-graded: stat found on retry"
"2026-03-01T17:16:33.560112-05:00","ORL Magic vs DET Pistons (6:10 PM EST)","Tobias Harris","Rebounds","Under","5.5","-120","HardRockBet","8.05","30.0","10","False","FD at -166, DK at -128, ESPN at -125, Pinnacle at -154","200","4d40482f62b199752b8b264572ff8460","2026-03-01T23:10:00+00:00","player_rebounds","True","Loss","7","2026-03-02T17:30:45.751297+00:00","No game log found (possible DNP or API delay) | Re-graded: stat found on retry"
"2026-03-01T17:17:07.211396-05:00","ORL Magic vs DET Pistons (6:10 PM EST)","Tobias Harris","Rebounds","Under","5.5","-125","theScore","6.09","30.0","10","False","FD at -166, DK at -128, ESPN at -125, Pinnacle at -154","200","4d40482f62b199752b8b264572ff8460","2026-03-01T23:10:00+00:00","player_rebounds","True","Loss","7","2026-03-02T17:30:45.751297+00:00","No game log found (possible DNP or API delay) | Re-graded: stat found on retry"
"2026-03-01T17:17:09.507694-05:00","ORL Magic vs DET Pistons (6:10 PM EST)","Tobias Harris","Rebounds","Under","5.5","-118","BetMGM","8.89","30.0","10","False","FD at -166, DK at -128, ESPN at -125, Pinnacle at -154","200","4d40482f62b199752b8b264572ff8460","2026-03-01T23:10:00+00:00","player_rebounds","True","Loss","7","2026-03-02T17:30:45.751297+00:00","No game log found (possible DNP or API delay) | Re-graded: stat found on retry"
"2026-03-01T17:17:17.887889-05:00","ORL Magic vs DET Pistons (6:10 PM EST)","Ausar Thompson","Assists","Under","2.5","110","BetMGM","5.0","30.0","10","False","FD at -113, DK at -102, ESPN at 105","56677826","4d40482f62b199752b8b264572ff8460","2026-03-01T23:10:00+00:00","player_assists","True","Loss","3","2026-03-02T17:30:45.751297+00:00","No game log found (possible DNP or API delay) | Re-graded: stat found on retry"
"2026-03-01T17:17:27.403587-05:00","BOS Celtics vs PHI 76ers (8:10 PM EST)","Kelly Oubre Jr","Points","Under","15.5","-105","HardRockBet","4.08","40.0","10","False","FD at -130, DK at -124, ESPN at -140, Pinnacle at -126","360","7129ee2856df2237632c277ccbc657f7","2026-03-02T01:10:00+00:00","player_points","True","Void","DNP or no data","2026-03-02T07:12:24.876874+00:00","No game log found (possible DNP or API delay)"
"2026-03-01T17:17:33.686654-05:00","BOS Celtics vs PHI 76ers (8:10 PM EST)","Tyrese Maxey","Rebounds Assists","Under","10.5","-105","BetMGM","3.27","50.0","10","False","FD at -128, DK at -131, ESPN at -120","3547254","7129ee2856df2237632c277ccbc657f7","2026-03-02T01:10:00+00:00","player_rebounds_assists","True","Void","DNP or no data","2026-03-02T07:12:24.876874+00:00","No game log found (possible DNP or API delay)"
"2026-03-01T17:17:37.018002-05:00","BOS Celtics vs PHI 76ers (8:10 PM EST)","Tyrese Maxey","Points Rebounds Assists","Over","38.5","102","BetParx","1.84","50.0","10","False","FD at -115, DK at -120, ESPN at -115","3547254","7129ee2856df2237632c277ccbc657f7","2026-03-02T01:10:00+00:00","player_points_rebounds_assists","True","Void","DNP or no data","2026-03-02T07:12:24.876874+00:00","No game log found (possible DNP or API delay)"
"2026-03-01T17:17:54.841749-05:00","LAC Clippers vs NOP Pelicans (9:10 PM EST)","Dejounte Murray","Assists","Under","5.5","-130","BetMGM","4.27","50.0","2","False","FD at -166, ESPN at -180","334","7ef96743c87da2d41e5269fb5d3ac078","2026-03-02T02:10:00+00:00","player_assists","True","Void","DNP or no data","2026-03-02T08:12:37.983154+00:00","No game log found (possible DNP or API delay)"
"2026-03-01T17:17:57.461013-05:00","LAC Clippers vs NOP Pelicans (9:10 PM EST)","Dejounte Murray","Assists","Under","5.5","-108","BetRivers","13.51","50.0","2","False","FD at -166, ESPN at -180, Pinnacle at -132","334","7ef96743c87da2d41e5269fb5d3ac078","2026-03-02T02:10:00+00:00","player_assists","True","Void","DNP or no data","2026-03-02T08:12:37.983154+00:00","No game log found (possible DNP or API delay)"
"2026-03-01T17:18:00.405593-05:00","LAC Clippers vs NOP Pelicans (9:10 PM EST)","Dejounte Murray","Assists","Under","5.5","-109","BetParx","13.01","50.0","2","False","FD at -166, ESPN at -180, Pinnacle at -132","334","7ef96743c87da2d41e5269fb5d3ac078","2026-03-02T02:10:00+00:00","player_assists","True","Void","DNP or no data","2026-03-02T08:12:37.983154+00:00","No game log found (possible DNP or API delay)"
"2026-03-01T17:18:04.017297-05:00","LAC Clippers vs NOP Pelicans (9:10 PM EST)","Dejounte Murray","Rebounds Assists","Under","9.5","105","HardRockBet","2.5","50.0","2","False","FD at -113, DK at -133, ESPN at -115","334","7ef96743c87da2d41e5269fb5d3ac078","2026-03-02T02:10:00+00:00","player_rebounds_assists","True","Void","DNP or no data","2026-03-02T08:12:37.983154+00:00","No game log found (possible DNP or API delay)"
"2026-03-01T17:18:13.491408-05:00","LAC Clippers vs NOP Pelicans (9:10 PM EST)","Dejounte Murray","Threes","Under","1.5","104","BetRivers","11.53","50.0","2","False","FD at -138, DK at -112, ESPN at -110","334","7ef96743c87da2d41e5269fb5d3ac078","2026-03-02T02:10:00+00:00","player_threes","True","Void","DNP or no data","2026-03-02T08:12:37.983154+00:00","No game log found (possible DNP or API delay)"
"2026-03-01T17:18:15.962008-05:00","LAC Clippers vs NOP Pelicans (9:10 PM EST)","Dejounte Murray","Threes","Under","1.5","107","BetParx","13.17","50.0","2","False","FD at -138, DK at -112, ESPN at -110","334","7ef96743c87da2d41e5269fb5d3ac078","2026-03-02T02:10:00+00:00","player_threes","True","Void","DNP or no data","2026-03-02T08:12:37.983154+00:00","No game log found (possible DNP or API delay)"
"2026-03-01T17:18:19.461303-05:00","LAL Lakers vs SAC Kings (9:40 PM EST)","Maxime Raynaud","Points","Under","13.5","100","BetMGM","3.83","50.0","10","False","FD at -125, DK at -118, ESPN at -130, Pinnacle at -131","1057390745","517d3f658ed7692ebe7eaea81aa3c1ef","2026-03-02T02:40:00+00:00","player_points","True","Void","DNP or no data","2026-03-02T08:42:40.832631+00:00","No game log found (possible DNP or API delay)"
"2026-03-01T17:18:22.692197-05:00","LAL Lakers vs SAC Kings (9:40 PM EST)","Maxime Raynaud","Points","Under","13.5","100","HardRockBet","3.83","50.0","10","False","FD at -125, DK at -118, ESPN at -130, Pinnacle at -131","1057390745","517d3f658ed7692ebe7eaea81aa3c1ef","2026-03-02T02:40:00+00:00","player_points","True","Void","DNP or no data","2026-03-02T08:42:40.832631+00:00","No game log found (possible DNP or API delay)"
"2026-03-01T17:18:27.456558-05:00","LAL Lakers vs SAC Kings (9:40 PM EST)","Luka Doncic","Assists","Under","8.5","107","DraftKings","3.5","70.0","10","False","FD at -114, DK at 107, ESPN at -105","132","517d3f658ed7692ebe7eaea81aa3c1ef","2026-03-02T02:40:00+00:00","player_assists","True","Void","DNP or no data","2026-03-02T08:42:40.832631+00:00","No game log found (possible DNP or API delay)"
"2026-03-01T17:18:35.207741-05:00","LAL Lakers vs SAC Kings (9:40 PM EST)","Devin Carter","Points Assists","Under","14.5","-105","HardRockBet","3.92","30.0","10","False","FD at -132, ESPN at -130","1028025242","517d3f658ed7692ebe7eaea81aa3c1ef","2026-03-02T02:40:00+00:00","player_points_assists","True","Void","DNP or no data","2026-03-02T08:42:40.832631+00:00","No game log found (possible DNP or API delay)"
"2026-03-01T17:21:46.827234-05:00","ATL Hawks vs POR Blazers (6:10 PM EST)","Dyson Daniels","Points","Under","10.5","-102","DraftKings","3.74","50.0","10","False","FD at -125, DK at -102, ESPN at -130, Pinnacle at -127","38017677","36b7acd903108abf04b18bf6449f45b3","2026-03-01T23:10:00+00:00","player_points","True","Loss","12","2026-03-02T17:30:45.751297+00:00","No game log found (possible DNP or API delay) | Re-graded: stat found on retry"
"2026-03-01T17:21:51.387989-05:00","ATL Hawks vs POR Blazers (6:10 PM EST)","Vit Krejci","Points","Over","8.5","-106","DraftKings","2.79","60.0","10","False","FD at -128, DK at -106, ESPN at -125","4197387","36b7acd903108abf04b18bf6449f45b3","2026-03-01T23:10:00+00:00","player_points","True","Win","14","2026-03-02T17:30:45.751297+00:00","No game log found (possible DNP or API delay) | Re-graded: stat found on retry"
"2026-03-01T17:21:55.501014-05:00","ATL Hawks vs POR Blazers (6:10 PM EST)","Dyson Daniels","Points","Under","10.5","-105","BetMGM","2.28","50.0","10","False","FD at -125, DK at -102, ESPN at -130, Pinnacle at -127","38017677","36b7acd903108abf04b18bf6449f45b3","2026-03-01T23:10:00+00:00","player_points","True","Loss","12","2026-03-02T17:30:45.751297+00:00","No game log found (possible DNP or API delay) | Re-graded: stat found on retry"
"2026-03-01T17:21:58.499373-05:00","ATL Hawks vs POR Blazers (6:10 PM EST)","Dyson Daniels","Points","Under","10.5","-105","BetParx","2.28","50.0","10","False","FD at -125, DK at -102, ESPN at -130, Pinnacle at -127","38017677","36b7acd903108abf04b18bf6449f45b3","2026-03-01T23:10:00+00:00","player_points","True","Loss","12","2026-03-02T17:30:45.751297+00:00","No game log found (possible DNP or API delay) | Re-graded: stat found on retry"
"2026-03-01T17:22:10.855115-05:00","ATL Hawks vs POR Blazers (6:10 PM EST)","Jrue Holiday","Assists","Under","6.5","-130","BetMGM","3.13","50.0","10","False","FD at -162, DK at -141, ESPN at -140, Pinnacle at -150","214","36b7acd903108abf04b18bf6449f45b3","2026-03-01T23:10:00+00:00","player_assists","True","Win","4","2026-03-02T17:30:45.751297+00:00","No game log found (possible DNP or API delay) | Re-graded: stat found on retry"
"2026-03-01T17:22:27.971854-05:00","ORL Magic vs DET Pistons (6:10 PM EST)","Ausar Thompson","Points","Under","9.5","100","HardRockBet","4.77","50.0","10","False","FD at -125, DK at -108, ESPN at -125, Pinnacle at -120","56677826","4d40482f62b199752b8b264572ff8460","2026-03-01T23:10:00+00:00","player_points","True","Win","9","2026-03-02T17:30:45.751297+00:00","No game log found (possible DNP or API delay) | Re-graded: stat found on retry"
"2026-03-01T17:22:31.238662-05:00","ORL Magic vs DET Pistons (6:10 PM EST)","Jalen Suggs","Points","Under","10.5","100","HardRockBet","6.62","40.0","10","False","FD at -130, DK at -117, ESPN at -130, Pinnacle at -122","17896073","4d40482f62b199752b8b264572ff8460","2026-03-01T23:10:00+00:00","player_points","True","Loss","14","2026-03-02T17:30:45.751297+00:00","No game log found (possible DNP or API delay) | Re-graded: stat found on retry"
"2026-03-01T17:22:42.304570-05:00","ORL Magic vs DET Pistons (6:10 PM EST)","Tobias Harris","Rebounds","Under","5.5","-128","DraftKings","5.74","30.0","10","False","FD at -170, DK at -128, ESPN at -125, Pinnacle at -154","200","4d40482f62b199752b8b264572ff8460","2026-03-01T23:10:00+00:00","player_rebounds","True","Loss","7","2026-03-02T17:30:45.751297+00:00","No game log found (possible DNP or API delay) | Re-graded: stat found on retry"
"2026-03-01T17:22:45.684052-05:00","ORL Magic vs DET Pistons (6:10 PM EST)","Tobias Harris","Rebounds","Under","5.5","-129","Caesars","5.38","30.0","10","False","FD at -170, DK at -128, ESPN at -125, Pinnacle at -154","200","4d40482f62b199752b8b264572ff8460","2026-03-01T23:10:00+00:00","player_rebounds","True","Loss","7","2026-03-02T17:30:45.751297+00:00","No game log found (possible DNP or API delay) | Re-graded: stat found on retry"
"2026-03-01T17:22:52.055729-05:00","ORL Magic vs DET Pistons (6:10 PM EST)","Tobias Harris","Rebounds","Under","5.5","-120","HardRockBet","8.83","30.0","10","False","FD at -170, DK at -128, ESPN at -125, Pinnacle at -154","200","4d40482f62b199752b8b264572ff8460","2026-03-01T23:10:00+00:00","player_rebounds","True","Loss","7","2026-03-02T17:30:45.751297+00:00","No game log found (possible DNP or API delay) | Re-graded: stat found on retry"
"2026-03-01T17:22:54.440657-05:00","ORL Magic vs DET Pistons (6:10 PM EST)","Tobias Harris","Rebounds","Under","5.5","-125","theScore","6.85","30.0","10","False","FD at -170, DK at -128, ESPN at -125, Pinnacle at -154","200","4d40482f62b199752b8b264572ff8460","2026-03-01T23:10:00+00:00","player_rebounds","True","Loss","7","2026-03-02T17:30:45.751297+00:00","No game log found (possible DNP or API delay) | Re-graded: stat found on retry"
"2026-03-01T17:22:57.687426-05:00","ORL Magic vs DET Pistons (6:10 PM EST)","Tobias Harris","Rebounds","Under","5.5","-118","BetMGM","9.67","30.0","10","False","FD at -170, DK at -128, ESPN at -125, Pinnacle at -154","200","4d40482f62b199752b8b264572ff8460","2026-03-01T23:10:00+00:00","player_rebounds","True","Loss","7","2026-03-02T17:30:45.751297+00:00","No game log found (possible DNP or API delay) | Re-graded: stat found on retry"
"2026-03-01T17:23:02.886409-05:00","ORL Magic vs DET Pistons (6:10 PM EST)","Cade Cunningham","Assists","Under","9.5","100","BetMGM","2.91","50.0","10","False","FD at -120, DK at -103, ESPN at -120, Pinnacle at -115","17896075","4d40482f62b199752b8b264572ff8460","2026-03-01T23:10:00+00:00","player_assists","True","Loss","11","2026-03-02T17:30:45.751297+00:00","No game log found (possible DNP or API delay) | Re-graded: stat found on retry"
"2026-03-01T17:23:05.872824-05:00","ORL Magic vs DET Pistons (6:10 PM EST)","Jalen Suggs","Points Rebounds","Under","13.5","100","BetMGM","4.77","40.0","10","False","FD at -125, DK at -115, ESPN at -115","17896073","4d40482f62b199752b8b264572ff8460","2026-03-01T23:10:00+00:00","player_points_rebounds","True","Loss","17","2026-03-02T17:30:45.751297+00:00","No game log found (possible DNP or API delay) | Re-graded: stat found on retry"
"2026-03-01T17:23:17.245652-05:00","ORL Magic vs DET Pistons (6:10 PM EST)","Cade Cunningham","Rebounds Assists","Under","15.5","100","HardRockBet","7.44","20.0","10","False","FD at -132, DK at -116, ESPN at -115","17896075","4d40482f62b199752b8b264572ff8460","2026-03-01T23:10:00+00:00","player_rebounds_assists","True","Loss","17","2026-03-02T17:30:45.751297+00:00","No game log found (possible DNP or API delay) | Re-graded: stat found on retry"
"2026-03-01T17:23:19.873862-05:00","ORL Magic vs DET Pistons (6:10 PM EST)","Cade Cunningham","Rebounds Assists","Under","15.5","100","BetMGM","7.44","20.0","10","False","FD at -132, DK at -116, ESPN at -115","17896075","4d40482f62b199752b8b264572ff8460","2026-03-01T23:10:00+00:00","player_rebounds_assists","True","Loss","17","2026-03-02T17:30:45.751297+00:00","No game log found (possible DNP or API delay) | Re-graded: stat found on retry"
"2026-03-01T17:23:51.477340-05:00","LAC Clippers vs NOP Pelicans (9:10 PM EST)","Brook Lopez","Rebounds","Over","4.5","110","HardRockBet","5.0","40.0","10","False","FD at -113, DK at -102, ESPN at -105","283","7ef96743c87da2d41e5269fb5d3ac078","2026-03-02T02:10:00+00:00","player_rebounds","True","Void","DNP or no data","2026-03-02T08:12:37.983154+00:00","No game log found (possible DNP or API delay)"
"2026-03-01T17:23:59.973123-05:00","LAC Clippers vs NOP Pelicans (9:10 PM EST)","Dejounte Murray","Threes","Under","1.5","-105","BetMGM","7.49","50.0","2","False","FD at -140, DK at -119, ESPN at -115","334","7ef96743c87da2d41e5269fb5d3ac078","2026-03-02T02:10:00+00:00","player_threes","True","Void","DNP or no data","2026-03-02T08:12:37.983154+00:00","No game log found (possible DNP or API delay)"
"2026-03-01T17:24:03.651344-05:00","LAC Clippers vs NOP Pelicans (9:10 PM EST)","Dejounte Murray","Threes","Under","1.5","-104","BetRivers","7.99","50.0","2","False","FD at -140, DK at -119, ESPN at -115","334","7ef96743c87da2d41e5269fb5d3ac078","2026-03-02T02:10:00+00:00","player_threes","True","Void","DNP or no data","2026-03-02T08:12:37.983154+00:00","No game log found (possible DNP or API delay)"
"2026-03-01T17:24:07.501557-05:00","LAC Clippers vs NOP Pelicans (9:10 PM EST)","Dejounte Murray","Threes","Under","1.5","100","BetParx","10.11","50.0","2","False","FD at -140, DK at -119, ESPN at -115","334","7ef96743c87da2d41e5269fb5d3ac078","2026-03-02T02:10:00+00:00","player_threes","True","Void","DNP or no data","2026-03-02T08:12:37.983154+00:00","No game log found (possible DNP or API delay)"
"2026-03-01T17:24:14.035563-05:00","LAL Lakers vs SAC Kings (9:40 PM EST)","Russell Westbrook","Points","Under","13.5","-110","DraftKings","2.69","50.0","10","False","FD at -136, DK at -110, ESPN at -125","472","517d3f658ed7692ebe7eaea81aa3c1ef","2026-03-02T02:40:00+00:00","player_points","True","Void","DNP or no data","2026-03-02T08:42:40.832631+00:00","No game log found (possible DNP or API delay)"
"2026-03-01T17:24:18.021430-05:00","LAL Lakers vs SAC Kings (9:40 PM EST)","Maxime Raynaud","Points","Under","13.5","100","BetMGM","4.82","50.0","10","False","FD at -128, DK at -118, ESPN at -130, Pinnacle at -131","1057390745","517d3f658ed7692ebe7eaea81aa3c1ef","2026-03-02T02:40:00+00:00","player_points","True","Void","DNP or no data","2026-03-02T08:42:40.832631+00:00","No game log found (possible DNP or API delay)"
"2026-03-01T17:24:20.614522-05:00","LAL Lakers vs SAC Kings (9:40 PM EST)","Maxime Raynaud","Points","Under","13.5","100","HardRockBet","4.82","50.0","10","False","FD at -128, DK at -118, ESPN at -130, Pinnacle at -131","1057390745","517d3f658ed7692ebe7eaea81aa3c1ef","2026-03-02T02:40:00+00:00","player_points","True","Void","DNP or no data","2026-03-02T08:42:40.832631+00:00","No game log found (possible DNP or API delay)"
"2026-03-01T17:24:31.132738-05:00","LAL Lakers vs SAC Kings (9:40 PM EST)","Austin Reaves","Assists","Under","4.5","-122","BetParx","4.04","70.0","10","True","FD at -158, DK at -138, ESPN at -150","17553995","517d3f658ed7692ebe7eaea81aa3c1ef","2026-03-02T02:40:00+00:00","player_assists","True","Void","DNP or no data","2026-03-02T08:42:40.832631+00:00","No game log found (possible DNP or API delay)"
"2026-03-01T17:24:33.607314-05:00","LAL Lakers vs SAC Kings (9:40 PM EST)","Austin Reaves","Assists","Under","4.5","-124","BetRivers","3.28","70.0","10","False","FD at -158, DK at -138, ESPN at -150","17553995","517d3f658ed7692ebe7eaea81aa3c1ef","2026-03-02T02:40:00+00:00","player_assists","True","Void","DNP or no data","2026-03-02T08:42:40.832631+00:00","No game log found (possible DNP or API delay)"
"2026-03-01T17:24:40.216278-05:00","LAL Lakers vs SAC Kings (9:40 PM EST)","Maxime Raynaud","Points Rebounds","Under","22.5","-105","BetMGM","2.32","50.0","10","False","FD at -128, DK at -127, ESPN at -125","1057390745","517d3f658ed7692ebe7eaea81aa3c1ef","2026-03-02T02:40:00+00:00","player_points_rebounds","True","Void","DNP or no data","2026-03-02T08:42:40.832631+00:00","No game log found (possible DNP or API delay)"
"2026-03-01T17:27:51.615572-05:00","ORL Magic vs DET Pistons (6:10 PM EST)","Ausar Thompson","Points","Under","9.5","-102","DraftKings","2.73","50.0","10","False","FD at -122, DK at -102, ESPN at -125, Pinnacle at -121","56677826","4d40482f62b199752b8b264572ff8460","2026-03-01T23:10:00+00:00","player_points","True","Win","9","2026-03-02T17:30:45.751297+00:00","No game log found (possible DNP or API delay) | Re-graded: stat found on retry"
"2026-03-01T17:27:54.374749-05:00","ORL Magic vs DET Pistons (6:10 PM EST)","Ausar Thompson","Points","Under","9.5","100","HardRockBet","3.75","50.0","10","False","FD at -122, DK at -102, ESPN at -125, Pinnacle at -121","56677826","4d40482f62b199752b8b264572ff8460","2026-03-01T23:10:00+00:00","player_points","True","Win","9","2026-03-02T17:30:45.751297+00:00","No game log found (possible DNP or API delay) | Re-graded: stat found on retry"
"2026-03-01T17:27:58.314366-05:00","ORL Magic vs DET Pistons (6:10 PM EST)","Tobias Harris","Rebounds","Under","5.5","-120","HardRockBet","4.78","30.0","10","False","FD at -154, DK at -137, ESPN at -140, Pinnacle at -153","200","4d40482f62b199752b8b264572ff8460","2026-03-01T23:10:00+00:00","player_rebounds","True","Loss","7","2026-03-02T17:30:45.751297+00:00","No game log found (possible DNP or API delay) | Re-graded: stat found on retry"
"2026-03-01T17:28:00.671115-05:00","ORL Magic vs DET Pistons (6:10 PM EST)","Tobias Harris","Rebounds","Under","5.5","-118","BetMGM","5.59","30.0","10","False","FD at -154, DK at -137, ESPN at -140, Pinnacle at -153","200","4d40482f62b199752b8b264572ff8460","2026-03-01T23:10:00+00:00","player_rebounds","True","Loss","7","2026-03-02T17:30:45.751297+00:00","No game log found (possible DNP or API delay) | Re-graded: stat found on retry"
"2026-03-01T17:28:07.885655-05:00","ORL Magic vs DET Pistons (6:10 PM EST)","Cade Cunningham","Assists","Under","9.5","102","DraftKings","3.94","50.0","10","False","FD at -120, DK at 102, ESPN at -115, Pinnacle at -117","17896075","4d40482f62b199752b8b264572ff8460","2026-03-01T23:10:00+00:00","player_assists","True","Loss","11","2026-03-02T17:30:45.751297+00:00","No game log found (possible DNP or API delay) | Re-graded: stat found on retry"
"2026-03-01T17:28:10.213651-05:00","ORL Magic vs DET Pistons (6:10 PM EST)","Cade Cunningham","Rebounds Assists","Under","15.5","100","HardRockBet","6.62","20.0","10","False","FD at -130, DK at -116, ESPN at -115","17896075","4d40482f62b199752b8b264572ff8460","2026-03-01T23:10:00+00:00","player_rebounds_assists","True","Loss","17","2026-03-02T17:30:45.751297+00:00","No game log found (possible DNP or API delay) | Re-graded: stat found on retry"
"2026-03-01T17:28:12.501660-05:00","ORL Magic vs DET Pistons (6:10 PM EST)","Cade Cunningham","Rebounds Assists","Under","15.5","100","BetMGM","6.62","20.0","10","False","FD at -130, DK at -116, ESPN at -115","17896075","4d40482f62b199752b8b264572ff8460","2026-03-01T23:10:00+00:00","player_rebounds_assists","True","Loss","17","2026-03-02T17:30:45.751297+00:00","No game log found (possible DNP or API delay) | Re-graded: stat found on retry"
"2026-03-01T17:28:24.587052-05:00","LAC Clippers vs NOP Pelicans (9:10 PM EST)","John Collins","Points Rebounds","Under","20.5","100","BetMGM","4.77","30.0","10","False","FD at -125, DK at -109, ESPN at -115","101","7ef96743c87da2d41e5269fb5d3ac078","2026-03-02T02:10:00+00:00","player_points_rebounds","True","Void","DNP or no data","2026-03-02T08:12:37.983154+00:00","No game log found (possible DNP or API delay)"
"2026-03-01T17:28:38.254688-05:00","LAL Lakers vs SAC Kings (9:40 PM EST)","Austin Reaves","Assists","Under","4.5","-120","theScore","4.82","70.0","10","False","FD at -158, DK at -138, ESPN at -120","17553995","517d3f658ed7692ebe7eaea81aa3c1ef","2026-03-02T02:40:00+00:00","player_assists","True","Void","DNP or no data","2026-03-02T08:42:40.832631+00:00","No game log found (possible DNP or API delay)"
"2026-03-01T17:28:55.622443-05:00","LAL Lakers vs SAC Kings (9:40 PM EST)","Devin Carter","Points Assists","Under","14.5","-105","HardRockBet","3.12","30.0","10","False","FD at -130, DK at -128, ESPN at -130","1028025242","517d3f658ed7692ebe7eaea81aa3c1ef","2026-03-02T02:40:00+00:00","player_points_assists","True","Void","DNP or no data","2026-03-02T08:42:40.832631+00:00","No game log found (possible DNP or API delay)"
"2026-03-01T17:32:03.362675-05:00","ATL Hawks vs POR Blazers (6:10 PM EST)","Dyson Daniels","Points","Under","10.5","-102","DraftKings","1.91","50.0","10","False","FD at -120, DK at -102, ESPN at -130, Pinnacle at -128","38017677","36b7acd903108abf04b18bf6449f45b3","2026-03-01T23:10:00+00:00","player_points","True","Loss","12","2026-03-02T17:30:45.751297+00:00","No game log found (possible DNP or API delay) | Re-graded: stat found on retry"
"2026-03-01T17:32:21.667721-05:00","ATL Hawks vs POR Blazers (6:10 PM EST)","Onyeka Okongwu","Threes","Over","1.5","-145","HardRockBet","4.12","70.0","10","True","FD at -188, DK at -186, ESPN at -190","3547244","36b7acd903108abf04b18bf6449f45b3","2026-03-01T23:10:00+00:00","player_threes","True","Win","7","2026-03-02T17:30:45.751297+00:00","No game log found (possible DNP or API delay) | Re-graded: stat found on retry"
"2026-03-01T17:32:32.483611-05:00","ORL Magic vs DET Pistons (6:10 PM EST)","Ausar Thompson","Points","Under","9.5","102","DraftKings","5.82","50.0","10","False","FD at -125, DK at 102, ESPN at -125, Pinnacle at -121","56677826","4d40482f62b199752b8b264572ff8460","2026-03-01T23:10:00+00:00","player_points","True","Win","9","2026-03-02T17:30:45.751297+00:00","No game log found (possible DNP or API delay) | Re-graded: stat found on retry"
"2026-03-01T17:32:35.555844-05:00","ORL Magic vs DET Pistons (6:10 PM EST)","Ausar Thompson","Points","Under","9.5","100","HardRockBet","4.77","50.0","10","False","FD at -125, DK at 102, ESPN at -125, Pinnacle at -121","56677826","4d40482f62b199752b8b264572ff8460","2026-03-01T23:10:00+00:00","player_points","True","Win","9","2026-03-02T17:30:45.751297+00:00","No game log found (possible DNP or API delay) | Re-graded: stat found on retry"
"2026-03-01T17:32:38.558658-05:00","ORL Magic vs DET Pistons (6:10 PM EST)","Cade Cunningham","Rebounds","Over","5.5","-121","DraftKings","3.51","70.0","10","True","FD at -150, DK at -121, ESPN at -150, Pinnacle at -147","17896075","4d40482f62b199752b8b264572ff8460","2026-03-01T23:10:00+00:00","player_rebounds","True","Win","6","2026-03-02T17:30:45.751297+00:00","No game log found (possible DNP or API delay) | Re-graded: stat found on retry"
"2026-03-01T17:32:45.371791-05:00","ORL Magic vs DET Pistons (6:10 PM EST)","Tobias Harris","Rebounds","Under","5.5","-120","HardRockBet","5.41","30.0","10","False","FD at -156, DK at -137, ESPN at -150, Pinnacle at -153","200","4d40482f62b199752b8b264572ff8460","2026-03-01T23:10:00+00:00","player_rebounds","True","Loss","7","2026-03-02T17:30:45.751297+00:00","No game log found (possible DNP or API delay) | Re-graded: stat found on retry"
"2026-03-01T17:32:47.676059-05:00","ORL Magic vs DET Pistons (6:10 PM EST)","Cade Cunningham","Rebounds","Over","5.5","-121","BetParx","3.51","70.0","10","True","FD at -150, DK at -121, ESPN at -150, Pinnacle at -147","17896075","4d40482f62b199752b8b264572ff8460","2026-03-01T23:10:00+00:00","player_rebounds","True","Win","6","2026-03-02T17:30:45.751297+00:00","No game log found (possible DNP or API delay) | Re-graded: stat found on retry"
"2026-03-01T17:32:50.676134-05:00","ORL Magic vs DET Pistons (6:10 PM EST)","Cade Cunningham","Rebounds","Over","5.5","-121","BetRivers","3.51","70.0","10","True","FD at -150, DK at -121, ESPN at -150, Pinnacle at -147","17896075","4d40482f62b199752b8b264572ff8460","2026-03-01T23:10:00+00:00","player_rebounds","True","Win","6","2026-03-02T17:30:45.751297+00:00","No game log found (possible DNP or API delay) | Re-graded: stat found on retry"
"2026-03-01T17:32:53.528654-05:00","ORL Magic vs DET Pistons (6:10 PM EST)","Cade Cunningham","Rebounds","Over","5.5","-121","BallyBet","3.51","70.0","10","True","FD at -150, DK at -121, ESPN at -150, Pinnacle at -147","17896075","4d40482f62b199752b8b264572ff8460","2026-03-01T23:10:00+00:00","player_rebounds","True","Win","6","2026-03-02T17:30:45.751297+00:00","No game log found (possible DNP or API delay) | Re-graded: stat found on retry"
"2026-03-01T17:32:57.946514-05:00","BOS Celtics vs PHI 76ers (8:10 PM EST)","Tyrese Maxey","Points Rebounds Assists","Over","38.5","102","BallyBet","1.84","50.0","10","False","FD at -115, DK at -120, ESPN at -115","3547254","7129ee2856df2237632c277ccbc657f7","2026-03-02T01:10:00+00:00","player_points_rebounds_assists","True","Void","DNP or no data","2026-03-02T07:12:24.876874+00:00","No game log found (possible DNP or API delay)"
"2026-03-01T17:33:01.287855-05:00","BOS Celtics vs PHI 76ers (8:10 PM EST)","Tyrese Maxey","Points Rebounds Assists","Over","38.5","102","BetRivers","1.84","50.0","10","False","FD at -115, DK at -120, ESPN at -115","3547254","7129ee2856df2237632c277ccbc657f7","2026-03-02T01:10:00+00:00","player_points_rebounds_assists","True","Void","DNP or no data","2026-03-02T07:12:24.876874+00:00","No game log found (possible DNP or API delay)"
"2026-03-01T17:36:13.714614-05:00","ATL Hawks vs POR Blazers (6:10 PM EST)","Dyson Daniels","Rebounds","Under","5.5","102","FanDuel","5.94","30.0","10","False","ESPN at -120, DK at -140, Pinnacle at -123","38017677","36b7acd903108abf04b18bf6449f45b3","2026-03-01T23:10:00+00:00","player_rebounds","True","Loss","6","2026-03-02T17:30:45.751297+00:00","No game log found (possible DNP or API delay) | Re-graded: stat found on retry"
"2026-03-01T17:36:24.845455-05:00","ORL Magic vs DET Pistons (6:10 PM EST)","Tobias Harris","Rebounds","Under","5.5","-120","HardRockBet","4.78","30.0","10","False","FD at -154, DK at -141, ESPN at -150, Pinnacle at -153","200","4d40482f62b199752b8b264572ff8460","2026-03-01T23:10:00+00:00","player_rebounds","True","Loss","7","2026-03-02T17:30:45.751297+00:00","No game log found (possible DNP or API delay) | Re-graded: stat found on retry"
"2026-03-01T17:37:00.390436-05:00","LAC Clippers vs NOP Pelicans (9:10 PM EST)","Bennedict Mathurin","Rebounds","Under","5.5","-128","DraftKings","3.02","50.0","10","False","FD at -158, DK at -128, ESPN at -160","38017686","7ef96743c87da2d41e5269fb5d3ac078","2026-03-02T02:10:00+00:00","player_rebounds","True","Void","DNP or no data","2026-03-02T08:12:37.983154+00:00","No game log found (possible DNP or API delay)"
"2026-03-01T17:40:31.119229-05:00","ORL Magic vs DET Pistons (6:10 PM EST)","Tobias Harris","Rebounds","Under","5.5","-120","HardRockBet","5.41","30.0","10","False","FD at -156, DK at -141, ESPN at -160, Pinnacle at -153","200","4d40482f62b199752b8b264572ff8460","2026-03-01T23:10:00+00:00","player_rebounds","True","Loss","7","2026-03-02T17:30:45.751297+00:00","No game log found (possible DNP or API delay) | Re-graded: stat found on retry"
"2026-03-01T17:40:49.753475-05:00","LAL Lakers vs SAC Kings (9:40 PM EST)","Austin Reaves","Assists","Under","4.5","-124","BetParx","3.24","70.0","10","False","FD at -154, DK at -133, ESPN at -145","17553995","517d3f658ed7692ebe7eaea81aa3c1ef","2026-03-02T02:40:00+00:00","player_assists","True","Void","DNP or no data","2026-03-02T08:42:40.832631+00:00","No game log found (possible DNP or API delay)"
"2026-03-01T17:40:52.456994-05:00","LAL Lakers vs SAC Kings (9:40 PM EST)","Austin Reaves","Assists","Under","4.5","-124","BetRivers","3.24","70.0","10","False","FD at -154, DK at -133, ESPN at -145","17553995","517d3f658ed7692ebe7eaea81aa3c1ef","2026-03-02T02:40:00+00:00","player_assists","True","Void","DNP or no data","2026-03-02T08:42:40.832631+00:00","No game log found (possible DNP or API delay)"
"2026-03-01T17:44:18.510790-05:00","ATL Hawks vs POR Blazers (6:10 PM EST)","C.J. McCollum","Threes","Over","2.5","104","DraftKings","2.85","50.0","10","False","FD at -115, DK at 104, ESPN at -110","303","36b7acd903108abf04b18bf6449f45b3","2026-03-01T23:10:00+00:00","player_threes","True","Loss","2","2026-03-02T17:30:45.751297+00:00","No game log found (possible DNP or API delay) | Re-graded: stat found on retry"
"2026-03-01T17:44:30.451374-05:00","ORL Magic vs DET Pistons (6:10 PM EST)","Ausar Thompson","Points","Under","9.5","100","HardRockBet","3.75","50.0","10","False","FD at -122, DK at -115, ESPN at -125, Pinnacle at -121","56677826","4d40482f62b199752b8b264572ff8460","2026-03-01T23:10:00+00:00","player_points","True","Win","9","2026-03-02T17:30:45.751297+00:00","No game log found (possible DNP or API delay) | Re-graded: stat found on retry"
"2026-03-01T17:44:45.517823-05:00","LAL Lakers vs SAC Kings (9:40 PM EST)","Maxime Raynaud","Points","Under","13.5","-105","BetMGM","2.28","50.0","10","False","FD at -125, DK at -118, ESPN at -130, Pinnacle at -132","1057390745","517d3f658ed7692ebe7eaea81aa3c1ef","2026-03-02T02:40:00+00:00","player_points","True","Void","DNP or no data","2026-03-02T08:42:40.832631+00:00","No game log found (possible DNP or API delay)"
"2026-03-01T17:44:48.372836-05:00","LAL Lakers vs SAC Kings (9:40 PM EST)","Maxime Raynaud","Points","Under","13.5","-105","HardRockBet","2.28","50.0","10","False","FD at -125, DK at -118, ESPN at -130, Pinnacle at -132","1057390745","517d3f658ed7692ebe7eaea81aa3c1ef","2026-03-02T02:40:00+00:00","player_points","True","Void","DNP or no data","2026-03-02T08:42:40.832631+00:00","No game log found (possible DNP or API delay)"
"2026-03-01T17:44:50.705257-05:00","LAL Lakers vs SAC Kings (9:40 PM EST)","Maxime Raynaud","Points Rebounds","Under","22.5","-105","BetMGM","2.28","50.0","10","False","FD at -125, DK at -127, ESPN at -125","1057390745","517d3f658ed7692ebe7eaea81aa3c1ef","2026-03-02T02:40:00+00:00","player_points_rebounds","True","Void","DNP or no data","2026-03-02T08:42:40.832631+00:00","No game log found (possible DNP or API delay)"
"2026-03-01T17:48:30.189685-05:00","DAL Mavericks vs OKC Thunder (8:10 PM EST)","Klay Thompson","Points","Over","12.5","-102","Caesars","3.74","30.0","10","False","FD at -125, DK at -122, ESPN at -110, Pinnacle at -115","443","3d268484ec4724f35d87620826643242","2026-03-02T01:10:00+00:00","player_points","True","Void","DNP or no data","2026-03-02T07:12:24.876874+00:00","No game log found (possible DNP or API delay)"
"2026-03-01T17:52:11.860420-05:00","ORL Magic vs DET Pistons (6:10 PM EST)","Tobias Harris","Rebounds","Under","5.5","-120","HardRockBet","5.19","30.0","10","False","FD at -154, DK at -136, ESPN at -160, Pinnacle at -152","200","4d40482f62b199752b8b264572ff8460","2026-03-01T23:10:00+00:00","player_rebounds","True","Loss","7","2026-03-02T17:30:45.751297+00:00","No game log found (possible DNP or API delay) | Re-graded: stat found on retry"
"2026-03-01T17:52:23.099612-05:00","ORL Magic vs DET Pistons (6:10 PM EST)","Cade Cunningham","Rebounds Assists","Under","15.5","100","HardRockBet","3.75","20.0","10","False","FD at -122, DK at -113, ESPN at -110","17896075","4d40482f62b199752b8b264572ff8460","2026-03-01T23:10:00+00:00","player_rebounds_assists","True","Loss","17","2026-03-02T17:30:45.751297+00:00","No game log found (possible DNP or API delay) | Re-graded: stat found on retry"
"2026-03-01T17:52:25.915939-05:00","ORL Magic vs DET Pistons (6:10 PM EST)","Cade Cunningham","Rebounds Assists","Under","15.5","100","BetMGM","3.75","20.0","10","False","FD at -122, DK at -113, ESPN at -110","17896075","4d40482f62b199752b8b264572ff8460","2026-03-01T23:10:00+00:00","player_rebounds_assists","True","Loss","17","2026-03-02T17:30:45.751297+00:00","No game log found (possible DNP or API delay) | Re-graded: stat found on retry"
"2026-03-01T17:52:40.220827-05:00","LAL Lakers vs SAC Kings (9:40 PM EST)","Maxime Raynaud","Points Rebounds","Under","22.5","-105","BetMGM","3.27","50.0","10","False","FD at -128, ESPN at -125","1057390745","517d3f658ed7692ebe7eaea81aa3c1ef","2026-03-02T02:40:00+00:00","player_points_rebounds","True","Void","DNP or no data","2026-03-02T08:42:40.832631+00:00","No game log found (possible DNP or API delay)"
"2026-03-01T17:52:50.175653-05:00","LAL Lakers vs SAC Kings (9:40 PM EST)","Devin Carter","Points Rebounds Assists","Under","18.5","-105","BetMGM","3.27","30.0","10","False","FD at -128, DK at -119","1028025242","517d3f658ed7692ebe7eaea81aa3c1ef","2026-03-02T02:40:00+00:00","player_points_rebounds_assists","True","Void","DNP or no data","2026-03-02T08:42:40.832631+00:00","No game log found (possible DNP or API delay)"
"2026-03-01T17:52:53.825344-05:00","LAL Lakers vs SAC Kings (9:40 PM EST)","Devin Carter","Points Rebounds Assists","Under","18.5","-105","HardRockBet","3.27","30.0","10","False","FD at -128, DK at -119","1028025242","517d3f658ed7692ebe7eaea81aa3c1ef","2026-03-02T02:40:00+00:00","player_points_rebounds_assists","True","Void","DNP or no data","2026-03-02T08:42:40.832631+00:00","No game log found (possible DNP or API delay)"
"2026-03-01T17:56:15.947657-05:00","ORL Magic vs DET Pistons (6:11 PM EST)","Ausar Thompson","Points","Under","9.5","100","HardRockBet","4.77","50.0","10","False","FD at -125, DK at -111, ESPN at -125, Pinnacle at -121","56677826","4d40482f62b199752b8b264572ff8460","2026-03-01T23:11:00+00:00","player_points","True","Win","9","2026-03-02T17:30:45.751297+00:00","No game log found (possible DNP or API delay) | Re-graded: stat found on retry"
"2026-03-01T17:56:22.195078-05:00","ORL Magic vs DET Pistons (6:11 PM EST)","Tobias Harris","Rebounds","Under","5.5","-120","HardRockBet","5.41","30.0","10","False","FD at -156, DK at -136, ESPN at -160, Pinnacle at -154","200","4d40482f62b199752b8b264572ff8460","2026-03-01T23:11:00+00:00","player_rebounds","True","Loss","7","2026-03-02T17:30:45.751297+00:00","No game log found (possible DNP or API delay) | Re-graded: stat found on retry"
"2026-03-01T17:56:30.045946-05:00","BOS Celtics vs PHI 76ers (8:10 PM EST)","Nikola Vucevic","Points","Over","11.5","102","DraftKings","4.79","40.0","10","False","FD at -122, DK at 102, ESPN at -125, Pinnacle at -131","460","7129ee2856df2237632c277ccbc657f7","2026-03-02T01:10:00+00:00","player_points","True","Void","DNP or no data","2026-03-02T07:12:24.876874+00:00","No game log found (possible DNP or API delay)"
"2026-03-01T17:56:38.081562-05:00","BOS Celtics vs PHI 76ers (8:10 PM EST)","Payton Pritchard","Assists","Under","5.5","-115","BetMGM","3.64","40.0","10","False","FD at -142, ESPN at -140","3547276","7129ee2856df2237632c277ccbc657f7","2026-03-02T01:10:00+00:00","player_assists","True","Void","DNP or no data","2026-03-02T07:12:24.876874+00:00","No game log found (possible DNP or API delay)"
"2026-03-01T17:56:44.477691-05:00","DAL Mavericks vs OKC Thunder (8:10 PM EST)","Klay Thompson","Points","Over","12.5","-102","Caesars","2.73","30.0","10","False","FD at -122, DK at -122, ESPN at -105, Pinnacle at -115","443","3d268484ec4724f35d87620826643242","2026-03-02T01:10:00+00:00","player_points","True","Void","DNP or no data","2026-03-02T07:12:24.876874+00:00","No game log found (possible DNP or API delay)"
"2026-03-01T17:56:50.777080-05:00","DAL Mavericks vs OKC Thunder (8:10 PM EST)","Cason Wallace","Rebounds Assists","Over","6.5","110","BetMGM","2.82","90.0","10","False","FD at -108, DK at -105, ESPN at 105","56677833","3d268484ec4724f35d87620826643242","2026-03-02T01:10:00+00:00","player_rebounds_assists","True","Void","DNP or no data","2026-03-02T07:12:24.876874+00:00","No game log found (possible DNP or API delay)"
"2026-03-01T17:56:57.619026-05:00","LAC Clippers vs NOP Pelicans (9:10 PM EST)","Dejounte Murray","Threes","Under","1.5","-105","BetMGM","8.23","50.0","2","False","FD at -142, DK at -119, ESPN at -115","334","7ef96743c87da2d41e5269fb5d3ac078","2026-03-02T02:10:00+00:00","player_threes","True","Void","DNP or no data","2026-03-02T08:12:37.983154+00:00","No game log found (possible DNP or API delay)"
"2026-03-01T18:00:29.454409-05:00","BOS Celtics vs PHI 76ers (8:10 PM EST)","Baylor Scheierman","Points","Under","7.5","-105","theScore","2.79","40.0","10","False","FD at -128, DK at -119, ESPN at -105","1028028434","7129ee2856df2237632c277ccbc657f7","2026-03-02T01:10:00+00:00","player_points","True","Void","DNP or no data","2026-03-02T07:12:24.876874+00:00","No game log found (possible DNP or API delay)"
"2026-03-01T18:00:36.254118-05:00","BOS Celtics vs PHI 76ers (8:10 PM EST)","Kelly Oubre Jr","Rebounds","Over","4.5","-105","HardRockBet","4.08","60.0","10","False","FD at -130, DK at -123, ESPN at -120","360","7129ee2856df2237632c277ccbc657f7","2026-03-02T01:10:00+00:00","player_rebounds","True","Void","DNP or no data","2026-03-02T07:12:24.876874+00:00","No game log found (possible DNP or API delay)"
"2026-03-01T18:00:41.624436-05:00","BOS Celtics vs PHI 76ers (8:10 PM EST)","Baylor Scheierman","Rebounds","Over","4.5","105","BetMGM","2.5","70.0","10","False","FD at -113, DK at -131, ESPN at -115","1028028434","7129ee2856df2237632c277ccbc657f7","2026-03-02T01:10:00+00:00","player_rebounds","True","Void","DNP or no data","2026-03-02T07:12:24.876874+00:00","No game log found (possible DNP or API delay)"
"2026-03-01T18:00:44.523822-05:00","BOS Celtics vs PHI 76ers (8:10 PM EST)","Payton Pritchard","Assists","Under","5.5","-115","HardRockBet","3.64","40.0","10","False","FD at -142, DK at -142, ESPN at -140","3547276","7129ee2856df2237632c277ccbc657f7","2026-03-02T01:10:00+00:00","player_assists","True","Void","DNP or no data","2026-03-02T07:12:24.876874+00:00","No game log found (possible DNP or API delay)"
"2026-03-01T18:00:51.220947-05:00","BOS Celtics vs PHI 76ers (8:10 PM EST)","Tyrese Maxey","Rebounds Assists","Under","10.5","-105","BetMGM","4.08","50.0","10","False","FD at -130, DK at -126, ESPN at -125","3547254","7129ee2856df2237632c277ccbc657f7","2026-03-02T01:10:00+00:00","player_rebounds_assists","True","Void","DNP or no data","2026-03-02T07:12:24.876874+00:00","No game log found (possible DNP or API delay)"
"2026-03-01T18:00:57.950114-05:00","DAL Mavericks vs OKC Thunder (8:10 PM EST)","Klay Thompson","Points","Over","12.5","-102","Caesars","1.91","30.0","10","False","FD at -120, DK at -122, ESPN at -105, Pinnacle at -115","443","3d268484ec4724f35d87620826643242","2026-03-02T01:10:00+00:00","player_points","True","Void","DNP or no data","2026-03-02T07:12:24.876874+00:00","No game log found (possible DNP or API delay)"
"2026-03-01T18:01:05.324584-05:00","DAL Mavericks vs OKC Thunder (8:10 PM EST)","Cason Wallace","Rebounds Assists","Over","6.5","110","BetMGM","4.13","90.0","10","False","FD at -111, DK at -105, ESPN at 105","56677833","3d268484ec4724f35d87620826643242","2026-03-02T01:10:00+00:00","player_rebounds_assists","True","Void","DNP or no data","2026-03-02T07:12:24.876874+00:00","No game log found (possible DNP or API delay)"
"2026-03-01T18:01:19.592624-05:00","LAC Clippers vs NOP Pelicans (9:10 PM EST)","Bennedict Mathurin","Threes","Under","1.5","-108","DraftKings","3.46","70.0","10","False","FD at -132, DK at -108, ESPN at -125","38017686","7ef96743c87da2d41e5269fb5d3ac078","2026-03-02T02:10:00+00:00","player_threes","True","Void","DNP or no data","2026-03-02T08:12:37.983154+00:00","No game log found (possible DNP or API delay)"
"2026-03-01T18:04:48.755944-05:00","ORL Magic vs DET Pistons (6:11 PM EST)","Ausar Thompson","Points","Under","9.5","100","HardRockBet","3.75","50.0","10","False","FD at -122, DK at -111, ESPN at -125, Pinnacle at -121","56677826","4d40482f62b199752b8b264572ff8460","2026-03-01T23:11:00+00:00","player_points","True","Win","9","2026-03-02T17:30:45.751297+00:00","No game log found (possible DNP or API delay) | Re-graded: stat found on retry"
"2026-03-01T18:04:51.147964-05:00","ORL Magic vs DET Pistons (6:11 PM EST)","Tobias Harris","Rebounds","Under","5.5","-120","HardRockBet","4.78","30.0","10","False","FD at -154, DK at -136, ESPN at -160, Pinnacle at -154","200","4d40482f62b199752b8b264572ff8460","2026-03-01T23:11:00+00:00","player_rebounds","True","Loss","7","2026-03-02T17:30:45.751297+00:00","No game log found (possible DNP or API delay) | Re-graded: stat found on retry"
"2026-03-01T18:05:01.881194-05:00","ORL Magic vs DET Pistons (6:11 PM EST)","Duncan Robinson","Threes","Under","2.5","100","HardRockBet","2.91","30.0","10","False","FD at -120, DK at -116, ESPN at -115","397","4d40482f62b199752b8b264572ff8460","2026-03-01T23:11:00+00:00","player_threes","True","Win","0","2026-03-02T17:30:45.751297+00:00","No game log found (possible DNP or API delay) | Re-graded: stat found on retry"
"2026-03-01T18:05:04.711833-05:00","BOS Celtics vs PHI 76ers (8:10 PM EST)","Payton Pritchard","Points","Under","17.5","-102","DraftKings","2.73","30.0","10","False","FD at -122, DK at -102, ESPN at -125, Pinnacle at -120","3547276","7129ee2856df2237632c277ccbc657f7","2026-03-02T01:10:00+00:00","player_points","True","Void","DNP or no data","2026-03-02T07:12:24.876874+00:00","No game log found (possible DNP or API delay)"
"2026-03-01T18:05:08.530385-05:00","BOS Celtics vs PHI 76ers (8:10 PM EST)","Tyrese Maxey","Rebounds","Under","3.5","105","HardRockBet","7.39","60.0","10","False","FD at -125, DK at 102, ESPN at -110","3547254","7129ee2856df2237632c277ccbc657f7","2026-03-02T01:10:00+00:00","player_rebounds","True","Void","DNP or no data","2026-03-02T07:12:24.876874+00:00","No game log found (possible DNP or API delay)"
"2026-03-01T18:05:15.272463-05:00","BOS Celtics vs PHI 76ers (8:10 PM EST)","Nikola Vucevic","Points Rebounds","Over","18.5","-103","DraftKings","3.25","40.0","10","False","FD at -125, DK at -103, ESPN at -125","460","7129ee2856df2237632c277ccbc657f7","2026-03-02T01:10:00+00:00","player_points_rebounds","True","Void","DNP or no data","2026-03-02T07:12:24.876874+00:00","No game log found (possible DNP or API delay)"
"2026-03-01T18:05:17.896346-05:00","DAL Mavericks vs OKC Thunder (8:10 PM EST)","Klay Thompson","Points","Over","12.5","-102","Caesars","2.73","30.0","10","False","FD at -122, DK at -122, ESPN at -105, Pinnacle at -115","443","3d268484ec4724f35d87620826643242","2026-03-02T01:10:00+00:00","player_points","True","Void","DNP or no data","2026-03-02T07:12:24.876874+00:00","No game log found (possible DNP or API delay)"
"2026-03-01T18:05:25.225758-05:00","LAC Clippers vs NOP Pelicans (9:10 PM EST)","Jeremiah Fears","Assists","Under","3.5","-120","DraftKings","4.78","20.0","10","False","FD at -154, DK at -120, ESPN at -140","1057267077","7ef96743c87da2d41e5269fb5d3ac078","2026-03-02T02:10:00+00:00","player_assists","True","Void","DNP or no data","2026-03-02T08:12:37.983154+00:00","No game log found (possible DNP or API delay)"
"2026-03-01T18:08:59.821126-05:00","ORL Magic vs DET Pistons (6:11 PM EST)","Ausar Thompson","Points","Under","9.5","100","HardRockBet","4.77","50.0","10","False","FD at -125, DK at -111, ESPN at -125, Pinnacle at -121","56677826","4d40482f62b199752b8b264572ff8460","2026-03-01T23:11:00+00:00","player_points","True","Win","9","2026-03-02T17:30:45.751297+00:00","No game log found (possible DNP or API delay) | Re-graded: stat found on retry"
"2026-03-01T18:09:06.297040-05:00","ORL Magic vs DET Pistons (6:11 PM EST)","Tobias Harris","Rebounds","Under","5.5","-120","HardRockBet","5.41","30.0","10","False","FD at -156, DK at -136, ESPN at -160, Pinnacle at -154","200","4d40482f62b199752b8b264572ff8460","2026-03-01T23:11:00+00:00","player_rebounds","True","Loss","7","2026-03-02T17:30:45.751297+00:00","No game log found (possible DNP or API delay) | Re-graded: stat found on retry"
"2026-03-01T18:09:08.639745-05:00","BOS Celtics vs PHI 76ers (8:10 PM EST)","Jaylen Brown","Rebounds Assists","Under","11.5","101","DraftKings","3.43","40.0","10","False","FD at -120, DK at 101, ESPN at -120","70","7129ee2856df2237632c277ccbc657f7","2026-03-02T01:10:00+00:00","player_rebounds_assists","True","Void","DNP or no data","2026-03-02T07:12:24.876874+00:00","No game log found (possible DNP or API delay)"
"2026-03-01T18:09:17.037864-05:00","LAC Clippers vs NOP Pelicans (9:10 PM EST)","Derik Queen","Points","Under","9.5","-104","DraftKings","3.75","50.0","10","False","FD at -128, DK at -104, ESPN at -145, Pinnacle at -130","1057274415","7ef96743c87da2d41e5269fb5d3ac078","2026-03-02T02:10:00+00:00","player_points","True","Void","DNP or no data","2026-03-02T08:12:37.983154+00:00","No game log found (possible DNP or API delay)"
"2026-03-01T18:09:19.541387-05:00","LAC Clippers vs NOP Pelicans (9:10 PM EST)","Jeremiah Fears","Assists","Under","3.5","-115","DraftKings","5.28","20.0","10","False","FD at -148, DK at -115, ESPN at -140","1057267077","7ef96743c87da2d41e5269fb5d3ac078","2026-03-02T02:10:00+00:00","player_assists","True","Void","DNP or no data","2026-03-02T08:12:37.983154+00:00","No game log found (possible DNP or API delay)"
"2026-03-01T18:09:21.723631-05:00","LAC Clippers vs NOP Pelicans (9:10 PM EST)","Dejounte Murray","Assists","Under","5.5","-130","BetMGM","5.02","50.0","2","False","FD at -170, ESPN at -180","334","7ef96743c87da2d41e5269fb5d3ac078","2026-03-02T02:10:00+00:00","player_assists","True","Void","DNP or no data","2026-03-02T08:12:37.983154+00:00","No game log found (possible DNP or API delay)"
"2026-03-01T18:09:23.807750-05:00","LAC Clippers vs NOP Pelicans (9:10 PM EST)","John Collins","Points Rebounds","Under","20.5","100","BetMGM","5.79","30.0","10","False","FD at -128, DK at -108, ESPN at -115","101","7ef96743c87da2d41e5269fb5d3ac078","2026-03-02T02:10:00+00:00","player_points_rebounds","True","Void","DNP or no data","2026-03-02T08:12:37.983154+00:00","No game log found (possible DNP or API delay)"
"2026-03-01T18:09:26.263798-05:00","LAC Clippers vs NOP Pelicans (9:10 PM EST)","Dejounte Murray","Threes","Under","1.5","-105","BetMGM","9.23","50.0","2","False","FD at -146, DK at -119, ESPN at -115","334","7ef96743c87da2d41e5269fb5d3ac078","2026-03-02T02:10:00+00:00","player_threes","True","Void","DNP or no data","2026-03-02T08:12:37.983154+00:00","No game log found (possible DNP or API delay)"
"2026-03-01T18:12:39.279906-05:00","BOS Celtics vs PHI 76ers (8:10 PM EST)","VJ Edgecombe","Rebounds Assists","Under","8.5","104","DraftKings","4.12","40.0","10","False","FD at -118, DK at 104, ESPN at -110","1057261935","7129ee2856df2237632c277ccbc657f7","2026-03-02T01:10:00+00:00","player_rebounds_assists","True","Void","DNP or no data","2026-03-02T07:12:24.876874+00:00","No game log found (possible DNP or API delay)"
"2026-03-01T18:12:58.331950-05:00","DAL Mavericks vs OKC Thunder (8:10 PM EST)","Cason Wallace","Rebounds Assists","Over","6.5","110","BetMGM","2.82","90.0","10","False","FD at -108, DK at -105, ESPN at 105","56677833","3d268484ec4724f35d87620826643242","2026-03-02T01:10:00+00:00","player_rebounds_assists","True","Void","DNP or no data","2026-03-02T07:12:24.876874+00:00","No game log found (possible DNP or API delay)"
"2026-03-01T18:13:01.099752-05:00","LAC Clippers vs NOP Pelicans (9:10 PM EST)","Derik Queen","Points","Under","9.5","-109","DraftKings","2.22","50.0","10","False","FD at -130, DK at -109, ESPN at -145, Pinnacle at -130","1057274415","7ef96743c87da2d41e5269fb5d3ac078","2026-03-02T02:10:00+00:00","player_points","True","Void","DNP or no data","2026-03-02T08:12:37.983154+00:00","No game log found (possible DNP or API delay)"
"2026-03-01T18:13:09.528326-05:00","LAC Clippers vs NOP Pelicans (9:10 PM EST)","Jeremiah Fears","Assists","Under","3.5","-120","DraftKings","3.9","20.0","10","False","FD at -150, DK at -120, ESPN at -140","1057267077","7ef96743c87da2d41e5269fb5d3ac078","2026-03-02T02:10:00+00:00","player_assists","True","Void","DNP or no data","2026-03-02T08:12:37.983154+00:00","No game log found (possible DNP or API delay)"
"2026-03-01T18:13:12.042148-05:00","LAC Clippers vs NOP Pelicans (9:10 PM EST)","Dejounte Murray","Assists","Under","5.5","-130","BetMGM","4.27","50.0","2","False","FD at -166, ESPN at -180","334","7ef96743c87da2d41e5269fb5d3ac078","2026-03-02T02:10:00+00:00","player_assists","True","Void","DNP or no data","2026-03-02T08:12:37.983154+00:00","No game log found (possible DNP or API delay)"
"2026-03-01T18:13:18.363261-05:00","LAC Clippers vs NOP Pelicans (9:10 PM EST)","John Collins","Points Rebounds","Under","20.5","100","BetMGM","4.77","30.0","10","False","FD at -125, DK at -108, ESPN at -115","101","7ef96743c87da2d41e5269fb5d3ac078","2026-03-02T02:10:00+00:00","player_points_rebounds","True","Void","DNP or no data","2026-03-02T08:12:37.983154+00:00","No game log found (possible DNP or API delay)"
"2026-03-01T18:13:28.042875-05:00","LAC Clippers vs NOP Pelicans (9:10 PM EST)","Dejounte Murray","Threes","Under","1.5","-105","BetMGM","7.49","50.0","2","False","FD at -140, DK at -119, ESPN at -115","334","7ef96743c87da2d41e5269fb5d3ac078","2026-03-02T02:10:00+00:00","player_threes","True","Void","DNP or no data","2026-03-02T08:12:37.983154+00:00","No game log found (possible DNP or API delay)"
"2026-03-01T18:16:55.548677-05:00","LAC Clippers vs NOP Pelicans (9:10 PM EST)","Dejounte Murray","Threes","Under","1.5","-105","BetMGM","8.23","50.0","2","False","FD at -142, DK at -119, ESPN at -115","334","7ef96743c87da2d41e5269fb5d3ac078","2026-03-02T02:10:00+00:00","player_threes","True","Void","DNP or no data","2026-03-02T08:12:37.983154+00:00","No game log found (possible DNP or API delay)"
"2026-03-01T18:20:09.747246-05:00","DAL Mavericks vs OKC Thunder (8:10 PM EST)","Cason Wallace","Rebounds Assists","Over","6.5","110","BetMGM","4.13","90.0","10","False","FD at -111, DK at -105, ESPN at 105","56677833","3d268484ec4724f35d87620826643242","2026-03-02T01:10:00+00:00","player_rebounds_assists","True","Void","DNP or no data","2026-03-02T07:12:24.876874+00:00","No game log found (possible DNP or API delay)"
"2026-03-01T18:20:12.196241-05:00","LAC Clippers vs NOP Pelicans (9:10 PM EST)","Bennedict Mathurin","Rebounds","Under","5.5","-130","DraftKings","3.13","50.0","10","False","FD at -162, DK at -130, ESPN at -165","38017686","7ef96743c87da2d41e5269fb5d3ac078","2026-03-02T02:10:00+00:00","player_rebounds","True","Void","DNP or no data","2026-03-02T08:12:37.983154+00:00","No game log found (possible DNP or API delay)"
"2026-03-01T18:20:14.386123-05:00","LAC Clippers vs NOP Pelicans (9:10 PM EST)","Dejounte Murray","Rebounds Assists","Under","9.5","105","HardRockBet","5.96","50.0","2","False","FD at -120, DK at -123, ESPN at -115","334","7ef96743c87da2d41e5269fb5d3ac078","2026-03-02T02:10:00+00:00","player_rebounds_assists","True","Void","DNP or no data","2026-03-02T08:12:37.983154+00:00","No game log found (possible DNP or API delay)"
"2026-03-01T18:23:21.597677-05:00","BOS Celtics vs PHI 76ers (8:10 PM EST)","Baylor Scheierman","Rebounds","Under","4.5","-108","DraftKings","7.75","30.0","10","False","FD at -146, DK at -108, ESPN at -125","1028028434","7129ee2856df2237632c277ccbc657f7","2026-03-02T01:10:00+00:00","player_rebounds","True","Void","DNP or no data","2026-03-02T07:12:24.876874+00:00","No game log found (possible DNP or API delay)"
"2026-03-01T18:23:23.902474-05:00","BOS Celtics vs PHI 76ers (8:10 PM EST)","Derrick White","Rebounds","Under","4.5","-140","HardRockBet","2.82","60.0","10","False","FD at -174, ESPN at -165","473","7129ee2856df2237632c277ccbc657f7","2026-03-02T01:10:00+00:00","player_rebounds","True","Void","DNP or no data","2026-03-02T07:12:24.876874+00:00","No game log found (possible DNP or API delay)"
"2026-03-01T18:23:35.751461-05:00","DAL Mavericks vs OKC Thunder (8:10 PM EST)","Isaiah Hartenstein","Rebounds","Under","8.5","-105","HardRockBet","5.97","70.0","10","False","FD at -136, DK at -125, ESPN at -120","201","3d268484ec4724f35d87620826643242","2026-03-02T01:10:00+00:00","player_rebounds","True","Void","DNP or no data","2026-03-02T07:12:24.876874+00:00","No game log found (possible DNP or API delay)"
"2026-03-01T18:23:38.523634-05:00","DAL Mavericks vs OKC Thunder (8:10 PM EST)","Isaiah Hartenstein","Rebounds","Under","8.5","100","BetMGM","8.56","70.0","10","True","FD at -136, DK at -125, ESPN at -120","201","3d268484ec4724f35d87620826643242","2026-03-02T01:10:00+00:00","player_rebounds","True","Void","DNP or no data","2026-03-02T07:12:24.876874+00:00","No game log found (possible DNP or API delay)"
"2026-03-01T18:23:44.700086-05:00","DAL Mavericks vs OKC Thunder (8:10 PM EST)","Cason Wallace","Rebounds Assists","Over","6.5","110","BetMGM","2.82","90.0","10","False","FD at -108, DK at -105, ESPN at 105","56677833","3d268484ec4724f35d87620826643242","2026-03-02T01:10:00+00:00","player_rebounds_assists","True","Void","DNP or no data","2026-03-02T07:12:24.876874+00:00","No game log found (possible DNP or API delay)"
"2026-03-01T18:23:59.161448-05:00","LAC Clippers vs NOP Pelicans (9:10 PM EST)","Dejounte Murray","Threes","Under","1.5","-110","HardRockBet","5.83","50.0","2","False","FD at -142, DK at -119, ESPN at -125","334","7ef96743c87da2d41e5269fb5d3ac078","2026-03-02T02:10:00+00:00","player_threes","True","Void","DNP or no data","2026-03-02T08:12:37.983154+00:00","No game log found (possible DNP or API delay)"
"2026-03-01T18:27:26.241772-05:00","DAL Mavericks vs OKC Thunder (8:10 PM EST)","Klay Thompson","Points","Over","12.5","-102","Caesars","3.74","30.0","10","False","FD at -125, ESPN at -105, Pinnacle at -115","443","3d268484ec4724f35d87620826643242","2026-03-02T01:10:00+00:00","player_points","True","Void","DNP or no data","2026-03-02T07:12:24.876874+00:00","No game log found (possible DNP or API delay)"
"2026-03-01T18:27:28.934138-05:00","LAC Clippers vs NOP Pelicans (9:10 PM EST)","John Collins","Points Rebounds","Under","20.5","100","BetMGM","3.75","30.0","10","False","FD at -122, DK at -108, ESPN at -115","101","7ef96743c87da2d41e5269fb5d3ac078","2026-03-02T02:10:00+00:00","player_points_rebounds","True","Void","DNP or no data","2026-03-02T08:12:37.983154+00:00","No game log found (possible DNP or API delay)"
"2026-03-01T18:27:31.009033-05:00","LAC Clippers vs NOP Pelicans (9:10 PM EST)","Dejounte Murray","Rebounds Assists","Under","9.5","105","HardRockBet","3.35","50.0","2","False","FD at -115, DK at -111, ESPN at -115","334","7ef96743c87da2d41e5269fb5d3ac078","2026-03-02T02:10:00+00:00","player_rebounds_assists","True","Void","DNP or no data","2026-03-02T08:12:37.983154+00:00","No game log found (possible DNP or API delay)"
"2026-03-01T18:34:02.860777-05:00","DAL Mavericks vs OKC Thunder (8:10 PM EST)","Isaiah Hartenstein","Rebounds","Under","8.5","-114","BetParx","1.89","70.0","10","False","FD at -136, DK at -138, ESPN at -120","201","3d268484ec4724f35d87620826643242","2026-03-02T01:10:00+00:00","player_rebounds","True","Void","DNP or no data","2026-03-02T07:12:24.876874+00:00","No game log found (possible DNP or API delay)"
"2026-03-01T18:34:09.068114-05:00","DAL Mavericks vs OKC Thunder (8:10 PM EST)","Isaiah Hartenstein","Points Rebounds Assists","Under","22.5","100","BetRivers","2.08","60.0","10","False","FD at -118, DK at -121, ESPN at -110","201","3d268484ec4724f35d87620826643242","2026-03-02T01:10:00+00:00","player_points_rebounds_assists","True","Void","DNP or no data","2026-03-02T07:12:24.876874+00:00","No game log found (possible DNP or API delay)"
"2026-03-01T18:34:11.597067-05:00","DAL Mavericks vs OKC Thunder (8:10 PM EST)","Isaiah Hartenstein","Points Rebounds Assists","Under","22.5","100","BetParx","2.08","60.0","10","False","FD at -118, DK at -121, ESPN at -110","201","3d268484ec4724f35d87620826643242","2026-03-02T01:10:00+00:00","player_points_rebounds_assists","True","Void","DNP or no data","2026-03-02T07:12:24.876874+00:00","No game log found (possible DNP or API delay)"
"2026-03-01T18:37:49.971939-05:00","BOS Celtics vs PHI 76ers (8:10 PM EST)","Jaylen Brown","Rebounds","Under","6.5","110","BetMGM","4.13","20.0","10","False","FD at -111, DK at 102, ESPN at 100, Pinnacle at -112","70","7129ee2856df2237632c277ccbc657f7","2026-03-02T01:10:00+00:00","player_rebounds","True","Void","DNP or no data","2026-03-02T07:12:24.876874+00:00","No game log found (possible DNP or API delay)"
"2026-03-01T18:37:56.446540-05:00","BOS Celtics vs PHI 76ers (8:10 PM EST)","Nikola Vucevic","Threes","Under","1.5","-159","DraftKings","7.18","80.0","10","True","FD at -230, DK at -159, ESPN at -215","460","7129ee2856df2237632c277ccbc657f7","2026-03-02T01:10:00+00:00","player_threes","True","Void","DNP or no data","2026-03-02T07:12:24.876874+00:00","No game log found (possible DNP or API delay)"
"2026-03-01T18:38:03.362121-05:00","DAL Mavericks vs OKC Thunder (8:10 PM EST)","Klay Thompson","Points","Over","12.5","-102","Caesars","2.73","30.0","10","False","FD at -122, ESPN at -105, Pinnacle at -115","443","3d268484ec4724f35d87620826643242","2026-03-02T01:10:00+00:00","player_points","True","Void","DNP or no data","2026-03-02T07:12:24.876874+00:00","No game log found (possible DNP or API delay)"
"2026-03-01T18:38:13.266629-05:00","DAL Mavericks vs OKC Thunder (8:10 PM EST)","Cason Wallace","Points Assists","Under","13.5","100","BetMGM","2.84","30.0","10","False","FD at -122, DK at -112, ESPN at -115","56677833","3d268484ec4724f35d87620826643242","2026-03-02T01:10:00+00:00","player_points_assists","True","Void","DNP or no data","2026-03-02T07:12:24.876874+00:00","No game log found (possible DNP or API delay)"
"2026-03-01T18:38:20.621368-05:00","DAL Mavericks vs OKC Thunder (8:10 PM EST)","Chet Holmgren","Rebounds Assists","Over","10.5","-114","DraftKings","1.89","70.0","10","False","FD at -136, DK at -114, ESPN at -140","38017685","3d268484ec4724f35d87620826643242","2026-03-02T01:10:00+00:00","player_rebounds_assists","True","Void","DNP or no data","2026-03-02T07:12:24.876874+00:00","No game log found (possible DNP or API delay)"
"2026-03-01T18:38:26.761588-05:00","LAC Clippers vs NOP Pelicans (9:10 PM EST)","Dejounte Murray","Threes","Under","1.5","-110","HardRockBet","5.11","50.0","2","False","FD at -140, DK at -119, ESPN at -125","334","7ef96743c87da2d41e5269fb5d3ac078","2026-03-02T02:10:00+00:00","player_threes","True","Void","DNP or no data","2026-03-02T08:12:37.983154+00:00","No game log found (possible DNP or API delay)"
"2026-03-01T18:38:33.205218-05:00","LAL Lakers vs SAC Kings (9:40 PM EST)","Devin Carter","Points Assists","Under","14.5","-105","HardRockBet","3.92","30.0","10","False","FD at -132, DK at -115, ESPN at -120","1028025242","517d3f658ed7692ebe7eaea81aa3c1ef","2026-03-02T02:40:00+00:00","player_points_assists","True","Void","DNP or no data","2026-03-02T08:42:40.832631+00:00","No game log found (possible DNP or API delay)"
"2026-03-01T18:41:44.026352-05:00","BOS Celtics vs PHI 76ers (8:10 PM EST)","Payton Pritchard","Rebounds","Over","3.5","107","DraftKings","3.5","50.0","10","False","FD at -113, DK at 107, ESPN at -105","3547276","7129ee2856df2237632c277ccbc657f7","2026-03-02T01:10:00+00:00","player_rebounds","True","Void","DNP or no data","2026-03-02T07:12:24.876874+00:00","No game log found (possible DNP or API delay)"
"2026-03-01T18:41:46.302606-05:00","BOS Celtics vs PHI 76ers (8:10 PM EST)","Payton Pritchard","Threes","Under","2.5","105","HardRockBet","4.63","40.0","10","False","FD at -118, DK at -120, ESPN at -115","3547276","7129ee2856df2237632c277ccbc657f7","2026-03-02T01:10:00+00:00","player_threes","True","Void","DNP or no data","2026-03-02T07:12:24.876874+00:00","No game log found (possible DNP or API delay)"
"2026-03-01T18:41:50.470280-05:00","DAL Mavericks vs OKC Thunder (8:10 PM EST)","Shai Gilgeous-Alexander","Assists","Under","6.5","110","HardRockBet","1.94","50.0","10","False","FD at -106, DK at -104, ESPN at -110, Pinnacle at -118","175","3d268484ec4724f35d87620826643242","2026-03-02T01:10:00+00:00","player_assists","True","Void","DNP or no data","2026-03-02T07:12:24.876874+00:00","No game log found (possible DNP or API delay)"
"2026-03-01T18:41:52.827026-05:00","LAC Clippers vs NOP Pelicans (9:10 PM EST)","Dejounte Murray","Threes","Under","1.5","-110","HardRockBet","5.83","50.0","2","False","FD at -142, DK at -119, ESPN at -125","334","7ef96743c87da2d41e5269fb5d3ac078","2026-03-02T02:10:00+00:00","player_threes","True","Void","DNP or no data","2026-03-02T08:12:37.983154+00:00","No game log found (possible DNP or API delay)"
"2026-03-01T18:45:00.233011-05:00","BOS Celtics vs PHI 76ers (8:10 PM EST)","Payton Pritchard","Threes","Under","2.5","105","HardRockBet","3.35","40.0","10","False","FD at -115, DK at -116, ESPN at -115","3547276","7129ee2856df2237632c277ccbc657f7","2026-03-02T01:10:00+00:00","player_threes","True","Void","DNP or no data","2026-03-02T07:12:24.876874+00:00","No game log found (possible DNP or API delay)"
"2026-03-01T18:45:11.329887-05:00","DAL Mavericks vs OKC Thunder (8:10 PM EST)","Isaiah Hartenstein","Points Rebounds Assists","Under","22.5","102","BetParx","1.84","60.0","10","False","FD at -115, DK at -121, ESPN at -115","201","3d268484ec4724f35d87620826643242","2026-03-02T01:10:00+00:00","player_points_rebounds_assists","True","Void","DNP or no data","2026-03-02T07:12:24.876874+00:00","No game log found (possible DNP or API delay)"
"2026-03-01T18:45:23.364080-05:00","LAC Clippers vs NOP Pelicans (9:10 PM EST)","John Collins","Points Rebounds","Under","20.5","100","BetMGM","4.77","30.0","10","False","FD at -125, DK at -116, ESPN at -115","101","7ef96743c87da2d41e5269fb5d3ac078","2026-03-02T02:10:00+00:00","player_points_rebounds","True","Void","DNP or no data","2026-03-02T08:12:37.983154+00:00","No game log found (possible DNP or API delay)"
"2026-03-01T18:45:30.352570-05:00","LAC Clippers vs NOP Pelicans (9:10 PM EST)","Dejounte Murray","Rebounds Assists","Under","9.5","105","HardRockBet","4.63","50.0","2","False","FD at -118, DK at -111, ESPN at -110","334","7ef96743c87da2d41e5269fb5d3ac078","2026-03-02T02:10:00+00:00","player_rebounds_assists","True","Void","DNP or no data","2026-03-02T08:12:37.983154+00:00","No game log found (possible DNP or API delay)"
"2026-03-01T18:45:34.636238-05:00","LAC Clippers vs NOP Pelicans (9:10 PM EST)","Dejounte Murray","Threes","Under","1.5","-110","HardRockBet","5.11","50.0","2","False","FD at -140, DK at -119, ESPN at -125","334","7ef96743c87da2d41e5269fb5d3ac078","2026-03-02T02:10:00+00:00","player_threes","True","Void","DNP or no data","2026-03-02T08:12:37.983154+00:00","No game log found (possible DNP or API delay)"
"2026-03-01T18:48:57.798811-05:00","BOS Celtics vs PHI 76ers (8:10 PM EST)","Jaylen Brown","Rebounds","Under","6.5","110","BetMGM","5.0","20.0","10","False","FD at -113, DK at 102, ESPN at -105, Pinnacle at -112","70","7129ee2856df2237632c277ccbc657f7","2026-03-02T01:10:00+00:00","player_rebounds","True","Void","DNP or no data","2026-03-02T07:12:24.876874+00:00","No game log found (possible DNP or API delay)"
"2026-03-01T18:49:08.263715-05:00","BOS Celtics vs PHI 76ers (8:10 PM EST)","Jaylen Brown","Rebounds Assists","Over","11.5","102","FanDuel","3.75","60.0","10","False","ESPN at -120, DK at -124","70","7129ee2856df2237632c277ccbc657f7","2026-03-02T01:10:00+00:00","player_rebounds_assists","True","Void","DNP or no data","2026-03-02T07:12:24.876874+00:00","No game log found (possible DNP or API delay)"
"2026-03-01T18:49:10.940346-05:00","BOS Celtics vs PHI 76ers (8:10 PM EST)","Payton Pritchard","Threes","Under","2.5","105","HardRockBet","4.63","40.0","10","False","FD at -118, DK at -116, ESPN at -115","3547276","7129ee2856df2237632c277ccbc657f7","2026-03-02T01:10:00+00:00","player_threes","True","Void","DNP or no data","2026-03-02T07:12:24.876874+00:00","No game log found (possible DNP or API delay)"
"2026-03-01T18:49:21.740878-05:00","DAL Mavericks vs OKC Thunder (8:10 PM EST)","Cason Wallace","Points Assists","Under","13.5","100","BetMGM","3.83","30.0","10","False","FD at -125, DK at -112, ESPN at -115","56677833","3d268484ec4724f35d87620826643242","2026-03-02T01:10:00+00:00","player_points_assists","True","Void","DNP or no data","2026-03-02T07:12:24.876874+00:00","No game log found (possible DNP or API delay)"
"2026-03-01T18:49:28.553404-05:00","DAL Mavericks vs OKC Thunder (8:10 PM EST)","Cason Wallace","Rebounds Assists","Over","6.5","110","BetMGM","4.13","90.0","10","False","FD at -111, DK at -105, ESPN at 105","56677833","3d268484ec4724f35d87620826643242","2026-03-02T01:10:00+00:00","player_rebounds_assists","True","Void","DNP or no data","2026-03-02T07:12:24.876874+00:00","No game log found (possible DNP or API delay)"
"2026-03-01T18:49:35.481332-05:00","LAC Clippers vs NOP Pelicans (9:10 PM EST)","John Collins","Points Rebounds","Under","20.5","100","BetMGM","2.91","30.0","10","False","FD at -120, DK at -116, ESPN at -120","101","7ef96743c87da2d41e5269fb5d3ac078","2026-03-02T02:10:00+00:00","player_points_rebounds","True","Void","DNP or no data","2026-03-02T08:12:37.983154+00:00","No game log found (possible DNP or API delay)"
"2026-03-01T18:49:38.387612-05:00","LAC Clippers vs NOP Pelicans (9:10 PM EST)","Dejounte Murray","Rebounds Assists","Under","9.5","105","HardRockBet","2.5","50.0","2","False","FD at -113, DK at -107, ESPN at -115","334","7ef96743c87da2d41e5269fb5d3ac078","2026-03-02T02:10:00+00:00","player_rebounds_assists","True","Void","DNP or no data","2026-03-02T08:12:37.983154+00:00","No game log found (possible DNP or API delay)"
"2026-03-01T18:52:53.518773-05:00","BOS Celtics vs PHI 76ers (8:10 PM EST)","Jaylen Brown","Rebounds","Under","6.5","110","BetMGM","4.13","20.0","10","False","FD at -111, DK at 102, ESPN at -105, Pinnacle at -112","70","7129ee2856df2237632c277ccbc657f7","2026-03-02T01:10:00+00:00","player_rebounds","True","Void","DNP or no data","2026-03-02T07:12:24.876874+00:00","No game log found (possible DNP or API delay)"
"2026-03-01T18:52:56.873345-05:00","LAC Clippers vs NOP Pelicans (9:10 PM EST)","John Collins","Points Rebounds","Under","20.5","100","BetMGM","3.75","30.0","10","False","FD at -122, DK at -111, ESPN at -115","101","7ef96743c87da2d41e5269fb5d3ac078","2026-03-02T02:10:00+00:00","player_points_rebounds","True","Void","DNP or no data","2026-03-02T08:12:37.983154+00:00","No game log found (possible DNP or API delay)"
"2026-03-01T18:52:59.346901-05:00","LAC Clippers vs NOP Pelicans (9:10 PM EST)","Dejounte Murray","Threes","Under","1.5","-110","HardRockBet","5.83","50.0","2","False","FD at -142, DK at -119, ESPN at -125","334","7ef96743c87da2d41e5269fb5d3ac078","2026-03-02T02:10:00+00:00","player_threes","True","Void","DNP or no data","2026-03-02T08:12:37.983154+00:00","No game log found (possible DNP or API delay)"
"2026-03-01T18:56:02.947167-05:00","BOS Celtics vs PHI 76ers (8:10 PM EST)","Tyrese Maxey","Assists","Under","6.5","100","BetParx","2.91","50.0","10","False","FD at -120, DK at -130, ESPN at -120, Pinnacle at -117","3547254","7129ee2856df2237632c277ccbc657f7","2026-03-02T01:10:00+00:00","player_assists","True","Void","DNP or no data","2026-03-02T07:12:24.876874+00:00","No game log found (possible DNP or API delay)"
"2026-03-01T18:56:25.609531-05:00","LAC Clippers vs NOP Pelicans (9:10 PM EST)","John Collins","Points Rebounds","Under","20.5","100","BetMGM","2.91","30.0","10","False","FD at -120, DK at -111, ESPN at -115","101","7ef96743c87da2d41e5269fb5d3ac078","2026-03-02T02:10:00+00:00","player_points_rebounds","True","Void","DNP or no data","2026-03-02T08:12:37.983154+00:00","No game log found (possible DNP or API delay)"
"2026-03-01T18:56:31.539920-05:00","LAC Clippers vs NOP Pelicans (9:10 PM EST)","Dejounte Murray","Threes","Under","1.5","-110","HardRockBet","5.11","50.0","2","False","FD at -140, DK at -119, ESPN at -125","334","7ef96743c87da2d41e5269fb5d3ac078","2026-03-02T02:10:00+00:00","player_threes","True","Void","DNP or no data","2026-03-02T08:12:37.983154+00:00","No game log found (possible DNP or API delay)"
"2026-03-01T18:56:46.301723-05:00","LAL Lakers vs SAC Kings (9:40 PM EST)","Austin Reaves","Assists","Under","4.5","-121","DraftKings","4.39","70.0","10","False","FD at -154, DK at -121, ESPN at -145","17553995","517d3f658ed7692ebe7eaea81aa3c1ef","2026-03-02T02:40:00+00:00","player_assists","True","Void","DNP or no data","2026-03-02T08:42:40.832631+00:00","No game log found (possible DNP or API delay)"
"2026-03-01T18:59:57.394254-05:00","BOS Celtics vs PHI 76ers (8:10 PM EST)","Payton Pritchard","Threes","Under","2.5","105","HardRockBet","5.49","40.0","10","False","FD at -120, DK at -116, ESPN at -115","3547276","7129ee2856df2237632c277ccbc657f7","2026-03-02T01:10:00+00:00","player_threes","True","Void","DNP or no data","2026-03-02T07:12:24.876874+00:00","No game log found (possible DNP or API delay)"
"2026-03-01T19:00:16.321687-05:00","DAL Mavericks vs OKC Thunder (8:10 PM EST)","Cason Wallace","Rebounds Assists","Over","6.5","110","BetMGM","2.82","90.0","10","False","FD at -108, DK at -105, ESPN at 105","56677833","3d268484ec4724f35d87620826643242","2026-03-02T01:10:00+00:00","player_rebounds_assists","True","Void","DNP or no data","2026-03-02T07:12:24.876874+00:00","No game log found (possible DNP or API delay)"
"2026-03-01T19:00:26.149914-05:00","DAL Mavericks vs OKC Thunder (8:10 PM EST)","Isaiah Hartenstein","Points Rebounds Assists","Under","22.5","100","BetParx","2.08","60.0","10","False","FD at -118, DK at -121, ESPN at -120","201","3d268484ec4724f35d87620826643242","2026-03-02T01:10:00+00:00","player_points_rebounds_assists","True","Void","DNP or no data","2026-03-02T07:12:24.876874+00:00","No game log found (possible DNP or API delay)"
"2026-03-01T19:00:39.878332-05:00","LAC Clippers vs NOP Pelicans (9:10 PM EST)","Dejounte Murray","Threes","Under","1.5","-110","HardRockBet","5.83","50.0","2","False","FD at -142, DK at -119, ESPN at -125","334","7ef96743c87da2d41e5269fb5d3ac078","2026-03-02T02:10:00+00:00","player_threes","True","Void","DNP or no data","2026-03-02T08:12:37.983154+00:00","No game log found (possible DNP or API delay)"
"2026-03-01T19:03:51.614619-05:00","BOS Celtics vs PHI 76ers (8:10 PM EST)","VJ Edgecombe","Rebounds","Under","5.5","-124","DraftKings","6.47","20.0","10","False","FD at -166, DK at -124, ESPN at -150, Pinnacle at -146","1057261935","7129ee2856df2237632c277ccbc657f7","2026-03-02T01:10:00+00:00","player_rebounds","True","Void","DNP or no data","2026-03-02T07:12:24.876874+00:00","No game log found (possible DNP or API delay)"
"2026-03-01T19:07:25.938405-05:00","LAC Clippers vs NOP Pelicans (9:10 PM EST)","John Collins","Points Rebounds","Under","20.5","100","BetMGM","4.77","30.0","10","False","FD at -125, DK at -111, ESPN at -115","101","7ef96743c87da2d41e5269fb5d3ac078","2026-03-02T02:10:00+00:00","player_points_rebounds","True","Void","DNP or no data","2026-03-02T08:12:37.983154+00:00","No game log found (possible DNP or API delay)"
"2026-03-01T19:07:32.062120-05:00","LAC Clippers vs NOP Pelicans (9:10 PM EST)","Dejounte Murray","Threes","Under","1.5","-110","HardRockBet","6.81","50.0","2","False","FD at -146, DK at -119, ESPN at -125","334","7ef96743c87da2d41e5269fb5d3ac078","2026-03-02T02:10:00+00:00","player_threes","True","Void","DNP or no data","2026-03-02T08:12:37.983154+00:00","No game log found (possible DNP or API delay)"
"2026-03-01T19:07:47.504386-05:00","LAL Lakers vs SAC Kings (9:40 PM EST)","LeBron James","Rebounds Assists","Under","12.5","100","HardRockBet","2.91","40.0","10","False","FD at -120, DK at -112, ESPN at -115","237","517d3f658ed7692ebe7eaea81aa3c1ef","2026-03-02T02:40:00+00:00","player_rebounds_assists","True","Void","DNP or no data","2026-03-02T08:42:40.832631+00:00","No game log found (possible DNP or API delay)"
"2026-03-01T19:11:04.114167-05:00","BOS Celtics vs PHI 76ers (8:10 PM EST)","Jaylen Brown","Rebounds Assists","Under","11.5","104","DraftKings","2.85","40.0","10","False","FD at -115, DK at 104, ESPN at -115","70","7129ee2856df2237632c277ccbc657f7","2026-03-02T01:10:00+00:00","player_rebounds_assists","True","Void","DNP or no data","2026-03-02T07:12:24.876874+00:00","No game log found (possible DNP or API delay)"
"2026-03-01T19:11:23.648669-05:00","LAC Clippers vs NOP Pelicans (9:10 PM EST)","John Collins","Points Rebounds","Under","20.5","100","BetMGM","3.75","30.0","10","False","FD at -122, DK at -111, ESPN at -115","101","7ef96743c87da2d41e5269fb5d3ac078","2026-03-02T02:10:00+00:00","player_points_rebounds","True","Void","DNP or no data","2026-03-02T08:12:37.983154+00:00","No game log found (possible DNP or API delay)"
"2026-03-01T19:11:30.188521-05:00","LAC Clippers vs NOP Pelicans (9:10 PM EST)","Dejounte Murray","Threes","Under","1.5","-110","HardRockBet","5.83","50.0","2","False","FD at -142, DK at -119, ESPN at -125","334","7ef96743c87da2d41e5269fb5d3ac078","2026-03-02T02:10:00+00:00","player_threes","True","Void","DNP or no data","2026-03-02T08:12:37.983154+00:00","No game log found (possible DNP or API delay)"
"2026-03-01T19:14:48.878320-05:00","LAC Clippers vs NOP Pelicans (9:10 PM EST)","John Collins","Points Rebounds","Under","20.5","100","BetMGM","4.77","30.0","10","False","FD at -125, DK at -111, ESPN at -115","101","7ef96743c87da2d41e5269fb5d3ac078","2026-03-02T02:10:00+00:00","player_points_rebounds","True","Void","DNP or no data","2026-03-02T08:12:37.983154+00:00","No game log found (possible DNP or API delay)"
"2026-03-01T19:17:53.923531-05:00","BOS Celtics vs PHI 76ers (8:10 PM EST)","Neemias Queta","Rebounds","Under","7.5","-107","DraftKings","5.76","50.0","10","False","FD at -138, DK at -107, ESPN at -140, Pinnacle at -125","17553967","7129ee2856df2237632c277ccbc657f7","2026-03-02T01:10:00+00:00","player_rebounds","True","Void","DNP or no data","2026-03-02T07:12:24.876874+00:00","No game log found (possible DNP or API delay)"
"2026-03-01T19:18:01.495939-05:00","BOS Celtics vs PHI 76ers (8:10 PM EST)","VJ Edgecombe","Points Assists","Under","18.5","100","HardRockBet","2.02","40.0","10","False","FD at -120, DK at -117, ESPN at -120","1057261935","7129ee2856df2237632c277ccbc657f7","2026-03-02T01:10:00+00:00","player_points_assists","True","Void","DNP or no data","2026-03-02T07:12:24.876874+00:00","No game log found (possible DNP or API delay)"
"2026-03-01T19:18:04.801161-05:00","BOS Celtics vs PHI 76ers (8:10 PM EST)","VJ Edgecombe","Points Assists","Under","18.5","100","BetMGM","2.02","40.0","10","False","FD at -120, DK at -117, ESPN at -120","1057261935","7129ee2856df2237632c277ccbc657f7","2026-03-02T01:10:00+00:00","player_points_assists","True","Void","DNP or no data","2026-03-02T07:12:24.876874+00:00","No game log found (possible DNP or API delay)"
"2026-03-01T19:18:29.418794-05:00","LAC Clippers vs NOP Pelicans (9:10 PM EST)","John Collins","Points Rebounds","Under","20.5","100","BetMGM","5.79","30.0","10","False","FD at -128, ESPN at -115","101","7ef96743c87da2d41e5269fb5d3ac078","2026-03-02T02:10:00+00:00","player_points_rebounds","True","Void","DNP or no data","2026-03-02T08:12:37.983154+00:00","No game log found (possible DNP or API delay)"
"2026-03-01T19:22:07.051938-05:00","DAL Mavericks vs OKC Thunder (8:10 PM EST)","Jared McCain","Points","Under","9.5","-108","Caesars","1.87","40.0","10","False","FD at -128, DK at -117, ESPN at -130, Pinnacle at -123","1028027372","3d268484ec4724f35d87620826643242","2026-03-02T01:10:00+00:00","player_points","True","Void","DNP or no data","2026-03-02T07:12:24.876874+00:00","No game log found (possible DNP or API delay)"
"2026-03-01T19:22:17.753824-05:00","DAL Mavericks vs OKC Thunder (8:10 PM EST)","Isaiah Hartenstein","Points Rebounds Assists","Under","22.5","100","BetRivers","2.91","60.0","10","False","FD at -120, DK at -123, ESPN at -120","201","3d268484ec4724f35d87620826643242","2026-03-02T01:10:00+00:00","player_points_rebounds_assists","True","Void","DNP or no data","2026-03-02T07:12:24.876874+00:00","No game log found (possible DNP or API delay)"
"2026-03-01T19:22:19.921280-05:00","DAL Mavericks vs OKC Thunder (8:10 PM EST)","Isaiah Hartenstein","Points Rebounds Assists","Under","22.5","100","BetParx","2.91","60.0","10","False","FD at -120, DK at -123, ESPN at -120","201","3d268484ec4724f35d87620826643242","2026-03-02T01:10:00+00:00","player_points_rebounds_assists","True","Void","DNP or no data","2026-03-02T07:12:24.876874+00:00","No game log found (possible DNP or API delay)"
"2026-03-01T19:22:22.631075-05:00","LAC Clippers vs NOP Pelicans (9:10 PM EST)","John Collins","Points Rebounds","Under","20.5","100","BetMGM","3.75","30.0","10","False","FD at -122, DK at -116, ESPN at -120","101","7ef96743c87da2d41e5269fb5d3ac078","2026-03-02T02:10:00+00:00","player_points_rebounds","True","Void","DNP or no data","2026-03-02T08:12:37.983154+00:00","No game log found (possible DNP or API delay)"
"2026-03-01T19:22:33.510952-05:00","LAC Clippers vs NOP Pelicans (9:10 PM EST)","Dejounte Murray","Threes","Under","1.5","-105","HardRockBet","9.23","50.0","2","False","FD at -146, DK at -119","334","7ef96743c87da2d41e5269fb5d3ac078","2026-03-02T02:10:00+00:00","player_threes","True","Void","DNP or no data","2026-03-02T08:12:37.983154+00:00","No game log found (possible DNP or API delay)"
"2026-03-01T19:22:36.539782-05:00","LAL Lakers vs SAC Kings (9:40 PM EST)","Marcus Smart","Points","Over","7.5","110","HardRockBet","4.13","50.0","10","False","FD at -111, ESPN at -110, Pinnacle at -109","420","517d3f658ed7692ebe7eaea81aa3c1ef","2026-03-02T02:40:00+00:00","player_points","True","Void","DNP or no data","2026-03-02T08:42:40.832631+00:00","No game log found (possible DNP or API delay)"
"2026-03-01T19:22:39.389745-05:00","LAL Lakers vs SAC Kings (9:40 PM EST)","LeBron James","Rebounds Assists","Under","12.5","100","HardRockBet","2.08","40.0","10","False","FD at -118, DK at -112, ESPN at -120","237","517d3f658ed7692ebe7eaea81aa3c1ef","2026-03-02T02:40:00+00:00","player_rebounds_assists","True","Void","DNP or no data","2026-03-02T08:42:40.832631+00:00","No game log found (possible DNP or API delay)"
"2026-03-01T19:29:00.309017-05:00","BOS Celtics vs PHI 76ers (8:10 PM EST)","VJ Edgecombe","Points Assists","Under","18.5","100","HardRockBet","2.84","40.0","10","False","FD at -122, DK at -124, ESPN at -120","1057261935","7129ee2856df2237632c277ccbc657f7","2026-03-02T01:10:00+00:00","player_points_assists","True","Void","DNP or no data","2026-03-02T07:12:24.876874+00:00","No game log found (possible DNP or API delay)"
"2026-03-01T19:29:03.591591-05:00","BOS Celtics vs PHI 76ers (8:10 PM EST)","VJ Edgecombe","Points Assists","Under","18.5","100","BetMGM","2.84","40.0","10","False","FD at -122, DK at -124, ESPN at -120","1057261935","7129ee2856df2237632c277ccbc657f7","2026-03-02T01:10:00+00:00","player_points_assists","True","Void","DNP or no data","2026-03-02T07:12:24.876874+00:00","No game log found (possible DNP or API delay)"
"2026-03-01T19:29:10.348808-05:00","BOS Celtics vs PHI 76ers (8:10 PM EST)","Nikola Vucevic","Threes","Under","1.5","-167","DraftKings","2.82","80.0","10","False","FD at -215, DK at -167, ESPN at -240","460","7129ee2856df2237632c277ccbc657f7","2026-03-02T01:10:00+00:00","player_threes","True","Void","DNP or no data","2026-03-02T07:12:24.876874+00:00","No game log found (possible DNP or API delay)"
"2026-03-01T19:29:25.429220-05:00","LAC Clippers vs NOP Pelicans (9:10 PM EST)","Dejounte Murray","Threes","Under","1.5","-110","HardRockBet","5.83","50.0","2","False","FD at -142, DK at -131, ESPN at -130","334","7ef96743c87da2d41e5269fb5d3ac078","2026-03-02T02:10:00+00:00","player_threes","True","Void","DNP or no data","2026-03-02T08:12:37.983154+00:00","No game log found (possible DNP or API delay)"
"2026-03-01T19:32:55.050498-05:00","BOS Celtics vs PHI 76ers (8:10 PM EST)","Quentin Grimes","Points","Under","10.5","107","Caesars","4.36","50.0","10","False","FD at -115, DK at 101, ESPN at -115","17895858","7129ee2856df2237632c277ccbc657f7","2026-03-02T01:10:00+00:00","player_points","True","Void","DNP or no data","2026-03-02T07:12:24.876874+00:00","No game log found (possible DNP or API delay)"
"2026-03-01T19:33:05.909821-05:00","LAC Clippers vs NOP Pelicans (9:10 PM EST)","Kawhi Leonard","Rebounds","Under","6.5","107","BetRivers","3.5","30.0","10","False","FD at -113, DK at -103, ESPN at -110, Pinnacle at -133","274","7ef96743c87da2d41e5269fb5d3ac078","2026-03-02T02:10:00+00:00","player_rebounds","True","Void","DNP or no data","2026-03-02T08:12:37.983154+00:00","No game log found (possible DNP or API delay)"
"2026-03-01T19:33:08.267361-05:00","LAC Clippers vs NOP Pelicans (9:10 PM EST)","Kawhi Leonard","Rebounds","Under","6.5","108","BetParx","4.0","30.0","10","False","FD at -113, DK at -103, ESPN at -110, Pinnacle at -133","274","7ef96743c87da2d41e5269fb5d3ac078","2026-03-02T02:10:00+00:00","player_rebounds","True","Void","DNP or no data","2026-03-02T08:12:37.983154+00:00","No game log found (possible DNP or API delay)"
"2026-03-01T19:33:14.591061-05:00","LAC Clippers vs NOP Pelicans (9:10 PM EST)","Dejounte Murray","Threes","Under","1.5","-110","HardRockBet","6.81","50.0","2","False","FD at -146, DK at -131","334","7ef96743c87da2d41e5269fb5d3ac078","2026-03-02T02:10:00+00:00","player_threes","True","Void","DNP or no data","2026-03-02T08:12:37.983154+00:00","No game log found (possible DNP or API delay)"
"2026-03-01T19:36:22.193160-05:00","BOS Celtics vs PHI 76ers (8:10 PM EST)","VJ Edgecombe","Assists","Over","3.5","104","BetParx","2.0","30.0","10","False","FD at -113, DK at -115, ESPN at -115","1057261935","7129ee2856df2237632c277ccbc657f7","2026-03-02T01:10:00+00:00","player_assists","True","Void","DNP or no data","2026-03-02T07:12:24.876874+00:00","No game log found (possible DNP or API delay)"
"2026-03-01T19:36:29.163340-05:00","DAL Mavericks vs OKC Thunder (8:10 PM EST)","Cason Wallace","Rebounds Assists","Over","6.5","110","BetMGM","4.13","90.0","10","False","FD at -111, DK at -106, ESPN at 100","56677833","3d268484ec4724f35d87620826643242","2026-03-02T01:10:00+00:00","player_rebounds_assists","True","Void","DNP or no data","2026-03-02T07:12:24.876874+00:00","No game log found (possible DNP or API delay)"
"2026-03-01T19:36:36.794716-05:00","LAC Clippers vs NOP Pelicans (9:10 PM EST)","Dejounte Murray","Assists","Under","5.5","-130","BetMGM","5.02","50.0","2","False","FD at -170, DK at -141, ESPN at -165","334","7ef96743c87da2d41e5269fb5d3ac078","2026-03-02T02:10:00+00:00","player_assists","True","Void","DNP or no data","2026-03-02T08:12:37.983154+00:00","No game log found (possible DNP or API delay)"
"2026-03-01T19:36:39.073682-05:00","LAC Clippers vs NOP Pelicans (9:10 PM EST)","Dejounte Murray","Threes","Under","1.5","-110","HardRockBet","5.83","50.0","2","False","FD at -142, DK at -131, ESPN at -130","334","7ef96743c87da2d41e5269fb5d3ac078","2026-03-02T02:10:00+00:00","player_threes","True","Void","DNP or no data","2026-03-02T08:12:37.983154+00:00","No game log found (possible DNP or API delay)"
"2026-03-01T19:39:50.849685-05:00","DAL Mavericks vs OKC Thunder (8:10 PM EST)","Cason Wallace","Rebounds Assists","Over","6.5","110","BetMGM","2.82","90.0","10","False","FD at -108, DK at -106, ESPN at 100","56677833","3d268484ec4724f35d87620826643242","2026-03-02T01:10:00+00:00","player_rebounds_assists","True","Void","DNP or no data","2026-03-02T07:12:24.876874+00:00","No game log found (possible DNP or API delay)"
"2026-03-01T19:39:57.265828-05:00","LAC Clippers vs NOP Pelicans (9:10 PM EST)","Jeremiah Fears","Points","Under","12.5","104","BetParx","2.0","50.0","10","False","FD at -113, DK at -119, ESPN at -110","1057267077","7ef96743c87da2d41e5269fb5d3ac078","2026-03-02T02:10:00+00:00","player_points","True","Void","DNP or no data","2026-03-02T08:12:37.983154+00:00","No game log found (possible DNP or API delay)"
"2026-03-01T19:40:04.008153-05:00","LAC Clippers vs NOP Pelicans (9:10 PM EST)","Dejounte Murray","Assists","Under","5.5","-130","BetMGM","4.27","50.0","2","False","FD at -166, DK at -141, ESPN at -165","334","7ef96743c87da2d41e5269fb5d3ac078","2026-03-02T02:10:00+00:00","player_assists","True","Void","DNP or no data","2026-03-02T08:12:37.983154+00:00","No game log found (possible DNP or API delay)"
"2026-03-01T19:40:10.293016-05:00","LAC Clippers vs NOP Pelicans (9:10 PM EST)","Dejounte Murray","Rebounds Assists","Under","9.5","100","HardRockBet","2.91","50.0","2","False","FD at -120, DK at -111, ESPN at -115","334","7ef96743c87da2d41e5269fb5d3ac078","2026-03-02T02:10:00+00:00","player_rebounds_assists","True","Void","DNP or no data","2026-03-02T08:12:37.983154+00:00","No game log found (possible DNP or API delay)"
"2026-03-01T19:43:35.155319-05:00","BOS Celtics vs PHI 76ers (8:10 PM EST)","Quentin Grimes","Threes","Under","1.5","105","HardRockBet","2.5","40.0","10","False","FD at -113, DK at -122, ESPN at -115","17895858","7129ee2856df2237632c277ccbc657f7","2026-03-02T01:10:00+00:00","player_threes","True","Void","DNP or no data","2026-03-02T07:12:24.876874+00:00","No game log found (possible DNP or API delay)"
"2026-03-01T19:43:49.293166-05:00","LAC Clippers vs NOP Pelicans (9:10 PM EST)","Trey Murphy III","Points Assists","Under","22.5","-104","DraftKings","3.6","30.0","10","False","FD at -130, DK at -104, ESPN at -125","18677986","7ef96743c87da2d41e5269fb5d3ac078","2026-03-02T02:10:00+00:00","player_points_assists","True","Void","DNP or no data","2026-03-02T08:12:37.983154+00:00","No game log found (possible DNP or API delay)"
"2026-03-01T19:43:59.368693-05:00","LAC Clippers vs NOP Pelicans (9:10 PM EST)","Dejounte Murray","Threes","Under","1.5","-105","HardRockBet","9.23","50.0","2","False","FD at -146, DK at -131, ESPN at -130","334","7ef96743c87da2d41e5269fb5d3ac078","2026-03-02T02:10:00+00:00","player_threes","True","Void","DNP or no data","2026-03-02T08:12:37.983154+00:00","No game log found (possible DNP or API delay)"
"2026-03-01T19:44:05.868215-05:00","LAL Lakers vs SAC Kings (9:40 PM EST)","Luka Doncic","Assists","Under","8.5","108","BetParx","4.0","70.0","10","False","FD at -113, DK at -107, ESPN at -110","132","517d3f658ed7692ebe7eaea81aa3c1ef","2026-03-02T02:40:00+00:00","player_assists","True","Void","DNP or no data","2026-03-02T08:42:40.832631+00:00","No game log found (possible DNP or API delay)"
"2026-03-01T19:44:08.552776-05:00","LAL Lakers vs SAC Kings (9:40 PM EST)","Luka Doncic","Assists","Under","8.5","106","BetRivers","3.0","70.0","10","False","FD at -113, DK at -107, ESPN at -110","132","517d3f658ed7692ebe7eaea81aa3c1ef","2026-03-02T02:40:00+00:00","player_assists","True","Void","DNP or no data","2026-03-02T08:42:40.832631+00:00","No game log found (possible DNP or API delay)"
"2026-03-01T19:44:14.962170-05:00","LAL Lakers vs SAC Kings (9:40 PM EST)","LeBron James","Rebounds Assists","Under","12.5","100","HardRockBet","3.75","40.0","10","False","FD at -122, DK at -109, ESPN at -120","237","517d3f658ed7692ebe7eaea81aa3c1ef","2026-03-02T02:40:00+00:00","player_rebounds_assists","True","Void","DNP or no data","2026-03-02T08:42:40.832631+00:00","No game log found (possible DNP or API delay)"
"2026-03-01T19:50:44.629539-05:00","LAC Clippers vs NOP Pelicans (9:10 PM EST)","Derik Queen","Points Assists","Under","12.5","-105","DraftKings","3.12","60.0","10","False","FD at -130, DK at -105, ESPN at -120","1057274415","7ef96743c87da2d41e5269fb5d3ac078","2026-03-02T02:10:00+00:00","player_points_assists","True","Void","DNP or no data","2026-03-02T08:12:37.983154+00:00","No game log found (possible DNP or API delay)"
"2026-03-01T19:50:47.015673-05:00","LAC Clippers vs NOP Pelicans (9:10 PM EST)","Derik Queen","Points Rebounds Assists","Under","18.5","-103","DraftKings","3.25","50.0","10","False","FD at -125, DK at -103, ESPN at -125","1057274415","7ef96743c87da2d41e5269fb5d3ac078","2026-03-02T02:10:00+00:00","player_points_rebounds_assists","True","Void","DNP or no data","2026-03-02T08:12:37.983154+00:00","No game log found (possible DNP or API delay)"
"2026-03-01T19:50:49.569090-05:00","LAC Clippers vs NOP Pelicans (9:10 PM EST)","Dejounte Murray","Threes","Under","1.5","-105","HardRockBet","8.23","50.0","2","False","FD at -142, DK at -131, ESPN at -130","334","7ef96743c87da2d41e5269fb5d3ac078","2026-03-02T02:10:00+00:00","player_threes","True","Void","DNP or no data","2026-03-02T08:12:37.983154+00:00","No game log found (possible DNP or API delay)"
"2026-03-01T19:54:05.504032-05:00","BOS Celtics vs PHI 76ers (8:10 PM EST)","Quentin Grimes","Points","Under","10.5","101","DraftKings","2.59","50.0","10","False","FD at -118, DK at 101, ESPN at -120","17895858","7129ee2856df2237632c277ccbc657f7","2026-03-02T01:10:00+00:00","player_points","True","Void","DNP or no data","2026-03-02T07:12:24.876874+00:00","No game log found (possible DNP or API delay)"
"2026-03-01T19:54:08.436259-05:00","BOS Celtics vs PHI 76ers (8:10 PM EST)","Quentin Grimes","Points","Under","10.5","107","Caesars","5.65","50.0","10","False","FD at -118, DK at 101, ESPN at -120","17895858","7129ee2856df2237632c277ccbc657f7","2026-03-02T01:10:00+00:00","player_points","True","Void","DNP or no data","2026-03-02T07:12:24.876874+00:00","No game log found (possible DNP or API delay)"
"2026-03-01T19:54:11.257394-05:00","BOS Celtics vs PHI 76ers (8:10 PM EST)","VJ Edgecombe","Points","Under","14.5","106","BetParx","2.14","40.0","10","False","FD at -111, DK at -115, ESPN at -115","1057261935","7129ee2856df2237632c277ccbc657f7","2026-03-02T01:10:00+00:00","player_points","True","Void","DNP or no data","2026-03-02T07:12:24.876874+00:00","No game log found (possible DNP or API delay)"
"2026-03-01T19:54:25.962870-05:00","DAL Mavericks vs OKC Thunder (8:10 PM EST)","Shai Gilgeous-Alexander","Points","Under","30.5","-105","HardRockBet","3.27","50.0","10","False","FD at -128, DK at -107, ESPN at -125, Pinnacle at -121","175","3d268484ec4724f35d87620826643242","2026-03-02T01:10:00+00:00","player_points","True","Void","DNP or no data","2026-03-02T07:12:24.876874+00:00","No game log found (possible DNP or API delay)"
"2026-03-01T19:54:28.693328-05:00","DAL Mavericks vs OKC Thunder (8:10 PM EST)","Shai Gilgeous-Alexander","Points","Under","30.5","-105","BetMGM","3.27","50.0","10","False","FD at -128, DK at -107, ESPN at -125, Pinnacle at -121","175","3d268484ec4724f35d87620826643242","2026-03-02T01:10:00+00:00","player_points","True","Void","DNP or no data","2026-03-02T07:12:24.876874+00:00","No game log found (possible DNP or API delay)"
"2026-03-01T19:54:38.708169-05:00","LAC Clippers vs NOP Pelicans (9:10 PM EST)","Derik Queen","Points Rebounds Assists","Under","18.5","-103","DraftKings","2.24","50.0","10","False","FD at -122, DK at -103, ESPN at -125","1057274415","7ef96743c87da2d41e5269fb5d3ac078","2026-03-02T02:10:00+00:00","player_points_rebounds_assists","True","Void","DNP or no data","2026-03-02T08:12:37.983154+00:00","No game log found (possible DNP or API delay)"
"2026-03-01T19:54:56.975119-05:00","LAL Lakers vs SAC Kings (9:40 PM EST)","Devin Carter","Points Assists","Under","14.5","-105","HardRockBet","3.12","30.0","10","False","FD at -130, DK at -119, ESPN at -120","1028025242","517d3f658ed7692ebe7eaea81aa3c1ef","2026-03-02T02:40:00+00:00","player_points_assists","True","Void","DNP or no data","2026-03-02T08:42:40.832631+00:00","No game log found (possible DNP or API delay)"
"2026-03-01T19:55:03.923262-05:00","LAL Lakers vs SAC Kings (9:40 PM EST)","LeBron James","Rebounds Assists","Under","12.5","105","HardRockBet","2.92","40.0","10","False","FD at -115, DK at -113, ESPN at -115","237","517d3f658ed7692ebe7eaea81aa3c1ef","2026-03-02T02:40:00+00:00","player_rebounds_assists","True","Void","DNP or no data","2026-03-02T08:42:40.832631+00:00","No game log found (possible DNP or API delay)"
"2026-03-01T19:58:08.142392-05:00","DAL Mavericks vs OKC Thunder (8:10 PM EST)","Klay Thompson","Points","Over","12.5","105","theScore","2.5","30.0","10","False","FD at -113, DK at -115, ESPN at 105, Pinnacle at -125","443","3d268484ec4724f35d87620826643242","2026-03-02T01:10:00+00:00","player_points","True","Void","DNP or no data","2026-03-02T07:12:24.876874+00:00","No game log found (possible DNP or API delay)"
"2026-03-01T19:58:14.456734-05:00","DAL Mavericks vs OKC Thunder (8:10 PM EST)","Cason Wallace","Rebounds Assists","Over","6.5","110","BetMGM","4.13","90.0","10","False","FD at -111, DK at -106, ESPN at 100","56677833","3d268484ec4724f35d87620826643242","2026-03-02T01:10:00+00:00","player_rebounds_assists","True","Void","DNP or no data","2026-03-02T07:12:24.876874+00:00","No game log found (possible DNP or API delay)"
"2026-03-01T19:58:16.869573-05:00","BOS Celtics vs PHI 76ers (8:12 PM EST)","Quentin Grimes","Points","Under","10.5","107","Caesars","3.5","50.0","10","False","FD at -113, DK at 101, ESPN at -115","17895858","7129ee2856df2237632c277ccbc657f7","2026-03-02T01:12:00+00:00","player_points","True","Void","DNP or no data","2026-03-02T07:12:24.876874+00:00","No game log found (possible DNP or API delay)"
"2026-03-01T19:58:19.230984-05:00","LAC Clippers vs NOP Pelicans (9:10 PM EST)","Derik Queen","Points Rebounds Assists","Under","18.5","-103","DraftKings","3.25","50.0","10","False","FD at -125, DK at -103, ESPN at -125","1057274415","7ef96743c87da2d41e5269fb5d3ac078","2026-03-02T02:10:00+00:00","player_points_rebounds_assists","True","Void","DNP or no data","2026-03-02T08:12:37.983154+00:00","No game log found (possible DNP or API delay)"
"2026-03-01T20:01:28.079743-05:00","DAL Mavericks vs OKC Thunder (8:10 PM EST)","Shai Gilgeous-Alexander","Points","Under","30.5","-104","DraftKings","3.75","50.0","10","False","FD at -128, DK at -104, ESPN at -125, Pinnacle at -121","175","3d268484ec4724f35d87620826643242","2026-03-02T01:10:00+00:00","player_points","True","Void","DNP or no data","2026-03-02T07:12:24.876874+00:00","No game log found (possible DNP or API delay)"
"2026-03-01T20:01:31.296111-05:00","DAL Mavericks vs OKC Thunder (8:10 PM EST)","Klay Thompson","Points","Over","12.5","105","theScore","5.49","30.0","10","False","FD at -120, DK at -115, ESPN at 105, Pinnacle at -125","443","3d268484ec4724f35d87620826643242","2026-03-02T01:10:00+00:00","player_points","True","Void","DNP or no data","2026-03-02T07:12:24.876874+00:00","No game log found (possible DNP or API delay)"
"2026-03-01T20:01:42.465427-05:00","BOS Celtics vs PHI 76ers (8:12 PM EST)","VJ Edgecombe","Points","Under","14.5","106","BetRivers","2.14","40.0","10","False","FD at -111, DK at -107, ESPN at -115","1057261935","7129ee2856df2237632c277ccbc657f7","2026-03-02T01:12:00+00:00","player_points","True","Void","DNP or no data","2026-03-02T07:12:24.876874+00:00","No game log found (possible DNP or API delay)"
"2026-03-01T20:01:53.527438-05:00","LAC Clippers vs NOP Pelicans (9:10 PM EST)","Derik Queen","Points","Under","9.5","-115","DraftKings","1.92","50.0","10","False","FD at -136, DK at -115, ESPN at -150, Pinnacle at -147","1057274415","7ef96743c87da2d41e5269fb5d3ac078","2026-03-02T02:10:00+00:00","player_points","True","Void","DNP or no data","2026-03-02T08:12:37.983154+00:00","No game log found (possible DNP or API delay)"
"2026-03-01T20:01:56.418846-05:00","LAC Clippers vs NOP Pelicans (9:10 PM EST)","Derik Queen","Points","Under","9.5","-115","BetParx","1.92","50.0","10","False","FD at -136, DK at -115, ESPN at -150, Pinnacle at -147","1057274415","7ef96743c87da2d41e5269fb5d3ac078","2026-03-02T02:10:00+00:00","player_points","True","Void","DNP or no data","2026-03-02T08:12:37.983154+00:00","No game log found (possible DNP or API delay)"
"2026-03-01T20:05:16.387490-05:00","DAL Mavericks vs OKC Thunder (8:10 PM EST)","Klay Thompson","Points","Over","12.5","-102","Caesars","3.74","30.0","10","False","FD at -125, DK at -111, ESPN at -105, Pinnacle at -125","443","3d268484ec4724f35d87620826643242","2026-03-02T01:10:00+00:00","player_points","True","Void","DNP or no data","2026-03-02T07:12:24.876874+00:00","No game log found (possible DNP or API delay)"
"2026-03-01T20:05:19.026394-05:00","DAL Mavericks vs OKC Thunder (8:10 PM EST)","Shai Gilgeous-Alexander","Points","Under","30.5","-104","DraftKings","4.57","50.0","10","False","FD at -130, DK at -104, ESPN at -125, Pinnacle at -121","175","3d268484ec4724f35d87620826643242","2026-03-02T01:10:00+00:00","player_points","True","Void","DNP or no data","2026-03-02T07:12:24.876874+00:00","No game log found (possible DNP or API delay)"
"2026-03-01T20:05:21.517465-05:00","DAL Mavericks vs OKC Thunder (8:10 PM EST)","Shai Gilgeous-Alexander","Points","Under","30.5","-105","HardRockBet","4.08","50.0","10","False","FD at -130, DK at -104, ESPN at -125, Pinnacle at -121","175","3d268484ec4724f35d87620826643242","2026-03-02T01:10:00+00:00","player_points","True","Void","DNP or no data","2026-03-02T07:12:24.876874+00:00","No game log found (possible DNP or API delay)"
"2026-03-01T20:05:23.722830-05:00","DAL Mavericks vs OKC Thunder (8:10 PM EST)","Cason Wallace","Rebounds Assists","Over","6.5","110","BetMGM","2.82","90.0","10","False","FD at -108, DK at -106, ESPN at 100","56677833","3d268484ec4724f35d87620826643242","2026-03-02T01:10:00+00:00","player_rebounds_assists","True","Void","DNP or no data","2026-03-02T07:12:24.876874+00:00","No game log found (possible DNP or API delay)"
"2026-03-01T20:05:31.639030-05:00","BOS Celtics vs PHI 76ers (8:12 PM EST)","Quentin Grimes","Points","Under","10.5","107","Caesars","2.64","50.0","10","False","FD at -111, DK at 101, ESPN at -110","17895858","7129ee2856df2237632c277ccbc657f7","2026-03-02T01:12:00+00:00","player_points","True","Void","DNP or no data","2026-03-02T07:12:24.876874+00:00","No game log found (possible DNP or API delay)"
"2026-03-01T20:05:59.657591-05:00","LAL Lakers vs SAC Kings (9:40 PM EST)","LeBron James","Rebounds Assists","Under","12.5","105","HardRockBet","4.63","40.0","10","False","FD at -118, DK at -113, ESPN at -115","237","517d3f658ed7692ebe7eaea81aa3c1ef","2026-03-02T02:40:00+00:00","player_rebounds_assists","True","Void","DNP or no data","2026-03-02T08:42:40.832631+00:00","No game log found (possible DNP or API delay)"
"2026-03-01T20:09:03.373407-05:00","DAL Mavericks vs OKC Thunder (8:10 PM EST)","Jared McCain","Points","Under","9.5","-101","DraftKings","5.26","40.0","10","False","FD at -128, DK at -101, ESPN at -125, Pinnacle at -122","1028027372","3d268484ec4724f35d87620826643242","2026-03-02T01:10:00+00:00","player_points","True","Void","DNP or no data","2026-03-02T07:12:24.876874+00:00","No game log found (possible DNP or API delay)"
"2026-03-01T20:12:24.824575-05:00","LAC Clippers vs NOP Pelicans (9:10 PM EST)","Jeremiah Fears","Threes","Under","1.5","-175","BetMGM","4.13","60.0","10","False","FD at -235, DK at -214","1057267077","7ef96743c87da2d41e5269fb5d3ac078","2026-03-02T02:10:00+00:00","player_threes","True","Void","DNP or no data","2026-03-02T08:12:37.983154+00:00","No game log found (possible DNP or API delay)"
"2026-03-01T20:15:32.590371-05:00","LAC Clippers vs NOP Pelicans (9:10 PM EST)","Trey Murphy III","Rebounds","Over","3.5","-120","HardRockBet","3.24","60.0","10","False","FD at -148, DK at -153, ESPN at -150","18677986","7ef96743c87da2d41e5269fb5d3ac078","2026-03-02T02:10:00+00:00","player_rebounds","True","Void","DNP or no data","2026-03-02T08:12:37.983154+00:00","No game log found (possible DNP or API delay)"
"2026-03-01T20:15:40.093202-05:00","LAC Clippers vs NOP Pelicans (9:10 PM EST)","Dejounte Murray","Rebounds Assists","Under","9.5","100","HardRockBet","3.75","50.0","2","False","FD at -122, DK at -112, ESPN at -115","334","7ef96743c87da2d41e5269fb5d3ac078","2026-03-02T02:10:00+00:00","player_rebounds_assists","True","Void","DNP or no data","2026-03-02T08:12:37.983154+00:00","No game log found (possible DNP or API delay)"
"2026-03-01T20:15:43.640234-05:00","LAL Lakers vs SAC Kings (9:40 PM EST)","LeBron James","Rebounds Assists","Under","12.5","105","HardRockBet","3.35","40.0","10","False","FD at -115, DK at -120, ESPN at -120","237","517d3f658ed7692ebe7eaea81aa3c1ef","2026-03-02T02:40:00+00:00","player_rebounds_assists","True","Void","DNP or no data","2026-03-02T08:42:40.832631+00:00","No game log found (possible DNP or API delay)"
"2026-03-01T20:18:55.553956-05:00","LAC Clippers vs NOP Pelicans (9:10 PM EST)","Trey Murphy III","Rebounds","Over","3.5","-120","HardRockBet","2.57","60.0","10","False","FD at -146, DK at -153, ESPN at -150","18677986","7ef96743c87da2d41e5269fb5d3ac078","2026-03-02T02:10:00+00:00","player_rebounds","True","Void","DNP or no data","2026-03-02T08:12:37.983154+00:00","No game log found (possible DNP or API delay)"
"2026-03-01T20:31:27.595151-05:00","LAL Lakers vs SAC Kings (9:40 PM EST)","Deandre Ayton","Points","Over","10.5","107","DraftKings","2.64","40.0","10","False","FD at -111, DK at 107, ESPN at -120","22","517d3f658ed7692ebe7eaea81aa3c1ef","2026-03-02T02:40:00+00:00","player_points","True","Void","DNP or no data","2026-03-02T08:42:40.832631+00:00","No game log found (possible DNP or API delay)"
"2026-03-01T20:34:39.333482-05:00","LAC Clippers vs NOP Pelicans (9:10 PM EST)","Jeremiah Fears","Points Assists","Under","16.5","100","HardRockBet","2.02","50.0","10","False","FD at -120, DK at -112, ESPN at -120","1057267077","7ef96743c87da2d41e5269fb5d3ac078","2026-03-02T02:10:00+00:00","player_points_assists","True","Void","DNP or no data","2026-03-02T08:12:37.983154+00:00","No game log found (possible DNP or API delay)"
"2026-03-01T20:41:04.940845-05:00","LAC Clippers vs NOP Pelicans (9:10 PM EST)","Dejounte Murray","Points","Under","14.5","-105","HardRockBet","3.27","50.0","2","False","FD at -128, ESPN at -125","334","7ef96743c87da2d41e5269fb5d3ac078","2026-03-02T02:10:00+00:00","player_points","True","Void","DNP or no data","2026-03-02T08:12:37.983154+00:00","No game log found (possible DNP or API delay)"
"2026-03-01T20:41:07.332797-05:00","LAC Clippers vs NOP Pelicans (9:10 PM EST)","Derik Queen","Rebounds","Over","5.5","102","BallyBet","5.82","70.0","10","True","FD at -125, DK at -149, ESPN at -120, Pinnacle at -125","1057274415","7ef96743c87da2d41e5269fb5d3ac078","2026-03-02T02:10:00+00:00","player_rebounds","True","Void","DNP or no data","2026-03-02T08:12:37.983154+00:00","No game log found (possible DNP or API delay)"
"2026-03-01T20:41:10.081893-05:00","LAC Clippers vs NOP Pelicans (9:10 PM EST)","Derik Queen","Rebounds","Over","5.5","100","BetRivers","4.77","70.0","10","True","FD at -125, DK at -149, ESPN at -120, Pinnacle at -125","1057274415","7ef96743c87da2d41e5269fb5d3ac078","2026-03-02T02:10:00+00:00","player_rebounds","True","Void","DNP or no data","2026-03-02T08:12:37.983154+00:00","No game log found (possible DNP or API delay)"
"2026-03-01T20:41:13.906752-05:00","LAC Clippers vs NOP Pelicans (9:10 PM EST)","Saddiq Bey","Rebounds","Under","5.5","-121","BetRivers","2.85","60.0","10","False","FD at -148, DK at -153, ESPN at -150","3547256","7ef96743c87da2d41e5269fb5d3ac078","2026-03-02T02:10:00+00:00","player_rebounds","True","Void","DNP or no data","2026-03-02T08:12:37.983154+00:00","No game log found (possible DNP or API delay)"
"2026-03-01T20:41:16.101449-05:00","LAC Clippers vs NOP Pelicans (9:10 PM EST)","Brook Lopez","Rebounds","Under","4.5","-115","BetParx","2.93","60.0","10","False","FD at -140, DK at -133, ESPN at -130","283","7ef96743c87da2d41e5269fb5d3ac078","2026-03-02T02:10:00+00:00","player_rebounds","True","Void","DNP or no data","2026-03-02T08:12:37.983154+00:00","No game log found (possible DNP or API delay)"
"2026-03-01T20:41:18.487726-05:00","LAC Clippers vs NOP Pelicans (9:10 PM EST)","Saddiq Bey","Rebounds","Under","5.5","-120","BetParx","3.24","60.0","10","False","FD at -148, DK at -153, ESPN at -150","3547256","7ef96743c87da2d41e5269fb5d3ac078","2026-03-02T02:10:00+00:00","player_rebounds","True","Void","DNP or no data","2026-03-02T08:12:37.983154+00:00","No game log found (possible DNP or API delay)"
"2026-03-01T20:41:20.749519-05:00","LAC Clippers vs NOP Pelicans (9:10 PM EST)","Derik Queen","Rebounds","Over","5.5","102","BetParx","5.82","70.0","10","True","FD at -125, DK at -149, ESPN at -120, Pinnacle at -125","1057274415","7ef96743c87da2d41e5269fb5d3ac078","2026-03-02T02:10:00+00:00","player_rebounds","True","Void","DNP or no data","2026-03-02T08:12:37.983154+00:00","No game log found (possible DNP or API delay)"
"2026-03-01T20:41:34.794606-05:00","LAC Clippers vs NOP Pelicans (9:10 PM EST)","Saddiq Bey","Threes","Under","2.5","-150","BetRivers","2.24","40.0","10","False","FD at -186, ESPN at -190","3547256","7ef96743c87da2d41e5269fb5d3ac078","2026-03-02T02:10:00+00:00","player_threes","True","Void","DNP or no data","2026-03-02T08:12:37.983154+00:00","No game log found (possible DNP or API delay)"
"2026-03-01T20:41:37.228585-05:00","LAC Clippers vs NOP Pelicans (9:10 PM EST)","Saddiq Bey","Threes","Under","2.5","-150","BetParx","2.24","40.0","10","False","FD at -186, ESPN at -190","3547256","7ef96743c87da2d41e5269fb5d3ac078","2026-03-02T02:10:00+00:00","player_threes","True","Void","DNP or no data","2026-03-02T08:12:37.983154+00:00","No game log found (possible DNP or API delay)"
"2026-03-01T20:44:48.391340-05:00","LAC Clippers vs NOP Pelicans (9:10 PM EST)","Trey Murphy III","Assists","Under","3.5","-118","BetRivers","2.42","30.0","10","False","FD at -142, DK at -142, ESPN at -145","18677986","7ef96743c87da2d41e5269fb5d3ac078","2026-03-02T02:10:00+00:00","player_assists","True","Void","DNP or no data","2026-03-02T08:12:37.983154+00:00","No game log found (possible DNP or API delay)"
"2026-03-01T20:44:50.620151-05:00","LAC Clippers vs NOP Pelicans (9:10 PM EST)","Trey Murphy III","Assists","Under","3.5","-117","BetParx","2.82","30.0","10","False","FD at -142, DK at -142, ESPN at -145","18677986","7ef96743c87da2d41e5269fb5d3ac078","2026-03-02T02:10:00+00:00","player_assists","True","Void","DNP or no data","2026-03-02T08:12:37.983154+00:00","No game log found (possible DNP or API delay)"
"2026-03-01T20:44:57.416972-05:00","LAL Lakers vs SAC Kings (9:40 PM EST)","LeBron James","Rebounds Assists","Under","12.5","105","HardRockBet","5.49","40.0","10","False","FD at -120, DK at -122, ESPN at -115","237","517d3f658ed7692ebe7eaea81aa3c1ef","2026-03-02T02:40:00+00:00","player_rebounds_assists","True","Void","DNP or no data","2026-03-02T08:42:40.832631+00:00","No game log found (possible DNP or API delay)"
"2026-03-01T20:48:05.247108-05:00","LAC Clippers vs NOP Pelicans (9:10 PM EST)","Saddiq Bey","Rebounds","Under","5.5","-118","BetParx","7.69","60.0","10","False","FD at -162, DK at -153, ESPN at -160","3547256","7ef96743c87da2d41e5269fb5d3ac078","2026-03-02T02:10:00+00:00","player_rebounds","True","Void","DNP or no data","2026-03-02T08:12:37.983154+00:00","No game log found (possible DNP or API delay)"
"2026-03-01T20:48:11.760248-05:00","LAC Clippers vs NOP Pelicans (9:10 PM EST)","Jeremiah Fears","Points Assists","Under","16.5","100","HardRockBet","3.83","50.0","10","False","FD at -125, DK at -112, ESPN at -120","1057267077","7ef96743c87da2d41e5269fb5d3ac078","2026-03-02T02:10:00+00:00","player_points_assists","True","Void","DNP or no data","2026-03-02T08:12:37.983154+00:00","No game log found (possible DNP or API delay)"
"2026-03-01T20:48:14.015669-05:00","LAC Clippers vs NOP Pelicans (9:10 PM EST)","Dejounte Murray","Rebounds Assists","Under","9.5","-105","HardRockBet","3.27","50.0","2","False","FD at -128, DK at -109, ESPN at -120","334","7ef96743c87da2d41e5269fb5d3ac078","2026-03-02T02:10:00+00:00","player_rebounds_assists","True","Void","DNP or no data","2026-03-02T08:12:37.983154+00:00","No game log found (possible DNP or API delay)"
"2026-03-01T20:48:20.768248-05:00","LAL Lakers vs SAC Kings (9:40 PM EST)","Deandre Ayton","Points","Over","10.5","110","DraftKings","2.82","40.0","10","False","FD at -108, DK at 110, ESPN at -120","22","517d3f658ed7692ebe7eaea81aa3c1ef","2026-03-02T02:40:00+00:00","player_points","True","Void","DNP or no data","2026-03-02T08:42:40.832631+00:00","No game log found (possible DNP or API delay)"
"2026-03-01T20:48:27.215810-05:00","LAL Lakers vs SAC Kings (9:40 PM EST)","Austin Reaves","Rebounds","Under","4.5","-118","BetParx","7.07","60.0","10","False","FD at -160, DK at -145, ESPN at -160","17553995","517d3f658ed7692ebe7eaea81aa3c1ef","2026-03-02T02:40:00+00:00","player_rebounds","True","Void","DNP or no data","2026-03-02T08:42:40.832631+00:00","No game log found (possible DNP or API delay)"
"2026-03-01T20:48:29.933088-05:00","LAL Lakers vs SAC Kings (9:40 PM EST)","Austin Reaves","Rebounds","Under","4.5","-120","BetRivers","6.25","60.0","10","False","FD at -160, DK at -145, ESPN at -160","17553995","517d3f658ed7692ebe7eaea81aa3c1ef","2026-03-02T02:40:00+00:00","player_rebounds","True","Void","DNP or no data","2026-03-02T08:42:40.832631+00:00","No game log found (possible DNP or API delay)"
"2026-03-01T20:48:35.903691-05:00","LAL Lakers vs SAC Kings (9:40 PM EST)","Austin Reaves","Assists","Under","4.5","-140","BetMGM","2.3","70.0","10","False","FD at -172, DK at -155, ESPN at -180, Pinnacle at -167","17553995","517d3f658ed7692ebe7eaea81aa3c1ef","2026-03-02T02:40:00+00:00","player_assists","True","Void","DNP or no data","2026-03-02T08:42:40.832631+00:00","No game log found (possible DNP or API delay)"
"2026-03-01T20:48:38.386751-05:00","LAL Lakers vs SAC Kings (9:40 PM EST)","Austin Reaves","Rebounds Assists","Under","8.5","110","BetMGM","12.81","60.0","10","False","FD at -132, DK at -120, ESPN at -120","17553995","517d3f658ed7692ebe7eaea81aa3c1ef","2026-03-02T02:40:00+00:00","player_rebounds_assists","True","Void","DNP or no data","2026-03-02T08:42:40.832631+00:00","No game log found (possible DNP or API delay)"
"2026-03-01T20:51:57.863034-05:00","LAL Lakers vs SAC Kings (9:40 PM EST)","Deandre Ayton","Points","Over","10.5","110","DraftKings","1.94","40.0","10","False","FD at -106, DK at 110, ESPN at -115","22","517d3f658ed7692ebe7eaea81aa3c1ef","2026-03-02T02:40:00+00:00","player_points","True","Void","DNP or no data","2026-03-02T08:42:40.832631+00:00","No game log found (possible DNP or API delay)"
"2026-03-01T20:52:04.643240-05:00","LAL Lakers vs SAC Kings (9:40 PM EST)","Austin Reaves","Rebounds Assists","Under","8.5","110","BetMGM","8.94","60.0","10","False","FD at -122, DK at -120, ESPN at -120","17553995","517d3f658ed7692ebe7eaea81aa3c1ef","2026-03-02T02:40:00+00:00","player_rebounds_assists","True","Void","DNP or no data","2026-03-02T08:42:40.832631+00:00","No game log found (possible DNP or API delay)"
"2026-03-01T20:55:08.117051-05:00","LAC Clippers vs NOP Pelicans (9:10 PM EST)","Jeremiah Fears","Points Assists","Under","16.5","100","HardRockBet","5.63","50.0","10","False","FD at -130, DK at -112, ESPN at -120","1057267077","7ef96743c87da2d41e5269fb5d3ac078","2026-03-02T02:10:00+00:00","player_points_assists","True","Void","DNP or no data","2026-03-02T08:12:37.983154+00:00","No game log found (possible DNP or API delay)"
"2026-03-01T20:55:12.439826-05:00","LAL Lakers vs SAC Kings (9:40 PM EST)","Nique Clifford","Rebounds","Under","4.5","106","BetParx","3.0","50.0","10","False","FD at -113, DK at -111, ESPN at -105","1057276634","517d3f658ed7692ebe7eaea81aa3c1ef","2026-03-02T02:40:00+00:00","player_rebounds","True","Void","DNP or no data","2026-03-02T08:42:40.832631+00:00","No game log found (possible DNP or API delay)"
"2026-03-01T20:55:14.801335-05:00","LAL Lakers vs SAC Kings (9:40 PM EST)","Luka Doncic","Assists","Under","8.5","102","BetParx","3.94","70.0","10","True","FD at -120, DK at -131, ESPN at -120, Pinnacle at -128","132","517d3f658ed7692ebe7eaea81aa3c1ef","2026-03-02T02:40:00+00:00","player_assists","True","Void","DNP or no data","2026-03-02T08:42:40.832631+00:00","No game log found (possible DNP or API delay)"
"2026-03-01T20:55:17.554464-05:00","LAL Lakers vs SAC Kings (9:40 PM EST)","Luka Doncic","Assists","Under","8.5","100","BetRivers","2.91","70.0","10","False","FD at -120, DK at -131, ESPN at -120, Pinnacle at -128","132","517d3f658ed7692ebe7eaea81aa3c1ef","2026-03-02T02:40:00+00:00","player_assists","True","Void","DNP or no data","2026-03-02T08:42:40.832631+00:00","No game log found (possible DNP or API delay)"
"2026-03-01T20:55:19.964292-05:00","LAL Lakers vs SAC Kings (9:40 PM EST)","Austin Reaves","Rebounds Assists","Under","8.5","110","BetMGM","4.13","60.0","10","False","FD at -111, DK at -120, ESPN at -115","17553995","517d3f658ed7692ebe7eaea81aa3c1ef","2026-03-02T02:40:00+00:00","player_rebounds_assists","True","Void","DNP or no data","2026-03-02T08:42:40.832631+00:00","No game log found (possible DNP or API delay)"
"2026-03-01T20:55:27.848933-05:00","LAL Lakers vs SAC Kings (9:40 PM EST)","Luke Kennard","Threes","Under","1.5","-140","HardRockBet","2.3","70.0","10","False","FD at -172, DK at -144, ESPN at -180","254","517d3f658ed7692ebe7eaea81aa3c1ef","2026-03-02T02:40:00+00:00","player_threes","True","Void","DNP or no data","2026-03-02T08:42:40.832631+00:00","No game log found (possible DNP or API delay)"
"2026-03-01T20:58:39.427264-05:00","LAL Lakers vs SAC Kings (9:40 PM EST)","Austin Reaves","Rebounds","Under","4.5","-130","BetMGM","2.54","60.0","10","False","FD at -160, DK at -145, ESPN at -165","17553995","517d3f658ed7692ebe7eaea81aa3c1ef","2026-03-02T02:40:00+00:00","player_rebounds","True","Void","DNP or no data","2026-03-02T08:42:40.832631+00:00","No game log found (possible DNP or API delay)"
"2026-03-01T20:58:44.020391-05:00","LAL Lakers vs SAC Kings (9:40 PM EST)","Jaxson Hayes","Rebounds","Under","3.5","105","BetMGM","4.63","40.0","10","False","FD at -118, DK at -118, ESPN at -120","666626","517d3f658ed7692ebe7eaea81aa3c1ef","2026-03-02T02:40:00+00:00","player_rebounds","True","Void","DNP or no data","2026-03-02T08:42:40.832631+00:00","No game log found (possible DNP or API delay)"
"2026-03-01T20:58:54.536711-05:00","LAL Lakers vs SAC Kings (9:40 PM EST)","Luke Kennard","Threes","Under","1.5","-140","HardRockBet","2.82","70.0","10","False","FD at -174, DK at -149, ESPN at -170","254","517d3f658ed7692ebe7eaea81aa3c1ef","2026-03-02T02:40:00+00:00","player_threes","True","Void","DNP or no data","2026-03-02T08:42:40.832631+00:00","No game log found (possible DNP or API delay)"
"2026-03-01T21:05:11.320243-05:00","LAC Clippers vs NOP Pelicans (9:10 PM EST)","Jeremiah Fears","Points Rebounds","Under","16.5","-103","DraftKings","3.25","60.0","10","False","FD at -125, DK at -103, ESPN at -120","1057267077","7ef96743c87da2d41e5269fb5d3ac078","2026-03-02T02:10:00+00:00","player_points_rebounds","True","Void","DNP or no data","2026-03-02T08:12:37.983154+00:00","No game log found (possible DNP or API delay)"
"2026-03-01T21:05:21.704408-05:00","LAC Clippers vs NOP Pelicans (9:10 PM EST)","Dejounte Murray","Threes","Under","1.5","-105","HardRockBet","4.08","50.0","2","False","FD at -130, DK at -129, ESPN at -130","334","7ef96743c87da2d41e5269fb5d3ac078","2026-03-02T02:10:00+00:00","player_threes","True","Void","DNP or no data","2026-03-02T08:12:37.983154+00:00","No game log found (possible DNP or API delay)"
"2026-03-01T21:05:28.774955-05:00","LAL Lakers vs SAC Kings (9:40 PM EST)","Luke Kennard","Threes","Under","1.5","-140","HardRockBet","3.51","70.0","10","False","FD at -178, DK at -154, ESPN at -170","254","517d3f658ed7692ebe7eaea81aa3c1ef","2026-03-02T02:40:00+00:00","player_threes","True","Void","DNP or no data","2026-03-02T08:42:40.832631+00:00","No game log found (possible DNP or API delay)"
"2026-03-01T21:08:45.111384-05:00","LAL Lakers vs SAC Kings (9:40 PM EST)","Luke Kennard","Threes","Under","1.5","-140","HardRockBet","2.82","70.0","10","False","FD at -174, DK at -154, ESPN at -170","254","517d3f658ed7692ebe7eaea81aa3c1ef","2026-03-02T02:40:00+00:00","player_threes","True","Void","DNP or no data","2026-03-02T08:42:40.832631+00:00","No game log found (possible DNP or API delay)"
"2026-03-01T21:11:48.572215-05:00","LAL Lakers vs SAC Kings (9:40 PM EST)","Devin Carter","Rebounds","Under","3.5","100","BetMGM","6.62","40.0","10","False","FD at -130, DK at -116, ESPN at -120","1028025242","517d3f658ed7692ebe7eaea81aa3c1ef","2026-03-02T02:40:00+00:00","player_rebounds","True","Void","DNP or no data","2026-03-02T08:42:40.832631+00:00","No game log found (possible DNP or API delay)"
"2026-03-01T21:11:51.047302-05:00","LAL Lakers vs SAC Kings (9:40 PM EST)","Devin Carter","Rebounds","Under","3.5","100","HardRockBet","6.62","40.0","10","False","FD at -130, DK at -116, ESPN at -120","1028025242","517d3f658ed7692ebe7eaea81aa3c1ef","2026-03-02T02:40:00+00:00","player_rebounds","True","Void","DNP or no data","2026-03-02T08:42:40.832631+00:00","No game log found (possible DNP or API delay)"
"2026-03-01T21:12:01.260700-05:00","LAL Lakers vs SAC Kings (9:40 PM EST)","LeBron James","Rebounds Assists","Under","12.5","-105","HardRockBet","3.27","40.0","10","False","FD at -128, DK at -112, ESPN at -125","237","517d3f658ed7692ebe7eaea81aa3c1ef","2026-03-02T02:40:00+00:00","player_rebounds_assists","True","Void","DNP or no data","2026-03-02T08:42:40.832631+00:00","No game log found (possible DNP or API delay)"
"2026-03-01T21:12:04.009879-05:00","LAL Lakers vs SAC Kings (9:40 PM EST)","Luke Kennard","Threes","Under","1.5","-140","HardRockBet","3.51","70.0","10","False","FD at -178, DK at -154, ESPN at -170","254","517d3f658ed7692ebe7eaea81aa3c1ef","2026-03-02T02:40:00+00:00","player_threes","True","Void","DNP or no data","2026-03-02T08:42:40.832631+00:00","No game log found (possible DNP or API delay)"
"2026-03-01T21:15:08.585757-05:00","LAL Lakers vs SAC Kings (9:40 PM EST)","Devin Carter","Assists","Under","3.5","-145","HardRockBet","3.17","30.0","10","False","FD at -184, DK at -174, ESPN at -170","1028025242","517d3f658ed7692ebe7eaea81aa3c1ef","2026-03-02T02:40:00+00:00","player_assists","True","Void","DNP or no data","2026-03-02T08:42:40.832631+00:00","No game log found (possible DNP or API delay)"
"2026-03-01T21:15:12.587352-05:00","LAL Lakers vs SAC Kings (9:40 PM EST)","LeBron James","Rebounds Assists","Under","12.5","-105","HardRockBet","4.08","40.0","10","False","FD at -130, DK at -112, ESPN at -125","237","517d3f658ed7692ebe7eaea81aa3c1ef","2026-03-02T02:40:00+00:00","player_rebounds_assists","True","Void","DNP or no data","2026-03-02T08:42:40.832631+00:00","No game log found (possible DNP or API delay)"
"2026-03-01T21:18:16.738069-05:00","LAL Lakers vs SAC Kings (9:40 PM EST)","Devin Carter","Rebounds","Under","3.5","100","BetMGM","8.56","40.0","10","False","FD at -136, DK at -126, ESPN at -125","1028025242","517d3f658ed7692ebe7eaea81aa3c1ef","2026-03-02T02:40:00+00:00","player_rebounds","True","Void","DNP or no data","2026-03-02T08:42:40.832631+00:00","No game log found (possible DNP or API delay)"
"2026-03-01T21:18:19.173468-05:00","LAL Lakers vs SAC Kings (9:40 PM EST)","Devin Carter","Rebounds","Under","3.5","100","HardRockBet","8.56","40.0","10","False","FD at -136, DK at -126, ESPN at -125","1028025242","517d3f658ed7692ebe7eaea81aa3c1ef","2026-03-02T02:40:00+00:00","player_rebounds","True","Void","DNP or no data","2026-03-02T08:42:40.832631+00:00","No game log found (possible DNP or API delay)"
"2026-03-01T21:21:31.332846-05:00","LAL Lakers vs SAC Kings (9:40 PM EST)","Luka Doncic","Rebounds","Under","7.5","-106","DraftKings","2.79","60.0","10","False","FD at -128, DK at -106, ESPN at -115, Pinnacle at -122","132","517d3f658ed7692ebe7eaea81aa3c1ef","2026-03-02T02:40:00+00:00","player_rebounds","True","Void","DNP or no data","2026-03-02T08:42:40.832631+00:00","No game log found (possible DNP or API delay)"
"2026-03-01T21:21:34.061686-05:00","LAL Lakers vs SAC Kings (9:40 PM EST)","Luka Doncic","Rebounds","Under","7.5","-103","BetParx","4.24","60.0","10","False","FD at -128, DK at -106, ESPN at -115, Pinnacle at -122","132","517d3f658ed7692ebe7eaea81aa3c1ef","2026-03-02T02:40:00+00:00","player_rebounds","True","Void","DNP or no data","2026-03-02T08:42:40.832631+00:00","No game log found (possible DNP or API delay)"
"2026-03-01T21:21:36.630290-05:00","LAL Lakers vs SAC Kings (9:40 PM EST)","Luka Doncic","Rebounds","Under","7.5","-104","BetRivers","3.75","60.0","10","False","FD at -128, DK at -106, ESPN at -115, Pinnacle at -122","132","517d3f658ed7692ebe7eaea81aa3c1ef","2026-03-02T02:40:00+00:00","player_rebounds","True","Void","DNP or no data","2026-03-02T08:42:40.832631+00:00","No game log found (possible DNP or API delay)"
"2026-03-01T21:21:43.050411-05:00","LAL Lakers vs SAC Kings (9:40 PM EST)","Luke Kennard","Threes","Under","1.5","-140","HardRockBet","2.82","70.0","10","False","FD at -174, DK at -154, ESPN at -170","254","517d3f658ed7692ebe7eaea81aa3c1ef","2026-03-02T02:40:00+00:00","player_threes","True","Void","DNP or no data","2026-03-02T08:42:40.832631+00:00","No game log found (possible DNP or API delay)"
"2026-03-01T21:24:59.105282-05:00","LAL Lakers vs SAC Kings (9:40 PM EST)","LeBron James","Rebounds Assists","Under","12.5","-105","HardRockBet","4.88","40.0","10","False","FD at -132, DK at -116, ESPN at -125","237","517d3f658ed7692ebe7eaea81aa3c1ef","2026-03-02T02:40:00+00:00","player_rebounds_assists","True","Void","DNP or no data","2026-03-02T08:42:40.832631+00:00","No game log found (possible DNP or API delay)"
"2026-03-01T21:28:07.178625-05:00","LAL Lakers vs SAC Kings (9:40 PM EST)","Luke Kennard","Points","Under","7.5","-107","Caesars","3.13","10.0","10","False","FD at -130, DK at -122, ESPN at -130, Pinnacle at -136","254","517d3f658ed7692ebe7eaea81aa3c1ef","2026-03-02T02:40:00+00:00","player_points","True","Void","DNP or no data","2026-03-02T08:42:40.832631+00:00","No game log found (possible DNP or API delay)"
"2026-03-01T21:31:11.379655-05:00","LAL Lakers vs SAC Kings (9:40 PM EST)","Jaxson Hayes","Points","Under","5.5","-111","DraftKings","3.18","20.0","10","False","FD at -136, DK at -111, ESPN at -130","666626","517d3f658ed7692ebe7eaea81aa3c1ef","2026-03-02T02:40:00+00:00","player_points","True","Void","DNP or no data","2026-03-02T08:42:40.832631+00:00","No game log found (possible DNP or API delay)"
"2026-03-01T21:31:14.692241-05:00","LAL Lakers vs SAC Kings (9:40 PM EST)","LeBron James","Rebounds Assists","Under","12.5","-105","HardRockBet","3.27","40.0","10","False","FD at -128, DK at -116, ESPN at -125","237","517d3f658ed7692ebe7eaea81aa3c1ef","2026-03-02T02:40:00+00:00","player_rebounds_assists","True","Void","DNP or no data","2026-03-02T08:42:40.832631+00:00","No game log found (possible DNP or API delay)"
"2026-03-01T21:31:21.447644-05:00","LAL Lakers vs SAC Kings (9:40 PM EST)","Luke Kennard","Threes","Under","1.5","-140","HardRockBet","3.51","70.0","10","False","FD at -178, DK at -154, ESPN at -170","254","517d3f658ed7692ebe7eaea81aa3c1ef","2026-03-02T02:40:00+00:00","player_threes","True","Void","DNP or no data","2026-03-02T08:42:40.832631+00:00","No game log found (possible DNP or API delay)"
"2026-03-01T21:34:26.031108-05:00","LAL Lakers vs SAC Kings (9:40 PM EST)","Jaxson Hayes","Points","Under","5.5","-110","DraftKings","4.37","20.0","10","False","FD at -138, DK at -110, ESPN at -140","666626","517d3f658ed7692ebe7eaea81aa3c1ef","2026-03-02T02:40:00+00:00","player_points","True","Void","DNP or no data","2026-03-02T08:42:40.832631+00:00","No game log found (possible DNP or API delay)"
"2026-03-01T21:34:28.180606-05:00","LAL Lakers vs SAC Kings (9:40 PM EST)","Luke Kennard","Points","Under","7.5","-105","Caesars","2.28","10.0","10","False","FD at -125, ESPN at -130, Pinnacle at -136","254","517d3f658ed7692ebe7eaea81aa3c1ef","2026-03-02T02:40:00+00:00","player_points","True","Void","DNP or no data","2026-03-02T08:42:40.832631+00:00","No game log found (possible DNP or API delay)"
"2026-03-01T21:34:38.597612-05:00","LAL Lakers vs SAC Kings (9:40 PM EST)","Luke Kennard","Threes","Under","1.5","-140","HardRockBet","2.82","70.0","10","False","FD at -174, DK at -166, ESPN at -170","254","517d3f658ed7692ebe7eaea81aa3c1ef","2026-03-02T02:40:00+00:00","player_threes","True","Void","DNP or no data","2026-03-02T08:42:40.832631+00:00","No game log found (possible DNP or API delay)"
"2026-03-01T21:37:42.271718-05:00","LAL Lakers vs SAC Kings (9:40 PM EST)","Jaxson Hayes","Points","Under","5.5","-110","DraftKings","3.62","20.0","10","False","FD at -136, DK at -110, ESPN at -140","666626","517d3f658ed7692ebe7eaea81aa3c1ef","2026-03-02T02:40:00+00:00","player_points","True","Void","DNP or no data","2026-03-02T08:42:40.832631+00:00","No game log found (possible DNP or API delay)"
"2026-03-01T21:37:44.904009-05:00","LAL Lakers vs SAC Kings (9:40 PM EST)","Luke Kennard","Points","Under","7.5","102","Caesars","6.84","10.0","10","False","FD at -128, ESPN at -125, Pinnacle at -136","254","517d3f658ed7692ebe7eaea81aa3c1ef","2026-03-02T02:40:00+00:00","player_points","True","Void","DNP or no data","2026-03-02T08:42:40.832631+00:00","No game log found (possible DNP or API delay)"
"2026-03-01T21:37:55.493513-05:00","LAL Lakers vs SAC Kings (9:40 PM EST)","Luke Kennard","Threes","Under","1.5","-135","HardRockBet","5.62","70.0","10","True","FD at -180, DK at -166, ESPN at -170","254","517d3f658ed7692ebe7eaea81aa3c1ef","2026-03-02T02:40:00+00:00","player_threes","True","Void","DNP or no data","2026-03-02T08:42:40.832631+00:00","No game log found (possible DNP or API delay)"
"2026-03-01T21:41:03.597218-05:00","LAL Lakers vs SAC Kings (9:42 PM EST)","Jaxson Hayes","Points","Under","5.5","-110","DraftKings","4.37","20.0","10","False","FD at -138, DK at -110, ESPN at -140","666626","517d3f658ed7692ebe7eaea81aa3c1ef","2026-03-02T02:42:00+00:00","player_points","True","Void","DNP or no data","2026-03-02T08:42:40.832631+00:00","No game log found (possible DNP or API delay)"
"2026-03-01T21:41:06.930637-05:00","LAL Lakers vs SAC Kings (9:42 PM EST)","Luke Kennard","Points","Under","7.5","-107","Caesars","3.13","10.0","10","False","FD at -130, ESPN at -130, Pinnacle at -136","254","517d3f658ed7692ebe7eaea81aa3c1ef","2026-03-02T02:42:00+00:00","player_points","True","Void","DNP or no data","2026-03-02T08:42:40.832631+00:00","No game log found (possible DNP or API delay)"
"2026-03-02T08:00:46.168376-05:00","GSW Warriors vs LAC Clippers (10:10 PM EST)","Pat Spencer","Assists","Under","4.5","-120","HardRockBet","3.3","50.0","10","False","FD at -152, ESPN at -145","795959473","48deab86651d256447d6bb35a3d9939c","2026-03-03T03:10:00+00:00","player_assists","False","Pending","","",""
"2026-03-02T08:00:54.520063-05:00","GSW Warriors vs LAC Clippers (10:10 PM EST)","Draymond Green","Threes","Over","1.5","-105","BetMGM","3.92","50.0","10","False","FD at -132, DK at -121, ESPN at -120","185","48deab86651d256447d6bb35a3d9939c","2026-03-03T03:10:00+00:00","player_threes","False","Pending","","",""
"2026-03-02T08:07:04.577139-05:00","GSW Warriors vs LAC Clippers (10:10 PM EST)","Draymond Green","Threes","Over","1.5","-105","HardRockBet","3.92","50.0","10","False","FD at -132, DK at -121, ESPN at -120","185","48deab86651d256447d6bb35a3d9939c","2026-03-03T03:10:00+00:00","player_threes","False","Pending","","",""
"2026-03-02T08:10:11.063041-05:00","MIL Bucks vs BOS Celtics (7:40 PM EST)","Kevin Porter Jr.","Assists","Over","6.5","-118","BetParx","1.81","90.0","10","False","FD at -144, DK at -125, ESPN at -145","666849","3a1ef5b1bd5afc1ee417ba3992167357","2026-03-03T00:40:00+00:00","player_assists","False","Pending","","",""
"2026-03-02T08:13:24.431642-05:00","MIL Bucks vs BOS Celtics (7:40 PM EST)","Payton Pritchard","Threes","Under","2.5","110","HardRockBet","5.0","40.0","10","False","FD at -114, DK at -102, ESPN at -105","3547276","3a1ef5b1bd5afc1ee417ba3992167357","2026-03-03T00:40:00+00:00","player_threes","False","Pending","","",""
"2026-03-02T08:19:44.976635-05:00","GSW Warriors vs LAC Clippers (10:10 PM EST)","Draymond Green","Assists","Over","4.5","-125","HardRockBet","4.14","60.0","10","False","FD at -162, DK at -146, ESPN at -145","185","48deab86651d256447d6bb35a3d9939c","2026-03-03T03:10:00+00:00","player_assists","False","Pending","","",""
"2026-03-02T08:29:21.784043-05:00","UTA Jazz vs DEN Nuggets (9:10 PM EST)","Kyle Filipowski","Points","Under","13.5","-104","DraftKings","3.6","50.0","10","False","FD at -130, DK at -104, ESPN at -125","1028035794","1804ec1ea561b137f3b6a151af196bef","2026-03-03T02:10:00+00:00","player_points","False","Pending","","",""
"2026-03-02T08:32:39.864167-05:00","WAS Wizards vs HOU Rockets (7:10 PM EST)","Reed Sheppard","Rebounds","Under","3.5","-108","BetParx","3.6","60.0","10","False","FD at -136, DK at -120, ESPN at -125","1028028519","23f7e8ebef76ec1b639f412eccfdfda4","2026-03-03T00:10:00+00:00","player_rebounds","False","Pending","","",""
"2026-03-02T08:32:42.606909-05:00","WAS Wizards vs HOU Rockets (7:10 PM EST)","Reed Sheppard","Rebounds","Under","3.5","-110","BetRivers","2.69","60.0","10","False","FD at -136, DK at -120, ESPN at -125","1028028519","23f7e8ebef76ec1b639f412eccfdfda4","2026-03-03T00:10:00+00:00","player_rebounds","False","Pending","","",""
"2026-03-02T08:32:49.147645-05:00","MIL Bucks vs BOS Celtics (7:40 PM EST)","Kevin Porter Jr.","Rebounds Assists","Over","11.5","-110","BetMGM","4.2","70.0","10","False","FD at -140, DK at -123, ESPN at -130","666849","3a1ef5b1bd5afc1ee417ba3992167357","2026-03-03T00:40:00+00:00","player_rebounds_assists","False","Pending","","",""
"2026-03-02T08:32:51.608419-05:00","MIL Bucks vs BOS Celtics (7:40 PM EST)","Kevin Porter Jr.","Rebounds Assists","Over","11.5","-110","HardRockBet","4.2","70.0","10","False","FD at -140, DK at -123, ESPN at -130","666849","3a1ef5b1bd5afc1ee417ba3992167357","2026-03-03T00:40:00+00:00","player_rebounds_assists","False","Pending","","",""
"2026-03-02T08:52:11.981976-05:00","WAS Wizards vs HOU Rockets (7:10 PM EST)","Kevin Durant","Rebounds","Under","5.5","-115","DraftKings","3.73","50.0","10","False","FD at -146, DK at -115, ESPN at -130","140","23f7e8ebef76ec1b639f412eccfdfda4","2026-03-03T00:10:00+00:00","player_rebounds","False","Pending","","",""
"2026-03-02T08:52:17.286633-05:00","WAS Wizards vs HOU Rockets (7:10 PM EST)","Kevin Durant","Rebounds","Under","5.5","-108","BetParx","6.86","50.0","10","False","FD at -146, DK at -115, ESPN at -130","140","23f7e8ebef76ec1b639f412eccfdfda4","2026-03-03T00:10:00+00:00","player_rebounds","False","Pending","","",""
"2026-03-02T08:52:19.706734-05:00","WAS Wizards vs HOU Rockets (7:10 PM EST)","Reed Sheppard","Rebounds","Under","3.5","-108","BetParx","2.51","60.0","10","False","FD at -132, DK at -120, ESPN at -145","1028028519","23f7e8ebef76ec1b639f412eccfdfda4","2026-03-03T00:10:00+00:00","player_rebounds","False","Pending","","",""
"2026-03-02T08:52:22.386915-05:00","WAS Wizards vs HOU Rockets (7:10 PM EST)","Kevin Durant","Rebounds","Under","5.5","-109","BetRivers","6.39","50.0","10","False","FD at -146, DK at -115, ESPN at -130","140","23f7e8ebef76ec1b639f412eccfdfda4","2026-03-03T00:10:00+00:00","player_rebounds","False","Pending","","",""
"2026-03-02T09:08:44.292581-05:00","GSW Warriors vs LAC Clippers (10:10 PM EST)","Brook Lopez","Threes","Over","1.5","105","HardRockBet","3.74","40.0","10","False","FD at -118, DK at -111, ESPN at -105","283","48deab86651d256447d6bb35a3d9939c","2026-03-03T03:10:00+00:00","player_threes","False","Pending","","",""
"2026-03-02T09:29:25.744883-05:00","WAS Wizards vs HOU Rockets (7:10 PM EST)","Reed Sheppard","Rebounds","Under","3.5","-112","BetParx","1.82","60.0","10","False","FD at -136, DK at -126, ESPN at -140","1028028519","23f7e8ebef76ec1b639f412eccfdfda4","2026-03-03T00:10:00+00:00","player_rebounds","False","Pending","","",""
"2026-03-02T09:29:36.281229-05:00","WAS Wizards vs HOU Rockets (7:10 PM EST)","Bilal Coulibaly","Rebounds Assists","Over","5.5","100","BetMGM","2.84","60.0","10","False","FD at -122, DK at -123, ESPN at -125","56677844","23f7e8ebef76ec1b639f412eccfdfda4","2026-03-03T00:10:00+00:00","player_rebounds_assists","False","Pending","","",""
"2026-03-02T09:29:47.278713-05:00","MIL Bucks vs BOS Celtics (7:40 PM EST)","Derrick White","Points","Under","17.5","-106","BetParx","2.64","40.0","10","False","FD at -130, ESPN at -125","473","3a1ef5b1bd5afc1ee417ba3992167357","2026-03-03T00:40:00+00:00","player_points","False","Pending","","",""
"2026-03-02T09:30:27.516325-05:00","GSW Warriors vs LAC Clippers (10:10 PM EST)","De'Anthony Melton","Points Assists","Over","18.5","-102","DraftKings","2.81","50.0","10","False","FD at -125, DK at -102, ESPN at -120","313","48deab86651d256447d6bb35a3d9939c","2026-03-03T03:10:00+00:00","player_points_assists","False","Pending","","",""
"2026-03-02T09:54:58.966186-05:00","MIL Bucks vs BOS Celtics (7:40 PM EST)","Derrick White","Points","Under","17.5","-106","BetRivers","2.64","40.0","10","False","FD at -130, ESPN at -125, Pinnacle at -122","473","3a1ef5b1bd5afc1ee417ba3992167357","2026-03-03T00:40:00+00:00","player_points","False","Pending","","",""
"2026-03-02T09:55:17.568607-05:00","MIL Bucks vs BOS Celtics (7:40 PM EST)","Baylor Scheierman","Points Rebounds","Under","12.5","-104","DraftKings","3.6","30.0","10","False","FD at -130, DK at -104, ESPN at -120","1028028434","3a1ef5b1bd5afc1ee417ba3992167357","2026-03-03T00:40:00+00:00","player_points_rebounds","False","Pending","","",""
"2026-03-02T10:02:00.014008-05:00","WAS Wizards vs HOU Rockets (7:10 PM EST)","Reed Sheppard","Rebounds","Under","3.5","-108","BetParx","2.51","60.0","10","False","FD at -132, DK at -126, ESPN at -130","1028028519","23f7e8ebef76ec1b639f412eccfdfda4","2026-03-03T00:10:00+00:00","player_rebounds","False","Pending","","",""
"2026-03-02T10:05:19.215796-05:00","MIL Bucks vs BOS Celtics (7:40 PM EST)","Baylor Scheierman","Rebounds","Under","4.5","102","FanDuel","5.19","40.0","10","False","ESPN at -125, DK at -126","1028028434","3a1ef5b1bd5afc1ee417ba3992167357","2026-03-03T00:40:00+00:00","player_rebounds","False","Pending","","",""
"2026-03-02T10:05:23.555240-05:00","MIL Bucks vs BOS Celtics (7:40 PM EST)","Payton Pritchard","Threes","Under","2.5","110","HardRockBet","3.73","40.0","10","False","FD at -112, DK at 101, ESPN at -105","3547276","3a1ef5b1bd5afc1ee417ba3992167357","2026-03-03T00:40:00+00:00","player_threes","False","Pending","","",""
"2026-03-02T10:08:35.017054-05:00","MIL Bucks vs BOS Celtics (7:40 PM EST)","Derrick White","Points","Under","17.5","-106","BetParx","3.44","40.0","10","False","FD at -132, DK at -126, ESPN at -125, Pinnacle at -122","473","3a1ef5b1bd5afc1ee417ba3992167357","2026-03-03T00:40:00+00:00","player_points","False","Pending","","",""
"2026-03-02T10:08:37.788939-05:00","MIL Bucks vs BOS Celtics (7:40 PM EST)","Derrick White","Points","Under","17.5","-107","BetRivers","2.97","40.0","10","False","FD at -132, DK at -126, ESPN at -125, Pinnacle at -122","473","3a1ef5b1bd5afc1ee417ba3992167357","2026-03-03T00:40:00+00:00","player_points","False","Pending","","",""
"2026-03-02T10:08:47.325550-05:00","MIL Bucks vs BOS Celtics (7:40 PM EST)","Payton Pritchard","Threes","Under","2.5","110","HardRockBet","5.0","40.0","10","False","FD at -114, DK at 101, ESPN at -105","3547276","3a1ef5b1bd5afc1ee417ba3992167357","2026-03-03T00:40:00+00:00","player_threes","False","Pending","","",""
"2026-03-02T10:09:06.290861-05:00","GSW Warriors vs LAC Clippers (10:10 PM EST)","Brook Lopez","Threes","Over","1.5","110","HardRockBet","7.13","40.0","10","False","FD at -120, DK at -103, ESPN at -115","283","48deab86651d256447d6bb35a3d9939c","2026-03-03T03:10:00+00:00","player_threes","False","Pending","","",""
"2026-03-02T10:12:17.025467-05:00","MIL Bucks vs BOS Celtics (7:40 PM EST)","Derrick White","Points","Under","17.5","-104","BetParx","3.6","40.0","10","False","FD at -130, DK at -126, ESPN at -125, Pinnacle at -122","473","3a1ef5b1bd5afc1ee417ba3992167357","2026-03-03T00:40:00+00:00","player_points","False","Pending","","",""
"2026-03-02T10:12:19.936019-05:00","MIL Bucks vs BOS Celtics (7:40 PM EST)","Derrick White","Points","Under","17.5","-106","BetRivers","2.64","40.0","10","False","FD at -130, DK at -126, ESPN at -125, Pinnacle at -122","473","3a1ef5b1bd5afc1ee417ba3992167357","2026-03-03T00:40:00+00:00","player_points","False","Pending","","",""
"2026-03-02T10:12:26.649059-05:00","MIL Bucks vs BOS Celtics (7:40 PM EST)","Derrick White","Points Rebounds Assists","Under","27.5","107","BetParx","2.24","50.0","10","False","FD at -112, DK at -113, ESPN at -110","473","3a1ef5b1bd5afc1ee417ba3992167357","2026-03-03T00:40:00+00:00","player_points_rebounds_assists","False","Pending","","",""
"2026-03-02T10:18:58.345829-05:00","UTA Jazz vs DEN Nuggets (9:10 PM EST)","Brice Sensabaugh","Threes","Under","2.5","-110","HardRockBet","6.63","40.0","10","False","FD at -148, DK at -140, ESPN at -130","56677842","1804ec1ea561b137f3b6a151af196bef","2026-03-03T02:10:00+00:00","player_threes","False","Pending","","",""
"2026-03-02T10:19:01.128113-05:00","UTA Jazz vs DEN Nuggets (9:10 PM EST)","Brice Sensabaugh","Threes","Under","2.5","-110","BetMGM","6.63","40.0","10","False","FD at -148, DK at -140, ESPN at -130","56677842","1804ec1ea561b137f3b6a151af196bef","2026-03-03T02:10:00+00:00","player_threes","False","Pending","","",""
"2026-03-02T10:22:28.713207-05:00","GSW Warriors vs LAC Clippers (10:10 PM EST)","Brandin Podziemski","Assists","Over","4.5","110","BallyBet","9.02","50.0","10","False","FD at -125, DK at 106, ESPN at 100, Pinnacle at -102","56677858","48deab86651d256447d6bb35a3d9939c","2026-03-03T03:10:00+00:00","player_assists","False","Pending","","",""
"2026-03-02T10:22:31.526858-05:00","GSW Warriors vs LAC Clippers (10:10 PM EST)","Brandin Podziemski","Assists","Over","4.5","110","BetRivers","9.02","50.0","10","False","FD at -125, DK at 106, ESPN at 100, Pinnacle at -102","56677858","48deab86651d256447d6bb35a3d9939c","2026-03-03T03:10:00+00:00","player_assists","False","Pending","","",""
"2026-03-02T10:38:54.561255-05:00","GSW Warriors vs LAC Clippers (10:10 PM EST)","Kris Dunn","Points Rebounds Assists","Over","15.5","100","BetMGM","3.83","70.0","10","True","FD at -125, DK at -117, ESPN at -125","139","48deab86651d256447d6bb35a3d9939c","2026-03-03T03:10:00+00:00","player_points_rebounds_assists","False","Pending","","",""
"2026-03-02T10:45:11.423207-05:00","MIL Bucks vs BOS Celtics (7:40 PM EST)","Derrick White","Points","Under","17.5","-104","BetParx","4.4","40.0","10","False","FD at -132, DK at -117, ESPN at -125, Pinnacle at -122","473","3a1ef5b1bd5afc1ee417ba3992167357","2026-03-03T00:40:00+00:00","player_points","False","Pending","","",""
"2026-03-02T10:45:14.814962-05:00","MIL Bucks vs BOS Celtics (7:40 PM EST)","Derrick White","Points","Under","17.5","-106","BetRivers","3.44","40.0","10","False","FD at -132, DK at -117, ESPN at -125, Pinnacle at -122","473","3a1ef5b1bd5afc1ee417ba3992167357","2026-03-03T00:40:00+00:00","player_points","False","Pending","","",""
"2026-03-02T10:45:17.858273-05:00","MIL Bucks vs BOS Celtics (7:40 PM EST)","Derrick White","Points Rebounds Assists","Under","27.5","107","BetParx","2.67","50.0","10","False","FD at -114, DK at -105, ESPN at -110","473","3a1ef5b1bd5afc1ee417ba3992167357","2026-03-03T00:40:00+00:00","player_points_rebounds_assists","False","Pending","","",""
"2026-03-02T10:48:34.559290-05:00","MIL Bucks vs BOS Celtics (7:40 PM EST)","Nikola Vucevic","Rebounds Assists","Over","9.5","105","HardRockBet","3.74","40.0","10","False","FD at -118, ESPN at -120","460","3a1ef5b1bd5afc1ee417ba3992167357","2026-03-03T00:40:00+00:00","player_rebounds_assists","False","Pending","","",""
"2026-03-02T10:48:41.057920-05:00","MIL Bucks vs BOS Celtics (7:40 PM EST)","Derrick White","Points Rebounds Assists","Under","27.5","106","BetRivers","3.0","50.0","10","False","FD at -114, DK at -105, ESPN at -110","473","3a1ef5b1bd5afc1ee417ba3992167357","2026-03-03T00:40:00+00:00","player_points_rebounds_assists","False","Pending","","",""
"2026-03-02T10:51:59.162120-05:00","MIL Bucks vs BOS Celtics (7:40 PM EST)","Derrick White","Points","Under","17.5","-104","BetParx","3.6","40.0","10","False","FD at -130, DK at -117, ESPN at -125, Pinnacle at -122","473","3a1ef5b1bd5afc1ee417ba3992167357","2026-03-03T00:40:00+00:00","player_points","False","Pending","","",""
"2026-03-02T10:52:02.006276-05:00","MIL Bucks vs BOS Celtics (7:40 PM EST)","Derrick White","Points","Under","17.5","-106","BetRivers","2.64","40.0","10","False","FD at -130, DK at -117, ESPN at -125, Pinnacle at -122","473","3a1ef5b1bd5afc1ee417ba3992167357","2026-03-03T00:40:00+00:00","player_points","False","Pending","","",""
"2026-03-02T10:55:14.401798-05:00","MIL Bucks vs BOS Celtics (7:40 PM EST)","Kevin Porter Jr.","Rebounds Assists","Over","11.5","-115","HardRockBet","3.03","60.0","10","False","FD at -144, ESPN at -140","666849","3a1ef5b1bd5afc1ee417ba3992167357","2026-03-03T00:40:00+00:00","player_rebounds_assists","False","Pending","","",""
"2026-03-02T10:58:17.780995-05:00","MIL Bucks vs BOS Celtics (7:40 PM EST)","Derrick White","Points","Under","17.5","-104","BetParx","4.4","40.0","10","False","FD at -132, DK at -117, ESPN at -125, Pinnacle at -122","473","3a1ef5b1bd5afc1ee417ba3992167357","2026-03-03T00:40:00+00:00","player_points","False","Pending","","",""
"2026-03-02T10:58:20.273489-05:00","MIL Bucks vs BOS Celtics (7:40 PM EST)","Derrick White","Points","Under","17.5","-106","BetRivers","3.44","40.0","10","False","FD at -132, DK at -117, ESPN at -125, Pinnacle at -122","473","3a1ef5b1bd5afc1ee417ba3992167357","2026-03-03T00:40:00+00:00","player_points","False","Pending","","",""
"2026-03-02T10:58:24.561989-05:00","MIL Bucks vs BOS Celtics (7:40 PM EST)","Payton Pritchard","Threes","Under","2.5","110","HardRockBet","3.73","40.0","10","False","FD at -112, DK at -103, ESPN at -105","3547276","3a1ef5b1bd5afc1ee417ba3992167357","2026-03-03T00:40:00+00:00","player_threes","False","Pending","","",""
"2026-03-02T11:01:46.995315-05:00","MIL Bucks vs BOS Celtics (7:40 PM EST)","Payton Pritchard","Threes","Under","2.5","110","HardRockBet","5.0","40.0","10","False","FD at -114, DK at -103, ESPN at -105","3547276","3a1ef5b1bd5afc1ee417ba3992167357","2026-03-03T00:40:00+00:00","player_threes","False","Pending","","",""
"2026-03-02T11:01:58.164732-05:00","UTA Jazz vs DEN Nuggets (9:10 PM EST)","Isaiah Collier","Rebounds","Over","2.5","-140","BetMGM","3.14","40.0","10","False","FD at -182, DK at -169","1028025362","1804ec1ea561b137f3b6a151af196bef","2026-03-03T02:10:00+00:00","player_rebounds","False","Pending","","",""
"2026-03-02T11:20:49.919721-05:00","UTA Jazz vs DEN Nuggets (9:10 PM EST)","Julian Strawther","Points","Over","10.5","100","BetParx","2.02","70.0","10","False","FD at -120, DK at -115, ESPN at -120","56677776","1804ec1ea561b137f3b6a151af196bef","2026-03-03T02:10:00+00:00","player_points","False","Pending","","",""
"2026-03-02T11:24:16.026188-05:00","MIL Bucks vs BOS Celtics (7:40 PM EST)","Kevin Porter Jr.","Points","Under","18.5","-103","BetParx","4.09","40.0","10","False","FD at -130, DK at -120, ESPN at -125, Pinnacle at -124","666849","3a1ef5b1bd5afc1ee417ba3992167357","2026-03-03T00:40:00+00:00","player_points","False","Pending","","",""
"2026-03-02T11:24:19.991870-05:00","MIL Bucks vs BOS Celtics (7:40 PM EST)","Kevin Porter Jr.","Points","Under","18.5","-104","BetRivers","3.6","40.0","10","False","FD at -130, DK at -120, ESPN at -125, Pinnacle at -124","666849","3a1ef5b1bd5afc1ee417ba3992167357","2026-03-03T00:40:00+00:00","player_points","False","Pending","","",""
"2026-03-02T11:24:28.380445-05:00","MIL Bucks vs BOS Celtics (7:40 PM EST)","Payton Pritchard","Rebounds","Over","3.5","100","HardRockBet","2.02","40.0","10","False","FD at -120, DK at -103, ESPN at -120","3547276","3a1ef5b1bd5afc1ee417ba3992167357","2026-03-03T00:40:00+00:00","player_rebounds","False","Pending","","",""
"2026-03-02T11:27:33.746829-05:00","MIL Bucks vs BOS Celtics (7:40 PM EST)","Derrick White","Points","Under","17.5","-103","BetParx","4.09","40.0","10","False","FD at -130, DK at -117, ESPN at -125, Pinnacle at -122","473","3a1ef5b1bd5afc1ee417ba3992167357","2026-03-03T00:40:00+00:00","player_points","False","Pending","","",""
"2026-03-02T11:27:38.383488-05:00","MIL Bucks vs BOS Celtics (7:40 PM EST)","Derrick White","Points","Under","17.5","-105","BetRivers","3.12","40.0","10","False","FD at -130, DK at -117, ESPN at -125, Pinnacle at -122","473","3a1ef5b1bd5afc1ee417ba3992167357","2026-03-03T00:40:00+00:00","player_points","False","Pending","","",""
"2026-03-02T11:34:28.859561-05:00","UTA Jazz vs DEN Nuggets (9:10 PM EST)","Isaiah Collier","Rebounds","Over","2.5","-140","HardRockBet","3.14","40.0","10","False","FD at -182, DK at -169, ESPN at -165","1028025362","1804ec1ea561b137f3b6a151af196bef","2026-03-03T02:10:00+00:00","player_rebounds","False","Pending","","",""
48deab86651d256447d6bb35a3d9939c_17553992_player_points_Over_14.5_ballybet_2026-03-02 20:37,2026-03-02T20:37:49.778361-05:00,GSW Warriors vs LAC Clippers (10:10 PM EST),Moses Moody,Points,Over,14.5,102,BallyBet,3.1,50.0,10,False,"FD at -118, DK at -122, ESPN at -105, Pinnacle at -118",17553992,48deab86651d256447d6bb35a3d9939c,2026-03-03T03:10:00+00:00,player_points,False,Pending,,,
48deab86651d256447d6bb35a3d9939c_17553992_player_points_Over_14.5_betparx_2026-03-02 20:37,2026-03-02T20:37:54.338997-05:00,GSW Warriors vs LAC Clippers (10:10 PM EST),Moses Moody,Points,Over,14.5,104,BetParx,4.12,50.0,10,False,"FD at -118, DK at -122, ESPN at -105, Pinnacle at -118",17553992,48deab86651d256447d6bb35a3d9939c,2026-03-03T03:10:00+00:00,player_points,False,Pending,,,
48deab86651d256447d6bb35a3d9939c_17553992_player_points_Over_14.5_betrivers_2026-03-02 20:37,2026-03-02T20:37:58.805273-05:00,GSW Warriors vs LAC Clippers (10:10 PM EST),Moses Moody,Points,Over,14.5,102,BetRivers,3.1,50.0,10,False,"FD at -118, DK at -122, ESPN at -105, Pinnacle at -118",17553992,48deab86651d256447d6bb35a3d9939c,2026-03-03T03:10:00+00:00,player_points,False,Pending,,,
48deab86651d256447d6bb35a3d9939c_313_player_rebounds_Under_3.5_hardrockbet_2026-03-02 20:38,2026-03-02T20:38:07.168477-05:00,GSW Warriors vs LAC Clippers (10:10 PM EST),De'Anthony Melton,Rebounds,Under,3.5,-135,HardRockBet,6.29,60.0,10,False,"FD at -184, DK at -155, ESPN at -150",313,48deab86651d256447d6bb35a3d9939c,2026-03-03T03:10:00+00:00,player_rebounds,False,Pending,,,
48deab86651d256447d6bb35a3d9939c_185_player_points_assists_Under_13.5_betmgm_2026-03-02 20:38,2026-03-02T20:38:20.296265-05:00,GSW Warriors vs LAC Clippers (10:10 PM EST),Draymond Green,Points Assists,Under,13.5,100,BetMGM,6.45,50.0,10,False,"FD at -132, DK at -117, ESPN at -125",185,48deab86651d256447d6bb35a3d9939c,2026-03-03T03:10:00+00:00,player_points_assists,False,Pending,,,
1804ec1ea561b137f3b6a151af196bef_246_player_assists_Over_10.5_draftkings_2026-03-02 20:58,2026-03-02T20:58:45.413908-05:00,UTA Jazz vs DEN Nuggets (9:10 PM EST),Nikola Jokic,Assists,Over,10.5,106,DraftKings,3.86,50.0,10,False,"FD at -115, DK at 106, ESPN at -115",246,1804ec1ea561b137f3b6a151af196bef,2026-03-03T02:10:00+00:00,player_assists,False,Pending,,,
48deab86651d256447d6bb35a3d9939c_139_player_rebounds_Under_3.5_draftkings_2026-03-02 20:58,2026-03-02T20:58:54.404066-05:00,GSW Warriors vs LAC Clippers (10:10 PM EST),Kris Dunn,Rebounds,Under,3.5,109,DraftKings,2.33,50.0,10,False,"FD at -108, DK at 109, ESPN at -110",139,48deab86651d256447d6bb35a3d9939c,2026-03-03T03:10:00+00:00,player_rebounds,False,Pending,,,
48deab86651d256447d6bb35a3d9939c_795959473_player_assists_Over_4.5_hardrockbet_2026-03-02 20:59,2026-03-02T20:59:04.434898-05:00,GSW Warriors vs LAC Clippers (10:10 PM EST),Pat Spencer,Assists,Over,4.5,-110,HardRockBet,4.37,50.0,10,False,"FD at -138, DK at -149, ESPN at -140",795959473,48deab86651d256447d6bb35a3d9939c,2026-03-03T03:10:00+00:00,player_assists,False,Pending,,,
48deab86651d256447d6bb35a3d9939c_185_player_points_assists_Under_13.5_betmgm_2026-03-02 20:59,2026-03-02T20:59:13.494358-05:00,GSW Warriors vs LAC Clippers (10:10 PM EST),Draymond Green,Points Assists,Under,13.5,100,BetMGM,4.82,50.0,10,False,"FD at -128, DK at -115, ESPN at -120",185,48deab86651d256447d6bb35a3d9939c,2026-03-03T03:10:00+00:00,player_points_assists,False,Pending,,,
48deab86651d256447d6bb35a3d9939c_57875092_player_rebounds_assists_Under_8.5_draftkings_2026-03-02 20:59,2026-03-02T20:59:21.859098-05:00,GSW Warriors vs LAC Clippers (10:10 PM EST),Gui Santos,Rebounds Assists,Under,8.5,-113,DraftKings,5.46,40.0,10,False,"FD at -146, DK at -113, ESPN at -130",57875092,48deab86651d256447d6bb35a3d9939c,2026-03-03T03:10:00+00:00,player_rebounds_assists,False,Pending,,,
48deab86651d256447d6bb35a3d9939c_795959473_player_assists_Over_4.5_hardrockbet_2026-03-02 21:19,2026-03-02T21:19:45.075188-05:00,GSW Warriors vs LAC Clippers (10:10 PM EST),Pat Spencer,Assists,Over,4.5,-110,HardRockBet,3.62,50.0,10,False,"FD at -136, DK at -149, ESPN at -140",795959473,48deab86651d256447d6bb35a3d9939c,2026-03-03T03:10:00+00:00,player_assists,False,Pending,,,
48deab86651d256447d6bb35a3d9939c_185_player_points_assists_Under_13.5_betmgm_2026-03-02 21:19,2026-03-02T21:19:52.991914-05:00,GSW Warriors vs LAC Clippers (10:10 PM EST),Draymond Green,Points Assists,Under,13.5,100,BetMGM,5.63,50.0,10,False,"FD at -130, DK at -115, ESPN at -120",185,48deab86651d256447d6bb35a3d9939c,2026-03-03T03:10:00+00:00,player_points_assists,False,Pending,,,
48deab86651d256447d6bb35a3d9939c_38017686_player_rebounds_Under_5.5_betparx_2026-03-02 21:40,2026-03-02T21:40:13.492712-05:00,GSW Warriors vs LAC Clippers (10:10 PM EST),Bennedict Mathurin,Rebounds,Under,5.5,-127,BetParx,5.35,50.0,10,False,"FD at -166, DK at -145, ESPN at -150, Pinnacle at -148",38017686,48deab86651d256447d6bb35a3d9939c,2026-03-03T03:10:00+00:00,player_rebounds,False,Pending,,,
48deab86651d256447d6bb35a3d9939c_38017686_player_rebounds_Under_5.5_betrivers_2026-03-02 21:40,2026-03-02T21:40:17.900646-05:00,GSW Warriors vs LAC Clippers (10:10 PM EST),Bennedict Mathurin,Rebounds,Under,5.5,-129,BetRivers,4.63,50.0,10,False,"FD at -166, DK at -145, ESPN at -150, Pinnacle at -148",38017686,48deab86651d256447d6bb35a3d9939c,2026-03-03T03:10:00+00:00,player_rebounds,False,Pending,,,
48deab86651d256447d6bb35a3d9939c_313_player_rebounds_Under_3.5_hardrockbet_2026-03-02 21:40,2026-03-02T21:40:22.186375-05:00,GSW Warriors vs LAC Clippers (10:10 PM EST),De'Anthony Melton,Rebounds,Under,3.5,-140,HardRockBet,4.82,60.0,10,False,"FD at -186, DK at -168",313,48deab86651d256447d6bb35a3d9939c,2026-03-03T03:10:00+00:00,player_rebounds,False,Pending,,,
48deab86651d256447d6bb35a3d9939c_795959473_player_assists_Over_4.5_hardrockbet_2026-03-02 21:40,2026-03-02T21:40:31.013609-05:00,GSW Warriors vs LAC Clippers (10:10 PM EST),Pat Spencer,Assists,Over,4.5,-115,HardRockBet,2.21,50.0,10,False,"FD at -138, DK at -154",795959473,48deab86651d256447d6bb35a3d9939c,2026-03-03T03:10:00+00:00,player_assists,False,Pending,,,
48deab86651d256447d6bb35a3d9939c_219_player_threes_Over_1.5_hardrockbet_2026-03-02 21:40,2026-03-02T21:40:39.558212-05:00,GSW Warriors vs LAC Clippers (10:10 PM EST),Al Horford,Threes,Over,1.5,-110,HardRockBet,6.81,50.0,10,False,"FD at -146, DK at -149",219,48deab86651d256447d6bb35a3d9939c,2026-03-03T03:10:00+00:00,player_threes,False,Pending,,,
48deab86651d256447d6bb35a3d9939c_219_player_points_Over_9.5_hardrockbet_2026-03-02 22:00,2026-03-02T22:00:49.366115-05:00,GSW Warriors vs LAC Clippers (10:10 PM EST),Al Horford,Points,Over,9.5,110,HardRockBet,11.07,60.0,10,False,"FD at -128, DK at -128, ESPN at -125, Pinnacle at -121",219,48deab86651d256447d6bb35a3d9939c,2026-03-03T03:10:00+00:00,player_points,False,Pending,,,
48deab86651d256447d6bb35a3d9939c_219_player_rebounds_Over_5.5_betmgm_2026-03-02 22:00,2026-03-02T22:00:58.378206-05:00,GSW Warriors vs LAC Clippers (10:10 PM EST),Al Horford,Rebounds,Over,5.5,-115,BetMGM,5.95,40.0,10,False,"FD at -150, DK at -151",219,48deab86651d256447d6bb35a3d9939c,2026-03-03T03:10:00+00:00,player_rebounds,False,Pending,,,
48deab86651d256447d6bb35a3d9939c_219_player_rebounds_Over_5.5_hardrockbet_2026-03-02 22:01,2026-03-02T22:01:02.915900-05:00,GSW Warriors vs LAC Clippers (10:10 PM EST),Al Horford,Rebounds,Over,5.5,-110,HardRockBet,8.19,40.0,10,False,"FD at -150, DK at -151",219,48deab86651d256447d6bb35a3d9939c,2026-03-03T03:10:00+00:00,player_rebounds,False,Pending,,,
48deab86651d256447d6bb35a3d9939c_219_player_rebounds_assists_Over_8.5_hardrockbet_2026-03-02 22:01,2026-03-02T22:01:11.646670-05:00,GSW Warriors vs LAC Clippers (10:10 PM EST),Al Horford,Rebounds Assists,Over,8.5,100,HardRockBet,10.11,40.0,10,False,"FD at -140, ESPN at -140",219,48deab86651d256447d6bb35a3d9939c,2026-03-03T03:10:00+00:00,player_rebounds_assists,False,Pending,,,
48deab86651d256447d6bb35a3d9939c_219_player_threes_Over_1.5_hardrockbet_2026-03-02 22:01,2026-03-02T22:01:20.166269-05:00,GSW Warriors vs LAC Clippers (10:10 PM EST),Al Horford,Threes,Over,1.5,-115,HardRockBet,3.64,50.0,10,False,"FD at -142, DK at -149, ESPN at -145",219,48deab86651d256447d6bb35a3d9939c,2026-03-03T03:10:00+00:00,player_threes,False,Pending,,,
1da265a6a1035935a4d2f806af7c3a74_17895966_player_rebounds_Under_3.5_hardrockbet_2026-03-03 08:08,2026-03-03T08:08:01.934910-05:00,SAC Kings vs PHX Suns (11:10 PM EST),Jalen Green,Rebounds,Under,3.5,100,HardRockBet,3.67,70.0,10,True,"FanDuel at -130, DraftKings at -118, theScore at -120",17895966,1da265a6a1035935a4d2f806af7c3a74,2026-03-04T04:10:00+00:00,player_rebounds,False,Pending,,,
1da265a6a1035935a4d2f806af7c3a74_17895966_player_assists_Under_2.5_draftkings_2026-03-03 08:08,2026-03-03T08:08:09.578276-05:00,SAC Kings vs PHX Suns (11:10 PM EST),Jalen Green,Assists,Under,2.5,-111,DraftKings,2.28,60.0,10,False,"FanDuel at -146, theScore at -120",17895966,1da265a6a1035935a4d2f806af7c3a74,2026-03-04T04:10:00+00:00,player_assists,False,Pending,,,
1da265a6a1035935a4d2f806af7c3a74_17895966_player_assists_Under_2.5_hardrockbet_2026-03-03 08:08,2026-03-03T08:08:13.819887-05:00,SAC Kings vs PHX Suns (11:10 PM EST),Jalen Green,Assists,Under,2.5,-105,HardRockBet,3.25,60.0,10,False,"FanDuel at -146, DraftKings at -111, theScore at -120",17895966,1da265a6a1035935a4d2f806af7c3a74,2026-03-04T04:10:00+00:00,player_assists,False,Pending,,,
1da265a6a1035935a4d2f806af7c3a74_17895966_player_rebounds_Under_3.5_hardrockbet_2026-03-03 08:30,2026-03-03T08:30:06.128339-05:00,SAC Kings vs PHX Suns (11:10 PM EST),Jalen Green,Rebounds,Under,3.5,105,HardRockBet,5.84,70.0,10,False,"FanDuel at -128, DraftKings at -118, theScore at -120",17895966,1da265a6a1035935a4d2f806af7c3a74,2026-03-04T04:10:00+00:00,player_rebounds,False,Pending,,,
63d7f24774bdc95465206323a257aa73_666969_player_rebounds_Over_4.5_ballybet_2026-03-03 08:41,2026-03-03T08:41:24.818657-05:00,LAL Lakers vs NOP Pelicans (10:40 PM EST),Zion Williamson,Rebounds,Over,4.5,-121,BallyBet,2.98,50.0,10,False,"FanDuel at -158, DraftKings at -148, theScore at -145",666969,63d7f24774bdc95465206323a257aa73,2026-03-04T03:40:00+00:00,player_rebounds,False,Pending,,,
63d7f24774bdc95465206323a257aa73_666969_player_rebounds_Over_4.5_betrivers_2026-03-03 08:41,2026-03-03T08:41:29.880920-05:00,LAL Lakers vs NOP Pelicans (10:40 PM EST),Zion Williamson,Rebounds,Over,4.5,-122,BetRivers,2.6,50.0,10,False,"FanDuel at -158, DraftKings at -148, theScore at -145",666969,63d7f24774bdc95465206323a257aa73,2026-03-04T03:40:00+00:00,player_rebounds,False,Pending,,,
b6df29b0fdf2fd3b00b97b1e81870cca_3547299_player_assists_Over_1.5_betmgm_2026-03-03 08:46,2026-03-03T08:46:53.994027-05:00,CLE Cavaliers vs DET Pistons (7:10 PM EST),Sam Merrill,Assists,Over,1.5,-150,BetMGM,2.37,60.0,10,False,"DraftKings at -195, theScore at -190",3547299,b6df29b0fdf2fd3b00b97b1e81870cca,2026-03-04T00:10:00+00:00,player_assists,False,Pending,,,
63d7f24774bdc95465206323a257aa73_334_player_rebounds_assists_Over_8.5_betmgm_2026-03-03 08:53,2026-03-03T08:53:16.691442-05:00,LAL Lakers vs NOP Pelicans (10:40 PM EST),Dejounte Murray,Rebounds Assists,Over,8.5,100,BetMGM,4.06,66.67,3,False,"FanDuel at -125, DraftKings at -127, theScore at -125",334,63d7f24774bdc95465206323a257aa73,2026-03-04T03:40:00+00:00,player_rebounds_assists,False,Pending,,,
63d7f24774bdc95465206323a257aa73_334_player_rebounds_assists_Over_8.5_hardrockbet_2026-03-03 08:53,2026-03-03T08:53:20.936915-05:00,LAL Lakers vs NOP Pelicans (10:40 PM EST),Dejounte Murray,Rebounds Assists,Over,8.5,100,HardRockBet,4.06,66.67,3,False,"FanDuel at -125, DraftKings at -127, theScore at -125",334,63d7f24774bdc95465206323a257aa73,2026-03-04T03:40:00+00:00,player_rebounds_assists,False,Pending,,,
6178a340912ea77ebb5169a9c65f3ec7_1028025177_player_points_Over_15.5_betparx_2026-03-03 09:10,2026-03-03T09:10:20.926664-05:00,CHI Bulls vs OKC Thunder (8:10 PM EST),Matas Buzelis,Points,Over,15.5,-103,BetParx,2.5,60.0,10,False,"DraftKings at -123, theScore at -125",1028025177,6178a340912ea77ebb5169a9c65f3ec7,2026-03-04T01:10:00+00:00,player_points,False,Pending,,,
63d7f24774bdc95465206323a257aa73_334_player_rebounds_assists_Over_8.5_betmgm_2026-03-03 09:10,2026-03-03T09:10:37.488259-05:00,LAL Lakers vs NOP Pelicans (10:40 PM EST),Dejounte Murray,Rebounds Assists,Over,8.5,100,BetMGM,4.96,66.67,3,False,"FanDuel at -130, DraftKings at -127, theScore at -125",334,63d7f24774bdc95465206323a257aa73,2026-03-04T03:40:00+00:00,player_rebounds_assists,False,Pending,,,
63d7f24774bdc95465206323a257aa73_334_player_rebounds_assists_Over_8.5_hardrockbet_2026-03-03 09:10,2026-03-03T09:10:41.802790-05:00,LAL Lakers vs NOP Pelicans (10:40 PM EST),Dejounte Murray,Rebounds Assists,Over,8.5,100,HardRockBet,4.96,66.67,3,False,"FanDuel at -130, DraftKings at -127, theScore at -125",334,63d7f24774bdc95465206323a257aa73,2026-03-04T03:40:00+00:00,player_rebounds_assists,False,Pending,,,
1da265a6a1035935a4d2f806af7c3a74_17895966_player_assists_Over_2.5_espnbet_2026-03-03 09:17,2026-03-03T09:17:03.187986-05:00,SAC Kings vs PHX Suns (11:10 PM EST),Jalen Green,Assists,Over,2.5,-110,theScore,3.08,40.0,10,False,"FanDuel at -140, DraftKings at -128",17895966,1da265a6a1035935a4d2f806af7c3a74,2026-03-04T04:10:00+00:00,player_assists,False,Pending,,,
63d7f24774bdc95465206323a257aa73_666969_player_rebounds_Over_4.5_hardrockbet_2026-03-03 09:22,2026-03-03T09:22:29.955781-05:00,LAL Lakers vs NOP Pelicans (10:40 PM EST),Zion Williamson,Rebounds,Over,4.5,-120,HardRockBet,2.2,50.0,10,False,"FanDuel at -158, DraftKings at -137, theScore at -140",666969,63d7f24774bdc95465206323a257aa73,2026-03-04T03:40:00+00:00,player_rebounds,False,Pending,,,
b6df29b0fdf2fd3b00b97b1e81870cca_3547299_player_assists_Over_1.5_betmgm_2026-03-03 09:27,2026-03-03T09:27:49.549730-05:00,CLE Cavaliers vs DET Pistons (7:10 PM EST),Sam Merrill,Assists,Over,1.5,-150,BetMGM,3.05,60.0,10,False,"DraftKings at -193, theScore at -195",3547299,b6df29b0fdf2fd3b00b97b1e81870cca,2026-03-04T00:10:00+00:00,player_assists,False,Pending,,,
63d7f24774bdc95465206323a257aa73_334_player_rebounds_assists_Over_8.5_betmgm_2026-03-03 09:28,2026-03-03T09:28:45.923320-05:00,LAL Lakers vs NOP Pelicans (10:40 PM EST),Dejounte Murray,Rebounds Assists,Over,8.5,100,BetMGM,6.78,66.67,3,False,"FanDuel at -138, DraftKings at -133, theScore at -125",334,63d7f24774bdc95465206323a257aa73,2026-03-04T03:40:00+00:00,player_rebounds_assists,False,Pending,,,
63d7f24774bdc95465206323a257aa73_334_player_rebounds_assists_Over_8.5_hardrockbet_2026-03-03 09:28,2026-03-03T09:28:50.239434-05:00,LAL Lakers vs NOP Pelicans (10:40 PM EST),Dejounte Murray,Rebounds Assists,Over,8.5,100,HardRockBet,6.78,66.67,3,False,"FanDuel at -138, DraftKings at -133, theScore at -125",334,63d7f24774bdc95465206323a257aa73,2026-03-04T03:40:00+00:00,player_rebounds_assists,False,Pending,,,
63d7f24774bdc95465206323a257aa73_334_player_rebounds_assists_Over_8.5_betmgm_2026-03-03 09:34,2026-03-03T09:34:20.913832-05:00,LAL Lakers vs NOP Pelicans (10:40 PM EST),Dejounte Murray,Rebounds Assists,Over,8.5,100,BetMGM,8.38,66.67,3,False,"FanDuel at -136, DraftKings at -141, theScore at -140",334,63d7f24774bdc95465206323a257aa73,2026-03-04T03:40:00+00:00,player_rebounds_assists,False,Pending,,,
b6df29b0fdf2fd3b00b97b1e81870cca_17896076_player_rebounds_Over_7.5_ballybet_2026-03-03 09:39,2026-03-03T09:39:36.477627-05:00,CLE Cavaliers vs DET Pistons (7:10 PM EST),Evan Mobley,Rebounds,Over,7.5,105,BallyBet,2.16,60.0,10,False,"FanDuel at -114, DraftKings at -110, theScore at -110, PINNACLE at -132",17896076,b6df29b0fdf2fd3b00b97b1e81870cca,2026-03-04T00:10:00+00:00,player_rebounds,False,Pending,,,
b6df29b0fdf2fd3b00b97b1e81870cca_17896076_player_rebounds_Over_7.5_betparx_2026-03-03 09:39,2026-03-03T09:39:41.375077-05:00,CLE Cavaliers vs DET Pistons (7:10 PM EST),Evan Mobley,Rebounds,Over,7.5,105,BetParx,2.16,60.0,10,False,"FanDuel at -114, DraftKings at -110, theScore at -110, PINNACLE at -132",17896076,b6df29b0fdf2fd3b00b97b1e81870cca,2026-03-04T00:10:00+00:00,player_rebounds,False,Pending,,,
63d7f24774bdc95465206323a257aa73_666969_player_rebounds_assists_Over_7.5_betmgm_2026-03-03 09:52,2026-03-03T09:52:07.060506-05:00,LAL Lakers vs NOP Pelicans (10:40 PM EST),Zion Williamson,Rebounds Assists,Over,7.5,-120,BetMGM,2.07,50.0,10,False,"DraftKings at -140, theScore at -150",666969,63d7f24774bdc95465206323a257aa73,2026-03-04T03:40:00+00:00,player_rebounds_assists,False,Pending,,,
63d7f24774bdc95465206323a257aa73_666969_player_rebounds_assists_Over_7.5_hardrockbet_2026-03-03 09:52,2026-03-03T09:52:14.766470-05:00,LAL Lakers vs NOP Pelicans (10:40 PM EST),Zion Williamson,Rebounds Assists,Over,7.5,-120,HardRockBet,2.07,50.0,10,False,"DraftKings at -140, theScore at -150",666969,63d7f24774bdc95465206323a257aa73,2026-03-04T03:40:00+00:00,player_rebounds_assists,False,Pending,,,
b6df29b0fdf2fd3b00b97b1e81870cca_17896076_player_rebounds_Over_7.5_draftkings_2026-03-03 10:09,2026-03-03T10:09:19.142427-05:00,CLE Cavaliers vs DET Pistons (7:10 PM EST),Evan Mobley,Rebounds,Over,7.5,-110,DraftKings,2.27,60.0,10,False,"FanDuel at -130, theScore at -140, PINNACLE at -136",17896076,b6df29b0fdf2fd3b00b97b1e81870cca,2026-03-04T00:10:00+00:00,player_rebounds,False,Pending,,,
b6df29b0fdf2fd3b00b97b1e81870cca_17896076_player_rebounds_Over_7.5_betmgm_2026-03-03 10:09,2026-03-03T10:09:23.977085-05:00,CLE Cavaliers vs DET Pistons (7:10 PM EST),Evan Mobley,Rebounds,Over,7.5,-105,BetMGM,2.84,60.0,10,False,"FanDuel at -130, DraftKings at -110, theScore at -140, PINNACLE at -136",17896076,b6df29b0fdf2fd3b00b97b1e81870cca,2026-03-04T00:10:00+00:00,player_rebounds,False,Pending,,,
b6df29b0fdf2fd3b00b97b1e81870cca_17896076_player_rebounds_Over_7.5_ballybet_2026-03-03 10:09,2026-03-03T10:09:28.710797-05:00,CLE Cavaliers vs DET Pistons (7:10 PM EST),Evan Mobley,Rebounds,Over,7.5,-105,BallyBet,2.84,60.0,10,False,"FanDuel at -130, DraftKings at -110, theScore at -140, PINNACLE at -136",17896076,b6df29b0fdf2fd3b00b97b1e81870cca,2026-03-04T00:10:00+00:00,player_rebounds,False,Pending,,,
b6df29b0fdf2fd3b00b97b1e81870cca_17896076_player_rebounds_Over_7.5_betparx_2026-03-03 10:09,2026-03-03T10:09:33.139216-05:00,CLE Cavaliers vs DET Pistons (7:10 PM EST),Evan Mobley,Rebounds,Over,7.5,-105,BetParx,2.84,60.0,10,False,"FanDuel at -130, DraftKings at -110, theScore at -140, PINNACLE at -136",17896076,b6df29b0fdf2fd3b00b97b1e81870cca,2026-03-04T00:10:00+00:00,player_rebounds,False,Pending,,,
b6df29b0fdf2fd3b00b97b1e81870cca_17896076_player_rebounds_Over_7.5_betrivers_2026-03-03 10:09,2026-03-03T10:09:39.252223-05:00,CLE Cavaliers vs DET Pistons (7:10 PM EST),Evan Mobley,Rebounds,Over,7.5,-106,BetRivers,2.36,60.0,10,False,"FanDuel at -130, DraftKings at -110, theScore at -140, PINNACLE at -136",17896076,b6df29b0fdf2fd3b00b97b1e81870cca,2026-03-04T00:10:00+00:00,player_rebounds,False,Pending,,,
1da265a6a1035935a4d2f806af7c3a74_125_player_assists_Under_3.5_hardrockbet_2026-03-03 10:10,2026-03-03T10:10:14.118608-05:00,SAC Kings vs PHX Suns (11:10 PM EST),DeMar DeRozan,Assists,Under,3.5,-110,HardRockBet,2.57,40.0,10,False,"FanDuel at -136, DraftKings at -140, theScore at -130",125,1da265a6a1035935a4d2f806af7c3a74,2026-03-04T04:10:00+00:00,player_assists,False,Pending,,,
1da265a6a1035935a4d2f806af7c3a74_17895966_player_rebounds_Under_3.5_hardrockbet_2026-03-03 10:28,2026-03-03T10:28:46.936274-05:00,SAC Kings vs PHX Suns (11:10 PM EST),Jalen Green,Rebounds,Under,3.5,105,HardRockBet,6.05,70.0,10,False,"FanDuel at -130, DraftKings at -115, theScore at -120",17895966,1da265a6a1035935a4d2f806af7c3a74,2026-03-04T04:10:00+00:00,player_rebounds,False,Pending,,,
b6df29b0fdf2fd3b00b97b1e81870cca_3547299_player_rebounds_Under_2.5_betmgm_2026-03-03 10:33,2026-03-03T10:33:54.725375-05:00,CLE Cavaliers vs DET Pistons (7:10 PM EST),Sam Merrill,Rebounds,Under,2.5,-150,BetMGM,2.03,60.0,10,False,"FanDuel at -188, DraftKings at -184, theScore at -195",3547299,b6df29b0fdf2fd3b00b97b1e81870cca,2026-03-04T00:10:00+00:00,player_rebounds,False,Pending,,,
b6df29b0fdf2fd3b00b97b1e81870cca_17896076_player_points_rebounds_Over_24.5_betmgm_2026-03-03 10:46,2026-03-03T10:46:11.283218-05:00,CLE Cavaliers vs DET Pistons (7:10 PM EST),Evan Mobley,Points Rebounds,Over,24.5,100,BetMGM,2.11,50.0,10,False,"DraftKings at -120, theScore at -120",17896076,b6df29b0fdf2fd3b00b97b1e81870cca,2026-03-04T00:10:00+00:00,player_points_rebounds,False,Pending,,,
b6df29b0fdf2fd3b00b97b1e81870cca_17896076_player_points_assists_Over_19.5_hardrockbet_2026-03-03 10:46,2026-03-03T10:46:19.795308-05:00,CLE Cavaliers vs DET Pistons (7:10 PM EST),Evan Mobley,Points Assists,Over,19.5,100,HardRockBet,4.13,40.0,10,False,"DraftKings at -126, theScore at -125",17896076,b6df29b0fdf2fd3b00b97b1e81870cca,2026-03-04T00:10:00+00:00,player_points_assists,False,Pending,,,
637bb875ffdc47533ca3ed42d7bbcaa7_1057280779_player_points_Under_11.5_betparx_2026-03-03 10:46,2026-03-03T10:46:26.580125-05:00,MIA Heat vs BKN Nets (7:40 PM EST),Danny Wolf,Points,Under,11.5,106,BetParx,8.35,40.0,10,False,"FanDuel at -130, PINNACLE at -124",1057280779,637bb875ffdc47533ca3ed42d7bbcaa7,2026-03-04T00:40:00+00:00,player_points,False,Pending,,,
637bb875ffdc47533ca3ed42d7bbcaa7_1057280779_player_points_Under_11.5_betrivers_2026-03-03 10:46,2026-03-03T10:46:31.591380-05:00,MIA Heat vs BKN Nets (7:40 PM EST),Danny Wolf,Points,Under,11.5,106,BetRivers,8.35,40.0,10,False,"FanDuel at -130, PINNACLE at -124",1057280779,637bb875ffdc47533ca3ed42d7bbcaa7,2026-03-04T00:40:00+00:00,player_points,False,Pending,,,
b6df29b0fdf2fd3b00b97b1e81870cca_17896076_player_points_rebounds_Over_24.5_betmgm_2026-03-03 10:47,2026-03-03T10:47:10.548176-05:00,CLE Cavaliers vs DET Pistons (7:10 PM EST),Evan Mobley,Points Rebounds,Over,24.5,100,BetMGM,2.11,50.0,10,False,"DraftKings at -120, theScore at -120",17896076,b6df29b0fdf2fd3b00b97b1e81870cca,2026-03-04T00:10:00+00:00,player_points_rebounds,False,Pending,,,
b6df29b0fdf2fd3b00b97b1e81870cca_17896076_player_points_assists_Over_19.5_hardrockbet_2026-03-03 10:47,2026-03-03T10:47:18.469077-05:00,CLE Cavaliers vs DET Pistons (7:10 PM EST),Evan Mobley,Points Assists,Over,19.5,100,HardRockBet,4.13,40.0,10,False,"DraftKings at -126, theScore at -125",17896076,b6df29b0fdf2fd3b00b97b1e81870cca,2026-03-04T00:10:00+00:00,player_points_assists,False,Pending,,,
637bb875ffdc47533ca3ed42d7bbcaa7_1057280779_player_points_Under_11.5_betparx_2026-03-03 10:47,2026-03-03T10:47:39.129927-05:00,MIA Heat vs BKN Nets (7:40 PM EST),Danny Wolf,Points,Under,11.5,106,BetParx,8.35,40.0,10,False,"FanDuel at -130, PINNACLE at -124",1057280779,637bb875ffdc47533ca3ed42d7bbcaa7,2026-03-04T00:40:00+00:00,player_points,False,Pending,,,
637bb875ffdc47533ca3ed42d7bbcaa7_1057280779_player_points_Under_11.5_betrivers_2026-03-03 10:47,2026-03-03T10:47:43.753538-05:00,MIA Heat vs BKN Nets (7:40 PM EST),Danny Wolf,Points,Under,11.5,106,BetRivers,8.35,40.0,10,False,"FanDuel at -130, PINNACLE at -124",1057280779,637bb875ffdc47533ca3ed42d7bbcaa7,2026-03-04T00:40:00+00:00,player_points,False,Pending,,,
6178a340912ea77ebb5169a9c65f3ec7_1028025177_player_rebounds_Under_6.5_betrivers_2026-03-03 10:52,2026-03-03T10:52:42.740320-05:00,CHI Bulls vs OKC Thunder (8:10 PM EST),Matas Buzelis,Rebounds,Under,6.5,-103,BetRivers,2.09,50.0,10,False,"FanDuel at -118, DraftKings at -129, theScore at -125, PINNACLE at -137",1028025177,6178a340912ea77ebb5169a9c65f3ec7,2026-03-04T01:10:00+00:00,player_rebounds,False,Pending,,,
6178a340912ea77ebb5169a9c65f3ec7_1028025177_player_rebounds_Under_6.5_betparx_2026-03-03 10:52,2026-03-03T10:52:47.163204-05:00,CHI Bulls vs OKC Thunder (8:10 PM EST),Matas Buzelis,Rebounds,Under,6.5,100,BetParx,3.59,50.0,10,False,"FanDuel at -118, DraftKings at -129, theScore at -125, PINNACLE at -137",1028025177,6178a340912ea77ebb5169a9c65f3ec7,2026-03-04T01:10:00+00:00,player_rebounds,False,Pending,,,
6178a340912ea77ebb5169a9c65f3ec7_1028025177_player_rebounds_Under_6.5_betrivers_2026-03-03 10:52,2026-03-03T10:52:46.289541-05:00,CHI Bulls vs OKC Thunder (8:10 PM EST),Matas Buzelis,Rebounds,Under,6.5,-103,BetRivers,2.09,50.0,10,False,"FanDuel at -118, DraftKings at -129, theScore at -125, PINNACLE at -137",1028025177,6178a340912ea77ebb5169a9c65f3ec7,2026-03-04T01:10:00+00:00,player_rebounds,False,Pending,,,
6178a340912ea77ebb5169a9c65f3ec7_1028025177_player_rebounds_Under_6.5_betparx_2026-03-03 10:52,2026-03-03T10:52:50.884645-05:00,CHI Bulls vs OKC Thunder (8:10 PM EST),Matas Buzelis,Rebounds,Under,6.5,100,BetParx,3.59,50.0,10,False,"FanDuel at -118, DraftKings at -129, theScore at -125, PINNACLE at -137",1028025177,6178a340912ea77ebb5169a9c65f3ec7,2026-03-04T01:10:00+00:00,player_rebounds,False,Pending,,,
6178a340912ea77ebb5169a9c65f3ec7_1028025177_player_rebounds_Under_6.5_betrivers_2026-03-03 10:54,2026-03-03T10:54:04.326859-05:00,CHI Bulls vs OKC Thunder (8:10 PM EST),Matas Buzelis,Rebounds,Under,6.5,-103,BetRivers,2.09,50.0,10,False,"FanDuel at -118, DraftKings at -129, theScore at -125, PINNACLE at -137",1028025177,6178a340912ea77ebb5169a9c65f3ec7,2026-03-04T01:10:00+00:00,player_rebounds,False,Pending,,,
6178a340912ea77ebb5169a9c65f3ec7_1028025177_player_rebounds_Under_6.5_betparx_2026-03-03 10:54,2026-03-03T10:54:09.085164-05:00,CHI Bulls vs OKC Thunder (8:10 PM EST),Matas Buzelis,Rebounds,Under,6.5,100,BetParx,3.59,50.0,10,False,"FanDuel at -118, DraftKings at -129, theScore at -125, PINNACLE at -137",1028025177,6178a340912ea77ebb5169a9c65f3ec7,2026-03-04T01:10:00+00:00,player_rebounds,False,Pending,,,
6178a340912ea77ebb5169a9c65f3ec7_1028025177_player_rebounds_Under_6.5_betrivers_2026-03-03 10:57,2026-03-03T10:57:08.260931-05:00,CHI Bulls vs OKC Thunder (8:10 PM EST),Matas Buzelis,Rebounds,Under,6.5,-103,BetRivers,2.44,50.0,10,False,"FanDuel at -118, DraftKings at -134, theScore at -125, PINNACLE at -137",1028025177,6178a340912ea77ebb5169a9c65f3ec7,2026-03-04T01:10:00+00:00,player_rebounds,False,Pending,,,
6178a340912ea77ebb5169a9c65f3ec7_1028025177_player_rebounds_Under_6.5_betparx_2026-03-03 10:57,2026-03-03T10:57:12.543771-05:00,CHI Bulls vs OKC Thunder (8:10 PM EST),Matas Buzelis,Rebounds,Under,6.5,100,BetParx,3.96,50.0,10,False,"FanDuel at -118, DraftKings at -134, theScore at -125, PINNACLE at -137",1028025177,6178a340912ea77ebb5169a9c65f3ec7,2026-03-04T01:10:00+00:00,player_rebounds,False,Pending,,,
63d7f24774bdc95465206323a257aa73_666969_player_points_rebounds_assists_Over_28.5_betparx_2026-03-03 11:01,2026-03-03T11:01:10.151526-05:00,LAL Lakers vs NOP Pelicans (10:40 PM EST),Zion Williamson,Points Rebounds Assists,Over,28.5,108,BetParx,2.32,80.0,10,False,"FanDuel at -112, DraftKings at -110, theScore at -110",666969,63d7f24774bdc95465206323a257aa73,2026-03-04T03:40:00+00:00,player_points_rebounds_assists,False,Pending,,,
1da265a6a1035935a4d2f806af7c3a74_57_player_points_rebounds_assists_Under_32.5_betrivers_2026-03-03 11:01,2026-03-03T11:01:34.266484-05:00,SAC Kings vs PHX Suns (11:10 PM EST),Devin Booker,Points Rebounds Assists,Under,32.5,104,BetRivers,5.76,50.0,10,False,"DraftKings at -122, theScore at -125",57,1da265a6a1035935a4d2f806af7c3a74,2026-03-04T04:10:00+00:00,player_points_rebounds_assists,False,Pending,,,
b6df29b0fdf2fd3b00b97b1e81870cca_17896076_player_rebounds_Over_7.5_ballybet_2026-03-03 11:03,2026-03-03T11:03:23.760876-05:00,CLE Cavaliers vs DET Pistons (7:10 PM EST),Evan Mobley,Rebounds,Over,7.5,-125,BallyBet,3.14,60.0,10,False,"FanDuel at -148, theScore at -165, PINNACLE at -179",17896076,b6df29b0fdf2fd3b00b97b1e81870cca,2026-03-04T00:10:00+00:00,player_rebounds,False,Pending,,,
b6df29b0fdf2fd3b00b97b1e81870cca_17896076_player_rebounds_Over_7.5_betparx_2026-03-03 11:03,2026-03-03T11:03:29.250576-05:00,CLE Cavaliers vs DET Pistons (7:10 PM EST),Evan Mobley,Rebounds,Over,7.5,-125,BetParx,3.14,60.0,10,False,"FanDuel at -148, theScore at -165, PINNACLE at -179",17896076,b6df29b0fdf2fd3b00b97b1e81870cca,2026-03-04T00:10:00+00:00,player_rebounds,False,Pending,,,
b6df29b0fdf2fd3b00b97b1e81870cca_17896076_player_rebounds_Over_7.5_betrivers_2026-03-03 11:03,2026-03-03T11:03:34.547597-05:00,CLE Cavaliers vs DET Pistons (7:10 PM EST),Evan Mobley,Rebounds,Over,7.5,-127,BetRivers,2.41,60.0,10,False,"FanDuel at -148, theScore at -165, PINNACLE at -179",17896076,b6df29b0fdf2fd3b00b97b1e81870cca,2026-03-04T00:10:00+00:00,player_rebounds,False,Pending,,,
63d7f24774bdc95465206323a257aa73_666969_player_points_rebounds_assists_Over_28.5_betparx_2026-03-03 11:03,2026-03-03T11:03:58.218374-05:00,LAL Lakers vs NOP Pelicans (10:40 PM EST),Zion Williamson,Points Rebounds Assists,Over,28.5,108,BetParx,2.32,80.0,10,False,"FanDuel at -112, DraftKings at -110, theScore at -110",666969,63d7f24774bdc95465206323a257aa73,2026-03-04T03:40:00+00:00,player_points_rebounds_assists,False,Pending,,,
1da265a6a1035935a4d2f806af7c3a74_57_player_points_rebounds_assists_Under_32.5_betrivers_2026-03-03 11:04,2026-03-03T11:04:07.752380-05:00,SAC Kings vs PHX Suns (11:10 PM EST),Devin Booker,Points Rebounds Assists,Under,32.5,104,BetRivers,5.76,50.0,10,False,"DraftKings at -122, theScore at -125",57,1da265a6a1035935a4d2f806af7c3a74,2026-03-04T04:10:00+00:00,player_points_rebounds_assists,False,Pending,,,
1da265a6a1035935a4d2f806af7c3a74_57_player_points_rebounds_assists_Under_32.5_betparx_2026-03-03 11:04,2026-03-03T11:04:12.218957-05:00,SAC Kings vs PHX Suns (11:10 PM EST),Devin Booker,Points Rebounds Assists,Under,32.5,106,BetParx,6.8,50.0,10,False,"DraftKings at -122, theScore at -125",57,1da265a6a1035935a4d2f806af7c3a74,2026-03-04T04:10:00+00:00,player_points_rebounds_assists,False,Pending,,,
b6df29b0fdf2fd3b00b97b1e81870cca_17896076_player_rebounds_Over_7.5_ballybet_2026-03-03 11:04,2026-03-03T11:04:48.145341-05:00,CLE Cavaliers vs DET Pistons (7:10 PM EST),Evan Mobley,Rebounds,Over,7.5,-125,BallyBet,3.14,60.0,10,False,"FanDuel at -148, theScore at -165, PINNACLE at -179",17896076,b6df29b0fdf2fd3b00b97b1e81870cca,2026-03-04T00:10:00+00:00,player_rebounds,False,Pending,,,
b6df29b0fdf2fd3b00b97b1e81870cca_17896076_player_rebounds_Over_7.5_betparx_2026-03-03 11:04,2026-03-03T11:04:52.911907-05:00,CLE Cavaliers vs DET Pistons (7:10 PM EST),Evan Mobley,Rebounds,Over,7.5,-125,BetParx,3.14,60.0,10,False,"FanDuel at -148, theScore at -165, PINNACLE at -179",17896076,b6df29b0fdf2fd3b00b97b1e81870cca,2026-03-04T00:10:00+00:00,player_rebounds,False,Pending,,,
b6df29b0fdf2fd3b00b97b1e81870cca_17896076_player_rebounds_Over_7.5_betrivers_2026-03-03 11:04,2026-03-03T11:04:58.728734-05:00,CLE Cavaliers vs DET Pistons (7:10 PM EST),Evan Mobley,Rebounds,Over,7.5,-127,BetRivers,2.41,60.0,10,False,"FanDuel at -148, theScore at -165, PINNACLE at -179",17896076,b6df29b0fdf2fd3b00b97b1e81870cca,2026-03-04T00:10:00+00:00,player_rebounds,False,Pending,,,
63d7f24774bdc95465206323a257aa73_666969_player_points_rebounds_assists_Over_28.5_betparx_2026-03-03 11:05,2026-03-03T11:05:21.668474-05:00,LAL Lakers vs NOP Pelicans (10:40 PM EST),Zion Williamson,Points Rebounds Assists,Over,28.5,108,BetParx,2.32,80.0,10,False,"FanDuel at -112, DraftKings at -110, theScore at -110",666969,63d7f24774bdc95465206323a257aa73,2026-03-04T03:40:00+00:00,player_points_rebounds_assists,False,Pending,,,
63d7f24774bdc95465206323a257aa73_666969_player_points_rebounds_assists_Over_28.5_betparx_2026-03-03 11:05,2026-03-03T11:05:30.819887-05:00,LAL Lakers vs NOP Pelicans (10:40 PM EST),Zion Williamson,Points Rebounds Assists,Over,28.5,108,BetParx,2.32,80.0,10,False,"FanDuel at -112, DraftKings at -110, theScore at -110",666969,63d7f24774bdc95465206323a257aa73,2026-03-04T03:40:00+00:00,player_points_rebounds_assists,False,Pending,,,
1da265a6a1035935a4d2f806af7c3a74_57_player_points_rebounds_assists_Under_32.5_betrivers_2026-03-03 11:05,2026-03-03T11:05:45.150223-05:00,SAC Kings vs PHX Suns (11:10 PM EST),Devin Booker,Points Rebounds Assists,Under,32.5,104,BetRivers,5.76,50.0,10,False,"DraftKings at -122, theScore at -125",57,1da265a6a1035935a4d2f806af7c3a74,2026-03-04T04:10:00+00:00,player_points_rebounds_assists,False,Pending,,,
1da265a6a1035935a4d2f806af7c3a74_57_player_points_rebounds_assists_Under_32.5_betparx_2026-03-03 11:05,2026-03-03T11:05:49.921210-05:00,SAC Kings vs PHX Suns (11:10 PM EST),Devin Booker,Points Rebounds Assists,Under,32.5,106,BetParx,6.8,50.0,10,False,"DraftKings at -122, theScore at -125",57,1da265a6a1035935a4d2f806af7c3a74,2026-03-04T04:10:00+00:00,player_points_rebounds_assists,False,Pending,,,
1da265a6a1035935a4d2f806af7c3a74_57_player_points_rebounds_assists_Under_32.5_betrivers_2026-03-03 11:05,2026-03-03T11:05:53.746088-05:00,SAC Kings vs PHX Suns (11:10 PM EST),Devin Booker,Points Rebounds Assists,Under,32.5,104,BetRivers,5.76,50.0,10,False,"DraftKings at -122, theScore at -125",57,1da265a6a1035935a4d2f806af7c3a74,2026-03-04T04:10:00+00:00,player_points_rebounds_assists,False,Pending,,,
1da265a6a1035935a4d2f806af7c3a74_57_player_points_rebounds_assists_Under_32.5_betparx_2026-03-03 11:05,2026-03-03T11:05:58.264651-05:00,SAC Kings vs PHX Suns (11:10 PM EST),Devin Booker,Points Rebounds Assists,Under,32.5,106,BetParx,6.8,50.0,10,False,"DraftKings at -122, theScore at -125",57,1da265a6a1035935a4d2f806af7c3a74,2026-03-04T04:10:00+00:00,player_points_rebounds_assists,False,Pending,,,
63d7f24774bdc95465206323a257aa73_666969_player_points_rebounds_assists_Over_28.5_betparx_2026-03-03 11:06,2026-03-03T11:06:29.947079-05:00,LAL Lakers vs NOP Pelicans (10:40 PM EST),Zion Williamson,Points Rebounds Assists,Over,28.5,108,BetParx,2.32,80.0,10,False,"FanDuel at -112, DraftKings at -110, theScore at -110",666969,63d7f24774bdc95465206323a257aa73,2026-03-04T03:40:00+00:00,player_points_rebounds_assists,False,Pending,,,
1da265a6a1035935a4d2f806af7c3a74_57_player_points_rebounds_assists_Under_32.5_betrivers_2026-03-03 11:06,2026-03-03T11:06:52.105179-05:00,SAC Kings vs PHX Suns (11:10 PM EST),Devin Booker,Points Rebounds Assists,Under,32.5,104,BetRivers,5.76,50.0,10,False,"DraftKings at -122, theScore at -125",57,1da265a6a1035935a4d2f806af7c3a74,2026-03-04T04:10:00+00:00,player_points_rebounds_assists,False,Pending,,,
63d7f24774bdc95465206323a257aa73_666969_player_points_rebounds_assists_Over_28.5_betrivers_2026-03-03 11:06,2026-03-03T11:06:57.122405-05:00,LAL Lakers vs NOP Pelicans (10:40 PM EST),Zion Williamson,Points Rebounds Assists,Over,28.5,108,BetRivers,2.32,80.0,10,False,"FanDuel at -112, DraftKings at -110, theScore at -110",666969,63d7f24774bdc95465206323a257aa73,2026-03-04T03:40:00+00:00,player_points_rebounds_assists,False,Pending,,,
1da265a6a1035935a4d2f806af7c3a74_57_player_points_rebounds_assists_Under_32.5_betparx_2026-03-03 11:07,2026-03-03T11:07:01.607804-05:00,SAC Kings vs PHX Suns (11:10 PM EST),Devin Booker,Points Rebounds Assists,Under,32.5,106,BetParx,6.08,50.0,10,False,"DraftKings at -118, theScore at -125",57,1da265a6a1035935a4d2f806af7c3a74,2026-03-04T04:10:00+00:00,player_points_rebounds_assists,False,Pending,,,
1da265a6a1035935a4d2f806af7c3a74_57_player_points_rebounds_assists_Under_32.5_betparx_2026-03-03 11:06,2026-03-03T11:06:58.405396-05:00,SAC Kings vs PHX Suns (11:10 PM EST),Devin Booker,Points Rebounds Assists,Under,32.5,106,BetParx,6.8,50.0,10,False,"DraftKings at -122, theScore at -125",57,1da265a6a1035935a4d2f806af7c3a74,2026-03-04T04:10:00+00:00,player_points_rebounds_assists,False,Pending,,,
63d7f24774bdc95465206323a257aa73_666969_player_points_rebounds_assists_Over_28.5_ballybet_2026-03-03 11:10,2026-03-03T11:10:35.241903-05:00,LAL Lakers vs NOP Pelicans (10:40 PM EST),Zion Williamson,Points Rebounds Assists,Over,28.5,108,BallyBet,2.32,80.0,10,False,"FanDuel at -112, DraftKings at -110, theScore at -110",666969,63d7f24774bdc95465206323a257aa73,2026-03-04T03:40:00+00:00,player_points_rebounds_assists,False,Pending,,,
63d7f24774bdc95465206323a257aa73_666969_player_points_rebounds_assists_Over_28.5_betrivers_2026-03-03 11:10,2026-03-03T11:10:39.831982-05:00,LAL Lakers vs NOP Pelicans (10:40 PM EST),Zion Williamson,Points Rebounds Assists,Over,28.5,108,BetRivers,2.32,80.0,10,False,"FanDuel at -112, DraftKings at -110, theScore at -110",666969,63d7f24774bdc95465206323a257aa73,2026-03-04T03:40:00+00:00,player_points_rebounds_assists,False,Pending,,,
b6df29b0fdf2fd3b00b97b1e81870cca_17896076_player_rebounds_Over_7.5_ballybet_2026-03-03 11:10,2026-03-03T11:10:55.153855-05:00,CLE Cavaliers vs DET Pistons (7:10 PM EST),Evan Mobley,Rebounds,Over,7.5,-125,BallyBet,3.68,60.0,10,False,"FanDuel at -148, theScore at -170, PINNACLE at -179",17896076,b6df29b0fdf2fd3b00b97b1e81870cca,2026-03-04T00:10:00+00:00,player_rebounds,False,Pending,,,
b6df29b0fdf2fd3b00b97b1e81870cca_17896076_player_rebounds_Over_7.5_betparx_2026-03-03 11:10,2026-03-03T11:10:59.692830-05:00,CLE Cavaliers vs DET Pistons (7:10 PM EST),Evan Mobley,Rebounds,Over,7.5,-125,BetParx,3.68,60.0,10,False,"FanDuel at -148, theScore at -170, PINNACLE at -179",17896076,b6df29b0fdf2fd3b00b97b1e81870cca,2026-03-04T00:10:00+00:00,player_rebounds,False,Pending,,,
b6df29b0fdf2fd3b00b97b1e81870cca_17896076_player_rebounds_Over_7.5_betrivers_2026-03-03 11:11,2026-03-03T11:11:04.322914-05:00,CLE Cavaliers vs DET Pistons (7:10 PM EST),Evan Mobley,Rebounds,Over,7.5,-127,BetRivers,2.95,60.0,10,False,"FanDuel at -148, theScore at -170, PINNACLE at -179",17896076,b6df29b0fdf2fd3b00b97b1e81870cca,2026-03-04T00:10:00+00:00,player_rebounds,False,Pending,,,
1da265a6a1035935a4d2f806af7c3a74_57_player_points_rebounds_assists_Under_32.5_betrivers_2026-03-03 11:10,2026-03-03T11:10:58.556364-05:00,SAC Kings vs PHX Suns (11:10 PM EST),Devin Booker,Points Rebounds Assists,Under,32.5,104,BetRivers,3.75,50.0,10,False,"DraftKings at -118, theScore at -120",57,1da265a6a1035935a4d2f806af7c3a74,2026-03-04T04:10:00+00:00,player_points_rebounds_assists,False,Pending,,,
1da265a6a1035935a4d2f806af7c3a74_57_player_points_rebounds_assists_Under_32.5_betparx_2026-03-03 11:11,2026-03-03T11:11:03.123789-05:00,SAC Kings vs PHX Suns (11:10 PM EST),Devin Booker,Points Rebounds Assists,Under,32.5,106,BetParx,4.77,50.0,10,False,"DraftKings at -118, theScore at -120",57,1da265a6a1035935a4d2f806af7c3a74,2026-03-04T04:10:00+00:00,player_points_rebounds_assists,False,Pending,,,
b6df29b0fdf2fd3b00b97b1e81870cca_17896076_player_rebounds_Over_7.5_ballybet_2026-03-03 11:11,2026-03-03T11:11:08.721344-05:00,CLE Cavaliers vs DET Pistons (7:10 PM EST),Evan Mobley,Rebounds,Over,7.5,-125,BallyBet,3.68,60.0,10,False,"FanDuel at -148, theScore at -170, PINNACLE at -179",17896076,b6df29b0fdf2fd3b00b97b1e81870cca,2026-03-04T00:10:00+00:00,player_rebounds,False,Pending,,,
b6df29b0fdf2fd3b00b97b1e81870cca_17896076_player_rebounds_Over_7.5_betparx_2026-03-03 11:11,2026-03-03T11:11:14.233544-05:00,CLE Cavaliers vs DET Pistons (7:10 PM EST),Evan Mobley,Rebounds,Over,7.5,-125,BetParx,3.68,60.0,10,False,"FanDuel at -148, theScore at -170, PINNACLE at -179",17896076,b6df29b0fdf2fd3b00b97b1e81870cca,2026-03-04T00:10:00+00:00,player_rebounds,False,Pending,,,
637bb875ffdc47533ca3ed42d7bbcaa7_4_player_points_assists_Under_23.5_hardrockbet_2026-03-03 11:11,2026-03-03T11:11:21.171636-05:00,MIA Heat vs BKN Nets (7:40 PM EST),Bam Adebayo,Points Assists,Under,23.5,-105,HardRockBet,2.35,50.0,10,False,"FanDuel at -130, DraftKings at -125, theScore at -125",4,637bb875ffdc47533ca3ed42d7bbcaa7,2026-03-04T00:40:00+00:00,player_points_assists,False,Pending,,,
63d7f24774bdc95465206323a257aa73_666969_player_points_rebounds_assists_Over_28.5_ballybet_2026-03-03 11:11,2026-03-03T11:11:43.953075-05:00,LAL Lakers vs NOP Pelicans (10:40 PM EST),Zion Williamson,Points Rebounds Assists,Over,28.5,108,BallyBet,2.32,80.0,10,False,"FanDuel at -112, DraftKings at -110, theScore at -110",666969,63d7f24774bdc95465206323a257aa73,2026-03-04T03:40:00+00:00,player_points_rebounds_assists,False,Pending,,,
63d7f24774bdc95465206323a257aa73_666969_player_points_rebounds_assists_Over_28.5_betrivers_2026-03-03 11:11,2026-03-03T11:11:48.547274-05:00,LAL Lakers vs NOP Pelicans (10:40 PM EST),Zion Williamson,Points Rebounds Assists,Over,28.5,108,BetRivers,2.32,80.0,10,False,"FanDuel at -112, DraftKings at -110, theScore at -110",666969,63d7f24774bdc95465206323a257aa73,2026-03-04T03:40:00+00:00,player_points_rebounds_assists,False,Pending,,,
1da265a6a1035935a4d2f806af7c3a74_57_player_points_rebounds_assists_Under_32.5_betrivers_2026-03-03 11:11,2026-03-03T11:11:52.983689-05:00,SAC Kings vs PHX Suns (11:10 PM EST),Devin Booker,Points Rebounds Assists,Under,32.5,104,BetRivers,3.75,50.0,10,False,"DraftKings at -118, theScore at -120",57,1da265a6a1035935a4d2f806af7c3a74,2026-03-04T04:10:00+00:00,player_points_rebounds_assists,False,Pending,,,
1da265a6a1035935a4d2f806af7c3a74_57_player_points_rebounds_assists_Under_32.5_betparx_2026-03-03 11:11,2026-03-03T11:11:57.119537-05:00,SAC Kings vs PHX Suns (11:10 PM EST),Devin Booker,Points Rebounds Assists,Under,32.5,106,BetParx,4.77,50.0,10,False,"DraftKings at -118, theScore at -120",57,1da265a6a1035935a4d2f806af7c3a74,2026-03-04T04:10:00+00:00,player_points_rebounds_assists,False,Pending,,,
b6df29b0fdf2fd3b00b97b1e81870cca_17896076_player_rebounds_Over_7.5_betrivers_2026-03-03 11:11,2026-03-03T11:11:50.741159-05:00,CLE Cavaliers vs DET Pistons (7:10 PM EST),Evan Mobley,Rebounds,Over,7.5,-127,BetRivers,2.95,60.0,10,False,"FanDuel at -148, theScore at -170, PINNACLE at -179",17896076,b6df29b0fdf2fd3b00b97b1e81870cca,2026-03-04T00:10:00+00:00,player_rebounds,False,Pending,,,
637bb875ffdc47533ca3ed42d7bbcaa7_17896038_player_rebounds_Under_7.5_betparx_2026-03-03 11:12,2026-03-03T11:12:06.361930-05:00,MIA Heat vs BKN Nets (7:40 PM EST),Day'Ron Sharpe,Rebounds,Under,7.5,110,BetParx,2.6,50.0,10,False,"FanDuel at -106, DraftKings at -108, theScore at -110, PINNACLE at -125",17896038,637bb875ffdc47533ca3ed42d7bbcaa7,2026-03-04T00:40:00+00:00,player_rebounds,False,Pending,,,
637bb875ffdc47533ca3ed42d7bbcaa7_17896038_player_rebounds_Under_7.5_betparx_2026-03-03 11:12,2026-03-03T11:12:09.345030-05:00,MIA Heat vs BKN Nets (7:40 PM EST),Day'Ron Sharpe,Rebounds,Under,7.5,110,BetParx,2.6,50.0,10,False,"FanDuel at -106, DraftKings at -108, theScore at -110, PINNACLE at -125",17896038,637bb875ffdc47533ca3ed42d7bbcaa7,2026-03-04T00:40:00+00:00,player_rebounds,False,Pending,,,
637bb875ffdc47533ca3ed42d7bbcaa7_4_player_points_assists_Under_23.5_hardrockbet_2026-03-03 11:12,2026-03-03T11:12:17.115986-05:00,MIA Heat vs BKN Nets (7:40 PM EST),Bam Adebayo,Points Assists,Under,23.5,-105,HardRockBet,2.35,50.0,10,False,"FanDuel at -130, DraftKings at -125, theScore at -125",4,637bb875ffdc47533ca3ed42d7bbcaa7,2026-03-04T00:40:00+00:00,player_points_assists,False,Pending,,,
b6df29b0fdf2fd3b00b97b1e81870cca_17896076_player_rebounds_Over_7.5_ballybet_2026-03-03 11:12,2026-03-03T11:12:21.619149-05:00,CLE Cavaliers vs DET Pistons (7:10 PM EST),Evan Mobley,Rebounds,Over,7.5,-125,BallyBet,3.68,60.0,10,False,"FanDuel at -148, theScore at -170, PINNACLE at -179",17896076,b6df29b0fdf2fd3b00b97b1e81870cca,2026-03-04T00:10:00+00:00,player_rebounds,False,Pending,,,
63d7f24774bdc95465206323a257aa73_666969_player_points_rebounds_assists_Over_28.5_ballybet_2026-03-03 11:12,2026-03-03T11:12:43.343577-05:00,LAL Lakers vs NOP Pelicans (10:40 PM EST),Zion Williamson,Points Rebounds Assists,Over,28.5,108,BallyBet,2.32,80.0,10,False,"FanDuel at -112, DraftKings at -110, theScore at -110",666969,63d7f24774bdc95465206323a257aa73,2026-03-04T03:40:00+00:00,player_points_rebounds_assists,False,Pending,,,
63d7f24774bdc95465206323a257aa73_666969_player_points_rebounds_assists_Over_28.5_betrivers_2026-03-03 11:12,2026-03-03T11:12:47.812286-05:00,LAL Lakers vs NOP Pelicans (10:40 PM EST),Zion Williamson,Points Rebounds Assists,Over,28.5,108,BetRivers,2.32,80.0,10,False,"FanDuel at -112, DraftKings at -110, theScore at -110",666969,63d7f24774bdc95465206323a257aa73,2026-03-04T03:40:00+00:00,player_points_rebounds_assists,False,Pending,,,
637bb875ffdc47533ca3ed42d7bbcaa7_4_player_points_assists_Under_23.5_hardrockbet_2026-03-03 11:12,2026-03-03T11:12:50.341740-05:00,MIA Heat vs BKN Nets (7:40 PM EST),Bam Adebayo,Points Assists,Under,23.5,-105,HardRockBet,2.35,50.0,10,False,"FanDuel at -130, DraftKings at -125, theScore at -125",4,637bb875ffdc47533ca3ed42d7bbcaa7,2026-03-04T00:40:00+00:00,player_points_assists,False,Pending,,,
1da265a6a1035935a4d2f806af7c3a74_57_player_points_rebounds_assists_Under_32.5_betrivers_2026-03-03 11:12,2026-03-03T11:12:52.403400-05:00,SAC Kings vs PHX Suns (11:10 PM EST),Devin Booker,Points Rebounds Assists,Under,32.5,104,BetRivers,3.75,50.0,10,False,"DraftKings at -118, theScore at -120",57,1da265a6a1035935a4d2f806af7c3a74,2026-03-04T04:10:00+00:00,player_points_rebounds_assists,False,Pending,,,
b6df29b0fdf2fd3b00b97b1e81870cca_17896076_player_rebounds_Over_7.5_betparx_2026-03-03 11:12,2026-03-03T11:12:56.488137-05:00,CLE Cavaliers vs DET Pistons (7:10 PM EST),Evan Mobley,Rebounds,Over,7.5,-125,BetParx,3.68,60.0,10,False,"FanDuel at -148, theScore at -170, PINNACLE at -179",17896076,b6df29b0fdf2fd3b00b97b1e81870cca,2026-03-04T00:10:00+00:00,player_rebounds,False,Pending,,,
1da265a6a1035935a4d2f806af7c3a74_57_player_points_rebounds_assists_Under_32.5_betparx_2026-03-03 11:12,2026-03-03T11:12:56.845400-05:00,SAC Kings vs PHX Suns (11:10 PM EST),Devin Booker,Points Rebounds Assists,Under,32.5,106,BetParx,4.77,50.0,10,False,"DraftKings at -118, theScore at -120",57,1da265a6a1035935a4d2f806af7c3a74,2026-03-04T04:10:00+00:00,player_points_rebounds_assists,False,Pending,,,
b6df29b0fdf2fd3b00b97b1e81870cca_17896076_player_rebounds_Over_7.5_betrivers_2026-03-03 11:13,2026-03-03T11:13:00.870835-05:00,CLE Cavaliers vs DET Pistons (7:10 PM EST),Evan Mobley,Rebounds,Over,7.5,-127,BetRivers,2.95,60.0,10,False,"FanDuel at -148, theScore at -170, PINNACLE at -179",17896076,b6df29b0fdf2fd3b00b97b1e81870cca,2026-03-04T00:10:00+00:00,player_rebounds,False,Pending,,,
63d7f24774bdc95465206323a257aa73_666969_player_points_rebounds_assists_Over_28.5_ballybet_2026-03-03 11:13,2026-03-03T11:13:02.836050-05:00,LAL Lakers vs NOP Pelicans (10:40 PM EST),Zion Williamson,Points Rebounds Assists,Over,28.5,108,BallyBet,2.32,80.0,10,False,"FanDuel at -112, DraftKings at -110, theScore at -110",666969,63d7f24774bdc95465206323a257aa73,2026-03-04T03:40:00+00:00,player_points_rebounds_assists,False,Pending,,,
63d7f24774bdc95465206323a257aa73_666969_player_points_rebounds_assists_Over_28.5_betrivers_2026-03-03 11:13,2026-03-03T11:13:07.481853-05:00,LAL Lakers vs NOP Pelicans (10:40 PM EST),Zion Williamson,Points Rebounds Assists,Over,28.5,108,BetRivers,2.32,80.0,10,False,"FanDuel at -112, DraftKings at -110, theScore at -110",666969,63d7f24774bdc95465206323a257aa73,2026-03-04T03:40:00+00:00,player_points_rebounds_assists,False,Pending,,,
1da265a6a1035935a4d2f806af7c3a74_57_player_points_rebounds_assists_Under_32.5_betrivers_2026-03-03 11:13,2026-03-03T11:13:12.376643-05:00,SAC Kings vs PHX Suns (11:10 PM EST),Devin Booker,Points Rebounds Assists,Under,32.5,104,BetRivers,3.75,50.0,10,False,"DraftKings at -118, theScore at -120",57,1da265a6a1035935a4d2f806af7c3a74,2026-03-04T04:10:00+00:00,player_points_rebounds_assists,False,Pending,,,
1da265a6a1035935a4d2f806af7c3a74_57_player_points_rebounds_assists_Under_32.5_betparx_2026-03-03 11:13,2026-03-03T11:13:47.826934-05:00,SAC Kings vs PHX Suns (11:10 PM EST),Devin Booker,Points Rebounds Assists,Under,32.5,106,BetParx,4.77,50.0,10,False,"DraftKings at -118, theScore at -120",57,1da265a6a1035935a4d2f806af7c3a74,2026-03-04T04:10:00+00:00,player_points_rebounds_assists,False,Pending,,,
637bb875ffdc47533ca3ed42d7bbcaa7_17896038_player_rebounds_Under_7.5_betparx_2026-03-03 11:13,2026-03-03T11:13:59.472545-05:00,MIA Heat vs BKN Nets (7:40 PM EST),Day'Ron Sharpe,Rebounds,Under,7.5,110,BetParx,2.6,50.0,10,False,"FanDuel at -106, DraftKings at -108, theScore at -110, PINNACLE at -125",17896038,637bb875ffdc47533ca3ed42d7bbcaa7,2026-03-04T00:40:00+00:00,player_rebounds,False,Pending,,,
637bb875ffdc47533ca3ed42d7bbcaa7_4_player_points_assists_Under_23.5_hardrockbet_2026-03-03 11:14,2026-03-03T11:14:12.235583-05:00,MIA Heat vs BKN Nets (7:40 PM EST),Bam Adebayo,Points Assists,Under,23.5,-105,HardRockBet,2.35,50.0,10,False,"FanDuel at -130, DraftKings at -125, theScore at -125",4,637bb875ffdc47533ca3ed42d7bbcaa7,2026-03-04T00:40:00+00:00,player_points_assists,False,Pending,,,
b6df29b0fdf2fd3b00b97b1e81870cca_17896076_player_rebounds_Over_7.5_ballybet_2026-03-03 11:15,2026-03-03T11:15:05.962655-05:00,CLE Cavaliers vs DET Pistons (7:10 PM EST),Evan Mobley,Rebounds,Over,7.5,-125,BallyBet,3.68,60.0,10,False,"FanDuel at -148, theScore at -170, PINNACLE at -179",17896076,b6df29b0fdf2fd3b00b97b1e81870cca,2026-03-04T00:10:00+00:00,player_rebounds,False,Pending,,,
63d7f24774bdc95465206323a257aa73_666969_player_points_rebounds_assists_Over_28.5_ballybet_2026-03-03 11:15,2026-03-03T11:15:13.937248-05:00,LAL Lakers vs NOP Pelicans (10:40 PM EST),Zion Williamson,Points Rebounds Assists,Over,28.5,108,BallyBet,2.32,80.0,10,False,"FanDuel at -112, DraftKings at -110, theScore at -110",666969,63d7f24774bdc95465206323a257aa73,2026-03-04T03:40:00+00:00,player_points_rebounds_assists,False,Pending,,,
b6df29b0fdf2fd3b00b97b1e81870cca_17896076_player_rebounds_Over_7.5_betparx_2026-03-03 11:15,2026-03-03T11:15:10.828993-05:00,CLE Cavaliers vs DET Pistons (7:10 PM EST),Evan Mobley,Rebounds,Over,7.5,-125,BetParx,3.68,60.0,10,False,"FanDuel at -148, theScore at -170, PINNACLE at -179",17896076,b6df29b0fdf2fd3b00b97b1e81870cca,2026-03-04T00:10:00+00:00,player_rebounds,False,Pending,,,
b6df29b0fdf2fd3b00b97b1e81870cca_17896076_player_rebounds_Over_7.5_betrivers_2026-03-03 11:15,2026-03-03T11:15:15.201018-05:00,CLE Cavaliers vs DET Pistons (7:10 PM EST),Evan Mobley,Rebounds,Over,7.5,-127,BetRivers,2.95,60.0,10,False,"FanDuel at -148, theScore at -170, PINNACLE at -179",17896076,b6df29b0fdf2fd3b00b97b1e81870cca,2026-03-04T00:10:00+00:00,player_rebounds,False,Pending,,,
637bb875ffdc47533ca3ed42d7bbcaa7_4_player_points_assists_Under_23.5_hardrockbet_2026-03-03 11:15,2026-03-03T11:15:54.230013-05:00,MIA Heat vs BKN Nets (7:40 PM EST),Bam Adebayo,Points Assists,Under,23.5,-105,HardRockBet,2.35,50.0,10,False,"FanDuel at -130, DraftKings at -125, theScore at -125",4,637bb875ffdc47533ca3ed42d7bbcaa7,2026-03-04T00:40:00+00:00,player_points_assists,False,Pending,,,
2213458a287cb0b1ffa4d46d3ed430b3_666577_player_rebounds_Under_6.5_hardrockbet_2026-03-03 11:16,2026-03-03T11:16:16.366587-05:00,CHA Hornets vs DAL Mavericks (7:10 PM EST),Daniel Gafford,Rebounds,Under,6.5,-135,HardRockBet,4.97,70.0,10,False,"theScore at -190, PINNACLE at -165",666577,2213458a287cb0b1ffa4d46d3ed430b3,2026-03-04T00:10:00+00:00,player_rebounds,False,Pending,,,
637bb875ffdc47533ca3ed42d7bbcaa7_4_player_points_assists_Under_23.5_hardrockbet_2026-03-03 11:16,2026-03-03T11:16:41.356475-05:00,MIA Heat vs BKN Nets (7:40 PM EST),Bam Adebayo,Points Assists,Under,23.5,-105,HardRockBet,2.35,50.0,10,False,"FanDuel at -130, DraftKings at -125, theScore at -125",4,637bb875ffdc47533ca3ed42d7bbcaa7,2026-03-04T00:40:00+00:00,player_points_assists,False,Pending,,,
2213458a287cb0b1ffa4d46d3ed430b3_666577_player_rebounds_Under_6.5_hardrockbet_2026-03-03 11:17,2026-03-03T11:17:05.969668-05:00,CHA Hornets vs DAL Mavericks (7:10 PM EST),Daniel Gafford,Rebounds,Under,6.5,-135,HardRockBet,3.78,70.0,10,False,"theScore at -180, PINNACLE at -165",666577,2213458a287cb0b1ffa4d46d3ed430b3,2026-03-04T00:10:00+00:00,player_rebounds,False,Pending,,,
63d7f24774bdc95465206323a257aa73_666969_player_points_rebounds_assists_Over_28.5_ballybet_2026-03-03 11:16,2026-03-03T11:16:57.630884-05:00,LAL Lakers vs NOP Pelicans (10:40 PM EST),Zion Williamson,Points Rebounds Assists,Over,28.5,108,BallyBet,2.32,80.0,10,False,"FanDuel at -112, DraftKings at -110, theScore at -110",666969,63d7f24774bdc95465206323a257aa73,2026-03-04T03:40:00+00:00,player_points_rebounds_assists,False,Pending,,,
1da265a6a1035935a4d2f806af7c3a74_57_player_points_rebounds_assists_Under_32.5_betrivers_2026-03-03 11:17,2026-03-03T11:17:19.057371-05:00,SAC Kings vs PHX Suns (11:10 PM EST),Devin Booker,Points Rebounds Assists,Under,32.5,104,BetRivers,3.75,50.0,10,False,"DraftKings at -118, theScore at -120",57,1da265a6a1035935a4d2f806af7c3a74,2026-03-04T04:10:00+00:00,player_points_rebounds_assists,False,Pending,,,
1da265a6a1035935a4d2f806af7c3a74_57_player_points_rebounds_assists_Under_32.5_betparx_2026-03-03 11:17,2026-03-03T11:17:23.436377-05:00,SAC Kings vs PHX Suns (11:10 PM EST),Devin Booker,Points Rebounds Assists,Under,32.5,106,BetParx,4.77,50.0,10,False,"DraftKings at -118, theScore at -120",57,1da265a6a1035935a4d2f806af7c3a74,2026-03-04T04:10:00+00:00,player_points_rebounds_assists,False,Pending,,,
2213458a287cb0b1ffa4d46d3ed430b3_666577_player_rebounds_Under_6.5_hardrockbet_2026-03-03 11:18,2026-03-03T11:18:07.491304-05:00,CHA Hornets vs DAL Mavericks (7:10 PM EST),Daniel Gafford,Rebounds,Under,6.5,-135,HardRockBet,2.52,70.0,10,False,"theScore at -170, PINNACLE at -165",666577,2213458a287cb0b1ffa4d46d3ed430b3,2026-03-04T00:10:00+00:00,player_rebounds,False,Pending,,,
2213458a287cb0b1ffa4d46d3ed430b3_666577_player_rebounds_Under_6.5_hardrockbet_2026-03-03 11:18,2026-03-03T11:18:28.756790-05:00,CHA Hornets vs DAL Mavericks (7:10 PM EST),Daniel Gafford,Rebounds,Under,6.5,-135,HardRockBet,2.52,70.0,10,False,"theScore at -170, PINNACLE at -165",666577,2213458a287cb0b1ffa4d46d3ed430b3,2026-03-04T00:10:00+00:00,player_rebounds,False,Pending,,,
637bb875ffdc47533ca3ed42d7bbcaa7_666633_player_rebounds_assists_Under_8.5_betmgm_2026-03-03 11:19,2026-03-03T11:19:33.074383-05:00,MIA Heat vs BKN Nets (7:40 PM EST),Tyler Herro,Rebounds Assists,Under,8.5,-105,BetMGM,3.32,60.0,10,False,"FanDuel at -140, DraftKings at -123, theScore at -120",666633,637bb875ffdc47533ca3ed42d7bbcaa7,2026-03-04T00:40:00+00:00,player_rebounds_assists,False,Pending,,,
637bb875ffdc47533ca3ed42d7bbcaa7_666633_player_rebounds_assists_Under_8.5_hardrockbet_2026-03-03 11:19,2026-03-03T11:19:38.065437-05:00,MIA Heat vs BKN Nets (7:40 PM EST),Tyler Herro,Rebounds Assists,Under,8.5,-105,HardRockBet,3.32,60.0,10,False,"FanDuel at -140, DraftKings at -123, theScore at -120",666633,637bb875ffdc47533ca3ed42d7bbcaa7,2026-03-04T00:40:00+00:00,player_rebounds_assists,False,Pending,,,
1da265a6a1035935a4d2f806af7c3a74_57_player_points_rebounds_assists_Under_32.5_betparx_2026-03-03 11:20,2026-03-03T11:20:33.510745-05:00,SAC Kings vs PHX Suns (11:10 PM EST),Devin Booker,Points Rebounds Assists,Under,32.5,106,BetParx,4.77,50.0,10,False,"DraftKings at -118, theScore at -120",57,1da265a6a1035935a4d2f806af7c3a74,2026-03-04T04:10:00+00:00,player_points_rebounds_assists,False,Pending,,,
2213458a287cb0b1ffa4d46d3ed430b3_666577_player_rebounds_Under_6.5_hardrockbet_2026-03-03 11:20,2026-03-03T11:20:39.495947-05:00,CHA Hornets vs DAL Mavericks (7:10 PM EST),Daniel Gafford,Rebounds,Under,6.5,-135,HardRockBet,3.78,70.0,10,False,"theScore at -180, PINNACLE at -165",666577,2213458a287cb0b1ffa4d46d3ed430b3,2026-03-04T00:10:00+00:00,player_rebounds,False,Pending,,,
637bb875ffdc47533ca3ed42d7bbcaa7_17896038_player_points_Under_9.5_betparx_2026-03-03 11:20,2026-03-03T11:20:55.098128-05:00,MIA Heat vs BKN Nets (7:40 PM EST),Day'Ron Sharpe,Points,Under,9.5,102,BetParx,4.67,50.0,10,False,"FanDuel at -122, DraftKings at -113, theScore at -125, PINNACLE at -146",17896038,637bb875ffdc47533ca3ed42d7bbcaa7,2026-03-04T00:40:00+00:00,player_points,False,Pending,,,
637bb875ffdc47533ca3ed42d7bbcaa7_17896038_player_points_Under_9.5_betrivers_2026-03-03 11:21,2026-03-03T11:21:01.341896-05:00,MIA Heat vs BKN Nets (7:40 PM EST),Day'Ron Sharpe,Points,Under,9.5,100,BetRivers,3.63,50.0,10,False,"FanDuel at -122, DraftKings at -113, theScore at -125, PINNACLE at -146",17896038,637bb875ffdc47533ca3ed42d7bbcaa7,2026-03-04T00:40:00+00:00,player_points,False,Pending,,,
637bb875ffdc47533ca3ed42d7bbcaa7_666633_player_rebounds_assists_Under_8.5_betmgm_2026-03-03 11:21,2026-03-03T11:21:08.804641-05:00,MIA Heat vs BKN Nets (7:40 PM EST),Tyler Herro,Rebounds Assists,Under,8.5,-105,BetMGM,3.32,60.0,10,False,"FanDuel at -140, DraftKings at -123, theScore at -120",666633,637bb875ffdc47533ca3ed42d7bbcaa7,2026-03-04T00:40:00+00:00,player_rebounds_assists,False,Pending,,,
637bb875ffdc47533ca3ed42d7bbcaa7_666633_player_rebounds_assists_Under_8.5_hardrockbet_2026-03-03 11:21,2026-03-03T11:21:13.029736-05:00,MIA Heat vs BKN Nets (7:40 PM EST),Tyler Herro,Rebounds Assists,Under,8.5,-105,HardRockBet,3.32,60.0,10,False,"FanDuel at -140, DraftKings at -123, theScore at -120",666633,637bb875ffdc47533ca3ed42d7bbcaa7,2026-03-04T00:40:00+00:00,player_rebounds_assists,False,Pending,,,
1da265a6a1035935a4d2f806af7c3a74_57_player_points_rebounds_assists_Under_32.5_betrivers_2026-03-03 11:21,2026-03-03T11:21:24.037365-05:00,SAC Kings vs PHX Suns (11:10 PM EST),Devin Booker,Points Rebounds Assists,Under,32.5,104,BetRivers,3.75,50.0,10,False,"DraftKings at -118, theScore at -120",57,1da265a6a1035935a4d2f806af7c3a74,2026-03-04T04:10:00+00:00,player_points_rebounds_assists,False,Pending,,,
1da265a6a1035935a4d2f806af7c3a74_57_player_points_rebounds_assists_Under_32.5_betparx_2026-03-03 11:21,2026-03-03T11:21:28.523232-05:00,SAC Kings vs PHX Suns (11:10 PM EST),Devin Booker,Points Rebounds Assists,Under,32.5,106,BetParx,4.77,50.0,10,False,"DraftKings at -118, theScore at -120",57,1da265a6a1035935a4d2f806af7c3a74,2026-03-04T04:10:00+00:00,player_points_rebounds_assists,False,Pending,,,
2213458a287cb0b1ffa4d46d3ed430b3_666577_player_rebounds_Under_6.5_hardrockbet_2026-03-03 11:21,2026-03-03T11:21:57.582628-05:00,CHA Hornets vs DAL Mavericks (7:10 PM EST),Daniel Gafford,Rebounds,Under,6.5,-135,HardRockBet,2.52,70.0,10,False,"theScore at -170, PINNACLE at -165",666577,2213458a287cb0b1ffa4d46d3ed430b3,2026-03-04T00:10:00+00:00,player_rebounds,False,Pending,,,
2213458a287cb0b1ffa4d46d3ed430b3_666577_player_rebounds_Under_6.5_hardrockbet_2026-03-03 11:22,2026-03-03T11:22:32.093097-05:00,CHA Hornets vs DAL Mavericks (7:10 PM EST),Daniel Gafford,Rebounds,Under,6.5,-135,HardRockBet,2.52,70.0,10,False,"theScore at -170, PINNACLE at -165",666577,2213458a287cb0b1ffa4d46d3ed430b3,2026-03-04T00:10:00+00:00,player_rebounds,False,Pending,,,
637bb875ffdc47533ca3ed42d7bbcaa7_17896038_player_points_Under_9.5_betparx_2026-03-03 11:22,2026-03-03T11:22:36.129122-05:00,MIA Heat vs BKN Nets (7:40 PM EST),Day'Ron Sharpe,Points,Under,9.5,102,BetParx,4.67,50.0,10,False,"FanDuel at -122, DraftKings at -113, theScore at -125, PINNACLE at -146",17896038,637bb875ffdc47533ca3ed42d7bbcaa7,2026-03-04T00:40:00+00:00,player_points,False,Pending,,,
637bb875ffdc47533ca3ed42d7bbcaa7_17896038_player_points_Under_9.5_betrivers_2026-03-03 11:22,2026-03-03T11:22:40.311823-05:00,MIA Heat vs BKN Nets (7:40 PM EST),Day'Ron Sharpe,Points,Under,9.5,100,BetRivers,3.63,50.0,10,False,"FanDuel at -122, DraftKings at -113, theScore at -125, PINNACLE at -146",17896038,637bb875ffdc47533ca3ed42d7bbcaa7,2026-03-04T00:40:00+00:00,player_points,False,Pending,,,
637bb875ffdc47533ca3ed42d7bbcaa7_666633_player_rebounds_assists_Under_8.5_betmgm_2026-03-03 11:22,2026-03-03T11:22:49.509807-05:00,MIA Heat vs BKN Nets (7:40 PM EST),Tyler Herro,Rebounds Assists,Under,8.5,-105,BetMGM,3.32,60.0,10,False,"FanDuel at -140, DraftKings at -123, theScore at -120",666633,637bb875ffdc47533ca3ed42d7bbcaa7,2026-03-04T00:40:00+00:00,player_rebounds_assists,False,Pending,,,
637bb875ffdc47533ca3ed42d7bbcaa7_17896038_player_points_Under_9.5_betparx_2026-03-03 11:22,2026-03-03T11:22:46.766207-05:00,MIA Heat vs BKN Nets (7:40 PM EST),Day'Ron Sharpe,Points,Under,9.5,102,BetParx,4.67,50.0,10,False,"FanDuel at -122, DraftKings at -113, theScore at -125, PINNACLE at -146",17896038,637bb875ffdc47533ca3ed42d7bbcaa7,2026-03-04T00:40:00+00:00,player_points,False,Pending,,,
637bb875ffdc47533ca3ed42d7bbcaa7_666633_player_rebounds_assists_Under_8.5_hardrockbet_2026-03-03 11:22,2026-03-03T11:22:53.598969-05:00,MIA Heat vs BKN Nets (7:40 PM EST),Tyler Herro,Rebounds Assists,Under,8.5,-105,HardRockBet,3.32,60.0,10,False,"FanDuel at -140, DraftKings at -123, theScore at -120",666633,637bb875ffdc47533ca3ed42d7bbcaa7,2026-03-04T00:40:00+00:00,player_rebounds_assists,False,Pending,,,
637bb875ffdc47533ca3ed42d7bbcaa7_17896038_player_points_Under_9.5_betrivers_2026-03-03 11:22,2026-03-03T11:22:51.455873-05:00,MIA Heat vs BKN Nets (7:40 PM EST),Day'Ron Sharpe,Points,Under,9.5,100,BetRivers,3.63,50.0,10,False,"FanDuel at -122, DraftKings at -113, theScore at -125, PINNACLE at -146",17896038,637bb875ffdc47533ca3ed42d7bbcaa7,2026-03-04T00:40:00+00:00,player_points,False,Pending,,,
637bb875ffdc47533ca3ed42d7bbcaa7_666633_player_rebounds_assists_Under_8.5_betmgm_2026-03-03 11:22,2026-03-03T11:22:57.475818-05:00,MIA Heat vs BKN Nets (7:40 PM EST),Tyler Herro,Rebounds Assists,Under,8.5,-105,BetMGM,3.32,60.0,10,False,"FanDuel at -140, DraftKings at -123, theScore at -120",666633,637bb875ffdc47533ca3ed42d7bbcaa7,2026-03-04T00:40:00+00:00,player_rebounds_assists,False,Pending,,,
637bb875ffdc47533ca3ed42d7bbcaa7_666633_player_rebounds_assists_Under_8.5_hardrockbet_2026-03-03 11:23,2026-03-03T11:23:02.570128-05:00,MIA Heat vs BKN Nets (7:40 PM EST),Tyler Herro,Rebounds Assists,Under,8.5,-105,HardRockBet,3.32,60.0,10,False,"FanDuel at -140, DraftKings at -123, theScore at -120",666633,637bb875ffdc47533ca3ed42d7bbcaa7,2026-03-04T00:40:00+00:00,player_rebounds_assists,False,Pending,,,
637bb875ffdc47533ca3ed42d7bbcaa7_17896038_player_points_Under_9.5_betparx_2026-03-03 11:23,2026-03-03T11:23:57.177718-05:00,MIA Heat vs BKN Nets (7:40 PM EST),Day'Ron Sharpe,Points,Under,9.5,102,BetParx,3.62,50.0,10,False,"FanDuel at -122, DraftKings at -123, theScore at -110, PINNACLE at -146",17896038,637bb875ffdc47533ca3ed42d7bbcaa7,2026-03-04T00:40:00+00:00,player_points,False,Pending,,,
637bb875ffdc47533ca3ed42d7bbcaa7_17896038_player_points_Under_9.5_betrivers_2026-03-03 11:24,2026-03-03T11:24:02.396556-05:00,MIA Heat vs BKN Nets (7:40 PM EST),Day'Ron Sharpe,Points,Under,9.5,100,BetRivers,2.59,50.0,10,False,"FanDuel at -122, DraftKings at -123, theScore at -110, PINNACLE at -146",17896038,637bb875ffdc47533ca3ed42d7bbcaa7,2026-03-04T00:40:00+00:00,player_points,False,Pending,,,
637bb875ffdc47533ca3ed42d7bbcaa7_666633_player_rebounds_assists_Under_8.5_betmgm_2026-03-03 11:24,2026-03-03T11:24:12.335125-05:00,MIA Heat vs BKN Nets (7:40 PM EST),Tyler Herro,Rebounds Assists,Under,8.5,-105,BetMGM,3.32,60.0,10,False,"FanDuel at -140, DraftKings at -123, theScore at -120",666633,637bb875ffdc47533ca3ed42d7bbcaa7,2026-03-04T00:40:00+00:00,player_rebounds_assists,False,Pending,,,
637bb875ffdc47533ca3ed42d7bbcaa7_666633_player_rebounds_assists_Under_8.5_hardrockbet_2026-03-03 11:24,2026-03-03T11:24:17.040200-05:00,MIA Heat vs BKN Nets (7:40 PM EST),Tyler Herro,Rebounds Assists,Under,8.5,-105,HardRockBet,3.32,60.0,10,False,"FanDuel at -140, DraftKings at -123, theScore at -120",666633,637bb875ffdc47533ca3ed42d7bbcaa7,2026-03-04T00:40:00+00:00,player_rebounds_assists,False,Pending,,,
2213458a287cb0b1ffa4d46d3ed430b3_666577_player_rebounds_Under_6.5_hardrockbet_2026-03-03 11:24,2026-03-03T11:24:52.454355-05:00,CHA Hornets vs DAL Mavericks (7:10 PM EST),Daniel Gafford,Rebounds,Under,6.5,-135,HardRockBet,3.78,70.0,10,False,"theScore at -180, PINNACLE at -165",666577,2213458a287cb0b1ffa4d46d3ed430b3,2026-03-04T00:10:00+00:00,player_rebounds,False,Pending,,,
637bb875ffdc47533ca3ed42d7bbcaa7_17896038_player_points_Under_9.5_betparx_2026-03-03 11:25,2026-03-03T11:25:04.919497-05:00,MIA Heat vs BKN Nets (7:40 PM EST),Day'Ron Sharpe,Points,Under,9.5,102,BetParx,5.46,50.0,10,False,"FanDuel at -122, DraftKings at -123, theScore at -125, PINNACLE at -146",17896038,637bb875ffdc47533ca3ed42d7bbcaa7,2026-03-04T00:40:00+00:00,player_points,False,Pending,,,
637bb875ffdc47533ca3ed42d7bbcaa7_17896038_player_points_Under_9.5_betrivers_2026-03-03 11:25,2026-03-03T11:25:09.946471-05:00,MIA Heat vs BKN Nets (7:40 PM EST),Day'Ron Sharpe,Points,Under,9.5,100,BetRivers,4.42,50.0,10,False,"FanDuel at -122, DraftKings at -123, theScore at -125, PINNACLE at -146",17896038,637bb875ffdc47533ca3ed42d7bbcaa7,2026-03-04T00:40:00+00:00,player_points,False,Pending,,,
2213458a287cb0b1ffa4d46d3ed430b3_666577_player_rebounds_Under_6.5_hardrockbet_2026-03-03 11:25,2026-03-03T11:25:24.848314-05:00,CHA Hornets vs DAL Mavericks (7:10 PM EST),Daniel Gafford,Rebounds,Under,6.5,-135,HardRockBet,2.52,70.0,10,False,"theScore at -170, PINNACLE at -165",666577,2213458a287cb0b1ffa4d46d3ed430b3,2026-03-04T00:10:00+00:00,player_rebounds,False,Pending,,,
637bb875ffdc47533ca3ed42d7bbcaa7_666633_player_rebounds_assists_Under_8.5_betmgm_2026-03-03 11:25,2026-03-03T11:25:23.112232-05:00,MIA Heat vs BKN Nets (7:40 PM EST),Tyler Herro,Rebounds Assists,Under,8.5,-105,BetMGM,3.32,60.0,10,False,"FanDuel at -140, DraftKings at -123, theScore at -120",666633,637bb875ffdc47533ca3ed42d7bbcaa7,2026-03-04T00:40:00+00:00,player_rebounds_assists,False,Pending,,,
637bb875ffdc47533ca3ed42d7bbcaa7_666633_player_rebounds_assists_Under_8.5_hardrockbet_2026-03-03 11:25,2026-03-03T11:25:28.102355-05:00,MIA Heat vs BKN Nets (7:40 PM EST),Tyler Herro,Rebounds Assists,Under,8.5,-105,HardRockBet,3.32,60.0,10,False,"FanDuel at -140, DraftKings at -123, theScore at -120",666633,637bb875ffdc47533ca3ed42d7bbcaa7,2026-03-04T00:40:00+00:00,player_rebounds_assists,False,Pending,,,
637bb875ffdc47533ca3ed42d7bbcaa7_17896038_player_points_Under_9.5_betparx_2026-03-03 11:25,2026-03-03T11:25:46.128771-05:00,MIA Heat vs BKN Nets (7:40 PM EST),Day'Ron Sharpe,Points,Under,9.5,102,BetParx,3.62,50.0,10,False,"FanDuel at -122, DraftKings at -123, theScore at -110, PINNACLE at -146",17896038,637bb875ffdc47533ca3ed42d7bbcaa7,2026-03-04T00:40:00+00:00,player_points,False,Pending,,,
637bb875ffdc47533ca3ed42d7bbcaa7_17896038_player_points_Under_9.5_betrivers_2026-03-03 11:25,2026-03-03T11:25:50.843451-05:00,MIA Heat vs BKN Nets (7:40 PM EST),Day'Ron Sharpe,Points,Under,9.5,100,BetRivers,2.59,50.0,10,False,"FanDuel at -122, DraftKings at -123, theScore at -110, PINNACLE at -146",17896038,637bb875ffdc47533ca3ed42d7bbcaa7,2026-03-04T00:40:00+00:00,player_points,False,Pending,,,
637bb875ffdc47533ca3ed42d7bbcaa7_666633_player_rebounds_assists_Under_8.5_betmgm_2026-03-03 11:25,2026-03-03T11:25:56.923308-05:00,MIA Heat vs BKN Nets (7:40 PM EST),Tyler Herro,Rebounds Assists,Under,8.5,-105,BetMGM,3.32,60.0,10,False,"FanDuel at -140, DraftKings at -123, theScore at -120",666633,637bb875ffdc47533ca3ed42d7bbcaa7,2026-03-04T00:40:00+00:00,player_rebounds_assists,False,Pending,,,
637bb875ffdc47533ca3ed42d7bbcaa7_666633_player_rebounds_assists_Under_8.5_hardrockbet_2026-03-03 11:26,2026-03-03T11:26:01.062239-05:00,MIA Heat vs BKN Nets (7:40 PM EST),Tyler Herro,Rebounds Assists,Under,8.5,-105,HardRockBet,3.32,60.0,10,False,"FanDuel at -140, DraftKings at -123, theScore at -120",666633,637bb875ffdc47533ca3ed42d7bbcaa7,2026-03-04T00:40:00+00:00,player_rebounds_assists,False,Pending,,,
637bb875ffdc47533ca3ed42d7bbcaa7_17896038_player_points_Under_9.5_betparx_2026-03-03 11:26,2026-03-03T11:26:09.222445-05:00,MIA Heat vs BKN Nets (7:40 PM EST),Day'Ron Sharpe,Points,Under,9.5,102,BetParx,3.62,50.0,10,False,"FanDuel at -122, DraftKings at -123, theScore at -110, PINNACLE at -146",17896038,637bb875ffdc47533ca3ed42d7bbcaa7,2026-03-04T00:40:00+00:00,player_points,False,Pending,,,
637bb875ffdc47533ca3ed42d7bbcaa7_17896038_player_points_Under_9.5_betrivers_2026-03-03 11:26,2026-03-03T11:26:13.813142-05:00,MIA Heat vs BKN Nets (7:40 PM EST),Day'Ron Sharpe,Points,Under,9.5,100,BetRivers,2.59,50.0,10,False,"FanDuel at -122, DraftKings at -123, theScore at -110, PINNACLE at -146",17896038,637bb875ffdc47533ca3ed42d7bbcaa7,2026-03-04T00:40:00+00:00,player_points,False,Pending,,,
2213458a287cb0b1ffa4d46d3ed430b3_666577_player_rebounds_Under_6.5_hardrockbet_2026-03-03 11:26,2026-03-03T11:26:10.319201-05:00,CHA Hornets vs DAL Mavericks (7:10 PM EST),Daniel Gafford,Rebounds,Under,6.5,-135,HardRockBet,2.52,70.0,10,False,"theScore at -170, PINNACLE at -165",666577,2213458a287cb0b1ffa4d46d3ed430b3,2026-03-04T00:10:00+00:00,player_rebounds,False,Pending,,,
637bb875ffdc47533ca3ed42d7bbcaa7_17896038_player_points_Under_9.5_betparx_2026-03-03 11:26,2026-03-03T11:26:20.371421-05:00,MIA Heat vs BKN Nets (7:40 PM EST),Day'Ron Sharpe,Points,Under,9.5,102,BetParx,3.62,50.0,10,False,"FanDuel at -122, DraftKings at -123, theScore at -110, PINNACLE at -146",17896038,637bb875ffdc47533ca3ed42d7bbcaa7,2026-03-04T00:40:00+00:00,player_points,False,Pending,,,
637bb875ffdc47533ca3ed42d7bbcaa7_17896038_player_points_Under_9.5_betrivers_2026-03-03 11:26,2026-03-03T11:26:24.855827-05:00,MIA Heat vs BKN Nets (7:40 PM EST),Day'Ron Sharpe,Points,Under,9.5,100,BetRivers,2.59,50.0,10,False,"FanDuel at -122, DraftKings at -123, theScore at -110, PINNACLE at -146",17896038,637bb875ffdc47533ca3ed42d7bbcaa7,2026-03-04T00:40:00+00:00,player_points,False,Pending,,,
2213458a287cb0b1ffa4d46d3ed430b3_666577_player_rebounds_Under_6.5_hardrockbet_2026-03-03 11:27,2026-03-03T11:27:54.119229-05:00,CHA Hornets vs DAL Mavericks (7:10 PM EST),Daniel Gafford,Rebounds,Under,6.5,-135,HardRockBet,3.97,70.0,10,False,"theScore at -180, PINNACLE at -168",666577,2213458a287cb0b1ffa4d46d3ed430b3,2026-03-04T00:10:00+00:00,player_rebounds,False,Pending,,,
2213458a287cb0b1ffa4d46d3ed430b3_666577_player_rebounds_Under_6.5_hardrockbet_2026-03-03 11:28,2026-03-03T11:28:17.589011-05:00,CHA Hornets vs DAL Mavericks (7:10 PM EST),Daniel Gafford,Rebounds,Under,6.5,-135,HardRockBet,3.97,70.0,10,False,"theScore at -180, PINNACLE at -168",666577,2213458a287cb0b1ffa4d46d3ed430b3,2026-03-04T00:10:00+00:00,player_rebounds,False,Pending,,,
637bb875ffdc47533ca3ed42d7bbcaa7_666633_player_rebounds_assists_Under_8.5_betmgm_2026-03-03 11:28,2026-03-03T11:28:45.539387-05:00,MIA Heat vs BKN Nets (7:40 PM EST),Tyler Herro,Rebounds Assists,Under,8.5,-105,BetMGM,3.32,60.0,10,False,"FanDuel at -140, DraftKings at -123, theScore at -120",666633,637bb875ffdc47533ca3ed42d7bbcaa7,2026-03-04T00:40:00+00:00,player_rebounds_assists,False,Pending,,,
637bb875ffdc47533ca3ed42d7bbcaa7_666633_player_rebounds_assists_Under_8.5_hardrockbet_2026-03-03 11:28,2026-03-03T11:28:49.599110-05:00,MIA Heat vs BKN Nets (7:40 PM EST),Tyler Herro,Rebounds Assists,Under,8.5,-105,HardRockBet,3.32,60.0,10,False,"FanDuel at -140, DraftKings at -123, theScore at -120",666633,637bb875ffdc47533ca3ed42d7bbcaa7,2026-03-04T00:40:00+00:00,player_rebounds_assists,False,Pending,,,
2213458a287cb0b1ffa4d46d3ed430b3_666577_player_rebounds_Under_6.5_hardrockbet_2026-03-03 11:29,2026-03-03T11:29:04.450753-05:00,CHA Hornets vs DAL Mavericks (7:10 PM EST),Daniel Gafford,Rebounds,Under,6.5,-135,HardRockBet,3.97,70.0,10,False,"theScore at -180, PINNACLE at -168",666577,2213458a287cb0b1ffa4d46d3ed430b3,2026-03-04T00:10:00+00:00,player_rebounds,False,Pending,,,
63d7f24774bdc95465206323a257aa73_420_player_points_rebounds_assists_Over_12.5_betmgm_2026-03-03 11:29,2026-03-03T11:29:38.577489-05:00,LAL Lakers vs NOP Pelicans (10:40 PM EST),Marcus Smart,Points Rebounds Assists,Over,12.5,100,BetMGM,3.83,70.0,10,False,"FanDuel at -130, DraftKings at -120, theScore at -120",420,63d7f24774bdc95465206323a257aa73,2026-03-04T03:40:00+00:00,player_points_rebounds_assists,False,Pending,,,
63d7f24774bdc95465206323a257aa73_420_player_points_rebounds_assists_Over_12.5_betmgm_2026-03-03 11:29,2026-03-03T11:29:52.327032-05:00,LAL Lakers vs NOP Pelicans (10:40 PM EST),Marcus Smart,Points Rebounds Assists,Over,12.5,100,BetMGM,3.83,70.0,10,False,"FanDuel at -130, DraftKings at -120, theScore at -120",420,63d7f24774bdc95465206323a257aa73,2026-03-04T03:40:00+00:00,player_points_rebounds_assists,False,Pending,,,
63d7f24774bdc95465206323a257aa73_420_player_points_rebounds_assists_Over_12.5_betmgm_2026-03-03 11:29,2026-03-03T11:29:54.289099-05:00,LAL Lakers vs NOP Pelicans (10:40 PM EST),Marcus Smart,Points Rebounds Assists,Over,12.5,100,BetMGM,3.83,70.0,10,False,"FanDuel at -130, DraftKings at -120, theScore at -120",420,63d7f24774bdc95465206323a257aa73,2026-03-04T03:40:00+00:00,player_points_rebounds_assists,False,Pending,,,
b6df29b0fdf2fd3b00b97b1e81870cca_3547299_player_points_assists_Over_14.5_hardrockbet_2026-03-03 11:30,2026-03-03T11:30:33.007417-05:00,CLE Cavaliers vs DET Pistons (7:10 PM EST),Sam Merrill,Points Assists,Over,14.5,-105,HardRockBet,2.99,50.0,10,False,"DraftKings at -126, theScore at -130",3547299,b6df29b0fdf2fd3b00b97b1e81870cca,2026-03-04T00:10:00+00:00,player_points_assists,False,Pending,,,
637bb875ffdc47533ca3ed42d7bbcaa7_17896038_player_points_Under_9.5_betparx_2026-03-03 11:30,2026-03-03T11:30:55.321114-05:00,MIA Heat vs BKN Nets (7:40 PM EST),Day'Ron Sharpe,Points,Under,9.5,100,BetParx,3.04,50.0,10,False,"FanDuel at -122, DraftKings at -123, theScore at -120",17896038,637bb875ffdc47533ca3ed42d7bbcaa7,2026-03-04T00:40:00+00:00,player_points,False,Pending,,,
637bb875ffdc47533ca3ed42d7bbcaa7_17896038_player_points_Under_9.5_betrivers_2026-03-03 11:30,2026-03-03T11:30:59.544534-05:00,MIA Heat vs BKN Nets (7:40 PM EST),Day'Ron Sharpe,Points,Under,9.5,100,BetRivers,3.04,50.0,10,False,"FanDuel at -122, DraftKings at -123, theScore at -120",17896038,637bb875ffdc47533ca3ed42d7bbcaa7,2026-03-04T00:40:00+00:00,player_points,False,Pending,,,
b6df29b0fdf2fd3b00b97b1e81870cca_3547299_player_points_assists_Over_14.5_hardrockbet_2026-03-03 11:31,2026-03-03T11:31:13.326230-05:00,CLE Cavaliers vs DET Pistons (7:10 PM EST),Sam Merrill,Points Assists,Over,14.5,-105,HardRockBet,2.99,50.0,10,False,"DraftKings at -126, theScore at -130",3547299,b6df29b0fdf2fd3b00b97b1e81870cca,2026-03-04T00:10:00+00:00,player_points_assists,False,Pending,,,
637bb875ffdc47533ca3ed42d7bbcaa7_666633_player_rebounds_assists_Under_8.5_betmgm_2026-03-03 11:31,2026-03-03T11:31:11.374168-05:00,MIA Heat vs BKN Nets (7:40 PM EST),Tyler Herro,Rebounds Assists,Under,8.5,-105,BetMGM,3.32,60.0,10,False,"FanDuel at -140, DraftKings at -123, theScore at -120",666633,637bb875ffdc47533ca3ed42d7bbcaa7,2026-03-04T00:40:00+00:00,player_rebounds_assists,False,Pending,,,
2213458a287cb0b1ffa4d46d3ed430b3_666577_player_rebounds_Under_6.5_hardrockbet_2026-03-03 11:31,2026-03-03T11:31:19.063342-05:00,CHA Hornets vs DAL Mavericks (7:10 PM EST),Daniel Gafford,Rebounds,Under,6.5,-135,HardRockBet,3.97,70.0,10,False,"theScore at -180, PINNACLE at -168",666577,2213458a287cb0b1ffa4d46d3ed430b3,2026-03-04T00:10:00+00:00,player_rebounds,False,Pending,,,
637bb875ffdc47533ca3ed42d7bbcaa7_666633_player_rebounds_assists_Under_8.5_hardrockbet_2026-03-03 11:31,2026-03-03T11:31:16.220055-05:00,MIA Heat vs BKN Nets (7:40 PM EST),Tyler Herro,Rebounds Assists,Under,8.5,-105,HardRockBet,3.32,60.0,10,False,"FanDuel at -140, DraftKings at -123, theScore at -120",666633,637bb875ffdc47533ca3ed42d7bbcaa7,2026-03-04T00:40:00+00:00,player_rebounds_assists,False,Pending,,,
2213458a287cb0b1ffa4d46d3ed430b3_666577_player_rebounds_Under_6.5_hardrockbet_2026-03-03 11:31,2026-03-03T11:31:44.918380-05:00,CHA Hornets vs DAL Mavericks (7:10 PM EST),Daniel Gafford,Rebounds,Under,6.5,-135,HardRockBet,3.97,70.0,10,False,"theScore at -180, PINNACLE at -168",666577,2213458a287cb0b1ffa4d46d3ed430b3,2026-03-04T00:10:00+00:00,player_rebounds,False,Pending,,,
2213458a287cb0b1ffa4d46d3ed430b3_666577_player_rebounds_Under_6.5_hardrockbet_2026-03-03 11:32,2026-03-03T11:32:38.336393-05:00,CHA Hornets vs DAL Mavericks (7:10 PM EST),Daniel Gafford,Rebounds,Under,6.5,-135,HardRockBet,3.97,70.0,10,False,"theScore at -180, PINNACLE at -168",666577,2213458a287cb0b1ffa4d46d3ed430b3,2026-03-04T00:10:00+00:00,player_rebounds,False,Pending,,,
b6df29b0fdf2fd3b00b97b1e81870cca_38017694_player_rebounds_assists_Over_12.5_betmgm_2026-03-03 11:32,2026-03-03T11:32:49.993472-05:00,CLE Cavaliers vs DET Pistons (7:10 PM EST),Jalen Duren,Rebounds Assists,Over,12.5,-105,BetMGM,6.89,70.0,10,False,"DraftKings at -134, theScore at -145",38017694,b6df29b0fdf2fd3b00b97b1e81870cca,2026-03-04T00:10:00+00:00,player_rebounds_assists,False,Pending,,,
b6df29b0fdf2fd3b00b97b1e81870cca_38017694_player_rebounds_assists_Over_12.5_hardrockbet_2026-03-03 11:32,2026-03-03T11:32:54.212075-05:00,CLE Cavaliers vs DET Pistons (7:10 PM EST),Jalen Duren,Rebounds Assists,Over,12.5,-105,HardRockBet,6.89,70.0,10,False,"DraftKings at -134, theScore at -145",38017694,b6df29b0fdf2fd3b00b97b1e81870cca,2026-03-04T00:10:00+00:00,player_rebounds_assists,False,Pending,,,
b6df29b0fdf2fd3b00b97b1e81870cca_38017694_player_rebounds_assists_Over_12.5_betmgm_2026-03-03 11:33,2026-03-03T11:33:36.857292-05:00,CLE Cavaliers vs DET Pistons (7:10 PM EST),Jalen Duren,Rebounds Assists,Over,12.5,-105,BetMGM,7.24,70.0,10,False,"DraftKings at -137, theScore at -145",38017694,b6df29b0fdf2fd3b00b97b1e81870cca,2026-03-04T00:10:00+00:00,player_rebounds_assists,False,Pending,,,
b6df29b0fdf2fd3b00b97b1e81870cca_38017694_player_rebounds_assists_Over_12.5_hardrockbet_2026-03-03 11:33,2026-03-03T11:33:41.495454-05:00,CLE Cavaliers vs DET Pistons (7:10 PM EST),Jalen Duren,Rebounds Assists,Over,12.5,-105,HardRockBet,7.24,70.0,10,False,"DraftKings at -137, theScore at -145",38017694,b6df29b0fdf2fd3b00b97b1e81870cca,2026-03-04T00:10:00+00:00,player_rebounds_assists,False,Pending,,,
7a292e434c91c398eb8db7bf1008b671_17896073_player_threes_Under_2.5_hardrockbet_2026-03-03 11:36,2026-03-03T11:36:12.123668-05:00,ORL Magic vs WAS Wizards (7:10 PM EST),Jalen Suggs,Threes,Under,2.5,-140,HardRockBet,6.33,40.0,10,False,"DraftKings at -188, theScore at -200",17896073,7a292e434c91c398eb8db7bf1008b671,2026-03-04T00:10:00+00:00,player_threes,False,Pending,,,
7a292e434c91c398eb8db7bf1008b671_17896073_player_threes_Under_2.5_hardrockbet_2026-03-03 11:36,2026-03-03T11:36:16.698147-05:00,ORL Magic vs WAS Wizards (7:10 PM EST),Jalen Suggs,Threes,Under,2.5,-140,HardRockBet,6.33,40.0,10,False,"DraftKings at -188, theScore at -200",17896073,7a292e434c91c398eb8db7bf1008b671,2026-03-04T00:10:00+00:00,player_threes,False,Pending,,,
2213458a287cb0b1ffa4d46d3ed430b3_666577_player_rebounds_Under_6.5_hardrockbet_2026-03-03 11:36,2026-03-03T11:36:29.188166-05:00,CHA Hornets vs DAL Mavericks (7:10 PM EST),Daniel Gafford,Rebounds,Under,6.5,-135,HardRockBet,2.71,70.0,10,False,"theScore at -170, PINNACLE at -168",666577,2213458a287cb0b1ffa4d46d3ed430b3,2026-03-04T00:10:00+00:00,player_rebounds,False,Pending,,,
7a292e434c91c398eb8db7bf1008b671_17896073_player_threes_Under_2.5_hardrockbet_2026-03-03 11:36,2026-03-03T11:36:44.308519-05:00,ORL Magic vs WAS Wizards (7:10 PM EST),Jalen Suggs,Threes,Under,2.5,-140,HardRockBet,6.33,40.0,10,False,"DraftKings at -188, theScore at -200",17896073,7a292e434c91c398eb8db7bf1008b671,2026-03-04T00:10:00+00:00,player_threes,False,Pending,,,
fe9fbae6e69b1684995b2fa8f45fb691_3547254_player_assists_Over_6.5_williamhill_us_2026-03-03 11:37,2026-03-03T11:37:14.376306-05:00,PHI 76ers vs SAS Spurs (8:10 PM EST),Tyrese Maxey,Assists,Over,6.5,-105,Caesars,9.51,50.0,10,False,"theScore at -150, PINNACLE at -146",3547254,fe9fbae6e69b1684995b2fa8f45fb691,2026-03-04T01:10:00+00:00,player_assists,False,Pending,,,
fe9fbae6e69b1684995b2fa8f45fb691_3547254_player_assists_Over_6.5_betmgm_2026-03-03 11:37,2026-03-03T11:37:19.206545-05:00,PHI 76ers vs SAS Spurs (8:10 PM EST),Tyrese Maxey,Assists,Over,6.5,-105,BetMGM,9.51,50.0,10,False,"theScore at -150, PINNACLE at -146",3547254,fe9fbae6e69b1684995b2fa8f45fb691,2026-03-04T01:10:00+00:00,player_assists,False,Pending,,,
fe9fbae6e69b1684995b2fa8f45fb691_3547254_player_assists_Over_6.5_hardrockbet_2026-03-03 11:37,2026-03-03T11:37:23.639409-05:00,PHI 76ers vs SAS Spurs (8:10 PM EST),Tyrese Maxey,Assists,Over,6.5,110,HardRockBet,17.79,50.0,10,False,"theScore at -150, PINNACLE at -146",3547254,fe9fbae6e69b1684995b2fa8f45fb691,2026-03-04T01:10:00+00:00,player_assists,False,Pending,,,
2213458a287cb0b1ffa4d46d3ed430b3_666577_player_rebounds_Under_6.5_hardrockbet_2026-03-03 11:37,2026-03-03T11:37:28.220867-05:00,CHA Hornets vs DAL Mavericks (7:10 PM EST),Daniel Gafford,Rebounds,Under,6.5,-135,HardRockBet,2.71,70.0,10,False,"theScore at -170, PINNACLE at -168",666577,2213458a287cb0b1ffa4d46d3ed430b3,2026-03-04T00:10:00+00:00,player_rebounds,False,Pending,,,
2213458a287cb0b1ffa4d46d3ed430b3_666577_player_rebounds_Under_6.5_hardrockbet_2026-03-03 11:37,2026-03-03T11:37:32.619238-05:00,CHA Hornets vs DAL Mavericks (7:10 PM EST),Daniel Gafford,Rebounds,Under,6.5,-135,HardRockBet,2.71,70.0,10,False,"theScore at -170, PINNACLE at -168",666577,2213458a287cb0b1ffa4d46d3ed430b3,2026-03-04T00:10:00+00:00,player_rebounds,False,Pending,,,
7a292e434c91c398eb8db7bf1008b671_17896073_player_threes_Under_2.5_hardrockbet_2026-03-03 11:37,2026-03-03T11:37:50.552241-05:00,ORL Magic vs WAS Wizards (7:10 PM EST),Jalen Suggs,Threes,Under,2.5,-140,HardRockBet,5.71,40.0,10,False,"DraftKings at -180, theScore at -200",17896073,7a292e434c91c398eb8db7bf1008b671,2026-03-04T00:10:00+00:00,player_threes,False,Pending,,,
fe9fbae6e69b1684995b2fa8f45fb691_3547254_player_assists_Over_6.5_williamhill_us_2026-03-03 11:38,2026-03-03T11:38:17.329415-05:00,PHI 76ers vs SAS Spurs (8:10 PM EST),Tyrese Maxey,Assists,Over,6.5,-105,Caesars,9.51,50.0,10,False,"theScore at -150, PINNACLE at -146",3547254,fe9fbae6e69b1684995b2fa8f45fb691,2026-03-04T01:10:00+00:00,player_assists,False,Pending,,,
fe9fbae6e69b1684995b2fa8f45fb691_3547254_player_assists_Over_6.5_betmgm_2026-03-03 11:38,2026-03-03T11:38:22.052594-05:00,PHI 76ers vs SAS Spurs (8:10 PM EST),Tyrese Maxey,Assists,Over,6.5,-110,BetMGM,7.08,50.0,10,False,"theScore at -150, PINNACLE at -146",3547254,fe9fbae6e69b1684995b2fa8f45fb691,2026-03-04T01:10:00+00:00,player_assists,False,Pending,,,
7a292e434c91c398eb8db7bf1008b671_17896073_player_threes_Under_2.5_hardrockbet_2026-03-03 11:38,2026-03-03T11:38:48.114921-05:00,ORL Magic vs WAS Wizards (7:10 PM EST),Jalen Suggs,Threes,Under,2.5,-140,HardRockBet,4.99,40.0,10,False,"DraftKings at -180, theScore at -195",17896073,7a292e434c91c398eb8db7bf1008b671,2026-03-04T00:10:00+00:00,player_threes,False,Pending,,,
7a292e434c91c398eb8db7bf1008b671_17896073_player_threes_Under_2.5_hardrockbet_2026-03-03 11:38,2026-03-03T11:38:57.756165-05:00,ORL Magic vs WAS Wizards (7:10 PM EST),Jalen Suggs,Threes,Under,2.5,-140,HardRockBet,4.99,40.0,10,False,"DraftKings at -180, theScore at -195",17896073,7a292e434c91c398eb8db7bf1008b671,2026-03-04T00:10:00+00:00,player_threes,False,Pending,,,
2213458a287cb0b1ffa4d46d3ed430b3_3547239_player_rebounds_Under_4.5_betparx_2026-03-03 11:42,2026-03-03T11:42:41.476337-05:00,CHA Hornets vs DAL Mavericks (7:10 PM EST),LaMelo Ball,Rebounds,Under,4.5,108,BetParx,2.4,70.0,10,False,"FanDuel at -114, DraftKings at -104, theScore at -110",3547239,2213458a287cb0b1ffa4d46d3ed430b3,2026-03-04T00:10:00+00:00,player_rebounds,False,Pending,,,
2213458a287cb0b1ffa4d46d3ed430b3_666577_player_rebounds_Under_6.5_hardrockbet_2026-03-03 11:44,2026-03-03T11:44:01.166638-05:00,CHA Hornets vs DAL Mavericks (7:10 PM EST),Daniel Gafford,Rebounds,Under,6.5,-135,HardRockBet,5.16,70.0,10,False,"theScore at -190, PINNACLE at -168",666577,2213458a287cb0b1ffa4d46d3ed430b3,2026-03-04T00:10:00+00:00,player_rebounds,False,Pending,,,
5b3a7e855054866a44f6443710ea000b_3547238_player_rebounds_assists_Under_9.5_hardrockbet_2026-03-03 11:45,2026-03-03T11:45:16.392806-05:00,MIN Timberwolves vs MEM Grizzlies (8:10 PM EST),Anthony Edwards,Rebounds Assists,Under,9.5,-110,HardRockBet,6.67,70.0,10,False,"DraftKings at -131, theScore at -160",3547238,5b3a7e855054866a44f6443710ea000b,2026-03-04T01:10:00+00:00,player_rebounds_assists,False,Pending,,,
1da265a6a1035935a4d2f806af7c3a74_17895966_player_rebounds_Under_3.5_hardrockbet_2026-03-03 11:45,2026-03-03T11:45:43.722823-05:00,SAC Kings vs PHX Suns (11:10 PM EST),Jalen Green,Rebounds,Under,3.5,100,HardRockBet,3.38,70.0,10,False,"FanDuel at -128, DraftKings at -119, theScore at -120",17895966,1da265a6a1035935a4d2f806af7c3a74,2026-03-04T04:10:00+00:00,player_rebounds,False,Pending,,,
1da265a6a1035935a4d2f806af7c3a74_57_player_points_rebounds_assists_Under_32.5_betparx_2026-03-03 11:45,2026-03-03T11:45:55.078290-05:00,SAC Kings vs PHX Suns (11:10 PM EST),Devin Booker,Points Rebounds Assists,Under,32.5,105,BetParx,2.11,50.0,10,False,"DraftKings at -112, theScore at -115",57,1da265a6a1035935a4d2f806af7c3a74,2026-03-04T04:10:00+00:00,player_points_rebounds_assists,False,Pending,,,
2213458a287cb0b1ffa4d46d3ed430b3_3547239_player_rebounds_Under_4.5_betparx_2026-03-03 11:46,2026-03-03T11:46:33.015453-05:00,CHA Hornets vs DAL Mavericks (7:10 PM EST),LaMelo Ball,Rebounds,Under,4.5,108,BetParx,2.4,70.0,10,False,"FanDuel at -114, DraftKings at -104, theScore at -110",3547239,2213458a287cb0b1ffa4d46d3ed430b3,2026-03-04T00:10:00+00:00,player_rebounds,False,Pending,,,
5b3a7e855054866a44f6443710ea000b_3547238_player_rebounds_assists_Under_9.5_hardrockbet_2026-03-03 11:47,2026-03-03T11:47:58.345077-05:00,MIN Timberwolves vs MEM Grizzlies (8:10 PM EST),Anthony Edwards,Rebounds Assists,Under,9.5,-110,HardRockBet,6.67,70.0,10,False,"DraftKings at -131, theScore at -160",3547238,5b3a7e855054866a44f6443710ea000b,2026-03-04T01:10:00+00:00,player_rebounds_assists,False,Pending,,,
63d7f24774bdc95465206323a257aa73_132_player_rebounds_Under_7.5_betparx_2026-03-03 11:57,2026-03-03T11:57:56.288920-05:00,LAL Lakers vs NOP Pelicans (10:40 PM EST),Luka Doncic,Rebounds,Under,7.5,-104,BetParx,3.43,60.0,10,False,"FanDuel at -132, DraftKings at -122, theScore at -125, PINNACLE at -146",132,63d7f24774bdc95465206323a257aa73,2026-03-04T03:40:00+00:00,player_rebounds,False,Pending,,,
63d7f24774bdc95465206323a257aa73_132_player_rebounds_Under_7.5_betrivers_2026-03-03 11:58,2026-03-03T11:58:01.106807-05:00,LAL Lakers vs NOP Pelicans (10:40 PM EST),Luka Doncic,Rebounds,Under,7.5,-105,BetRivers,2.95,60.0,10,False,"FanDuel at -132, DraftKings at -122, theScore at -125, PINNACLE at -146",132,63d7f24774bdc95465206323a257aa73,2026-03-04T03:40:00+00:00,player_rebounds,False,Pending,,,
2213458a287cb0b1ffa4d46d3ed430b3_62_player_threes_Over_1.5_betparx_2026-03-03 12:03,2026-03-03T12:03:22.113645-05:00,CHA Hornets vs DAL Mavericks (7:10 PM EST),Miles Bridges,Threes,Over,1.5,-125,BetParx,3.26,40.0,10,False,"FanDuel at -158, DraftKings at -143, theScore at -170",62,2213458a287cb0b1ffa4d46d3ed430b3,2026-03-04T00:10:00+00:00,player_threes,False,Pending,,,
2213458a287cb0b1ffa4d46d3ed430b3_62_player_threes_Over_1.5_betrivers_2026-03-03 12:03,2026-03-03T12:03:26.831662-05:00,CHA Hornets vs DAL Mavericks (7:10 PM EST),Miles Bridges,Threes,Over,1.5,-127,BetRivers,2.53,40.0,10,False,"FanDuel at -158, DraftKings at -143, theScore at -170",62,2213458a287cb0b1ffa4d46d3ed430b3,2026-03-04T00:10:00+00:00,player_threes,False,Pending,,,
2213458a287cb0b1ffa4d46d3ed430b3_62_player_threes_Over_1.5_ballybet_2026-03-03 12:03,2026-03-03T12:03:31.602251-05:00,CHA Hornets vs DAL Mavericks (7:10 PM EST),Miles Bridges,Threes,Over,1.5,-125,BallyBet,3.26,40.0,10,False,"FanDuel at -158, DraftKings at -143, theScore at -170",62,2213458a287cb0b1ffa4d46d3ed430b3,2026-03-04T00:10:00+00:00,player_threes,False,Pending,,,
637bb875ffdc47533ca3ed42d7bbcaa7_17896038_player_points_Under_9.5_betparx_2026-03-03 12:03,2026-03-03T12:03:46.594371-05:00,MIA Heat vs BKN Nets (7:40 PM EST),Day'Ron Sharpe,Points,Under,9.5,100,BetParx,2.61,50.0,10,False,"FanDuel at -118, DraftKings at -123, theScore at -125",17896038,637bb875ffdc47533ca3ed42d7bbcaa7,2026-03-04T00:40:00+00:00,player_points,False,Pending,,,
6178a340912ea77ebb5169a9c65f3ec7_1028025177_player_rebounds_Under_6.5_betrivers_2026-03-03 12:04,2026-03-03T12:04:03.660351-05:00,CHI Bulls vs OKC Thunder (8:10 PM EST),Matas Buzelis,Rebounds,Under,6.5,-104,BetRivers,3.46,50.0,10,False,"FanDuel at -130, DraftKings at -134, theScore at -125, PINNACLE at -130",1028025177,6178a340912ea77ebb5169a9c65f3ec7,2026-03-04T01:10:00+00:00,player_rebounds,False,Pending,,,
6178a340912ea77ebb5169a9c65f3ec7_1028025177_player_rebounds_Under_6.5_betparx_2026-03-03 12:04,2026-03-03T12:04:08.830917-05:00,CHI Bulls vs OKC Thunder (8:10 PM EST),Matas Buzelis,Rebounds,Under,6.5,-103,BetParx,3.95,50.0,10,False,"FanDuel at -130, DraftKings at -134, theScore at -125, PINNACLE at -130",1028025177,6178a340912ea77ebb5169a9c65f3ec7,2026-03-04T01:10:00+00:00,player_rebounds,False,Pending,,,
5b3a7e855054866a44f6443710ea000b_17896067_player_points_Under_12.5_betparx_2026-03-03 12:04,2026-03-03T12:04:17.208389-05:00,MIN Timberwolves vs MEM Grizzlies (8:10 PM EST),Santi Aldama,Points,Under,12.5,-114,BetParx,2.12,50.0,10,False,"FanDuel at -136, theScore at -145",17896067,5b3a7e855054866a44f6443710ea000b,2026-03-04T01:10:00+00:00,player_points,False,Pending,,,
2213458a287cb0b1ffa4d46d3ed430b3_3547239_player_rebounds_Under_4.5_betrivers_2026-03-03 12:17,2026-03-03T12:17:44.373806-05:00,CHA Hornets vs DAL Mavericks (7:10 PM EST),LaMelo Ball,Rebounds,Under,4.5,108,BetRivers,2.4,70.0,10,False,"FanDuel at -114, DraftKings at -104, theScore at -110",3547239,2213458a287cb0b1ffa4d46d3ed430b3,2026-03-04T00:10:00+00:00,player_rebounds,False,Pending,,,
2213458a287cb0b1ffa4d46d3ed430b3_666577_player_rebounds_Under_6.5_hardrockbet_2026-03-03 12:17,2026-03-03T12:17:54.084538-05:00,CHA Hornets vs DAL Mavericks (7:10 PM EST),Daniel Gafford,Rebounds,Under,6.5,-135,HardRockBet,2.71,70.0,10,False,"theScore at -170, PINNACLE at -168",666577,2213458a287cb0b1ffa4d46d3ed430b3,2026-03-04T00:10:00+00:00,player_rebounds,False,Pending,,,
637bb875ffdc47533ca3ed42d7bbcaa7_17896038_player_rebounds_Under_7.5_betparx_2026-03-03 12:18,2026-03-03T12:18:45.464208-05:00,MIA Heat vs BKN Nets (7:40 PM EST),Day'Ron Sharpe,Rebounds,Under,7.5,102,BetParx,6.21,50.0,10,False,"FanDuel at -130, DraftKings at -119, theScore at -130, PINNACLE at -135",17896038,637bb875ffdc47533ca3ed42d7bbcaa7,2026-03-04T00:40:00+00:00,player_rebounds,False,Pending,,,
637bb875ffdc47533ca3ed42d7bbcaa7_17896038_player_rebounds_Under_7.5_betrivers_2026-03-03 12:18,2026-03-03T12:18:50.135339-05:00,MIA Heat vs BKN Nets (7:40 PM EST),Day'Ron Sharpe,Rebounds,Under,7.5,-104,BetRivers,3.13,50.0,10,False,"FanDuel at -130, DraftKings at -119, theScore at -130, PINNACLE at -135",17896038,637bb875ffdc47533ca3ed42d7bbcaa7,2026-03-04T00:40:00+00:00,player_rebounds,False,Pending,,,
1da265a6a1035935a4d2f806af7c3a74_125_player_assists_Under_3.5_hardrockbet_2026-03-03 12:20,2026-03-03T12:20:09.717592-05:00,SAC Kings vs PHX Suns (11:10 PM EST),DeMar DeRozan,Assists,Under,3.5,-110,HardRockBet,2.04,40.0,10,False,"FanDuel at -132, DraftKings at -140, theScore at -130",125,1da265a6a1035935a4d2f806af7c3a74,2026-03-04T04:10:00+00:00,player_assists,False,Pending,,,
637bb875ffdc47533ca3ed42d7bbcaa7_1028029127_player_points_Over_9.5_betparx_2026-03-03 12:25,2026-03-03T12:25:31.454803-05:00,MIA Heat vs BKN Nets (7:40 PM EST),Kel'el Ware,Points,Over,9.5,-127,BetParx,2.13,60.0,10,False,"theScore at -150, PINNACLE at -172",1028029127,637bb875ffdc47533ca3ed42d7bbcaa7,2026-03-04T00:40:00+00:00,player_points,False,Pending,,,
637bb875ffdc47533ca3ed42d7bbcaa7_1028029127_player_points_Over_9.5_betrivers_2026-03-03 12:25,2026-03-03T12:25:38.483992-05:00,MIA Heat vs BKN Nets (7:40 PM EST),Kel'el Ware,Points,Over,9.5,-127,BetRivers,2.13,60.0,10,False,"theScore at -150, PINNACLE at -172",1028029127,637bb875ffdc47533ca3ed42d7bbcaa7,2026-03-04T00:40:00+00:00,player_points,False,Pending,,,
637bb875ffdc47533ca3ed42d7bbcaa7_1028029127_player_points_Over_9.5_ballybet_2026-03-03 12:25,2026-03-03T12:25:43.387390-05:00,MIA Heat vs BKN Nets (7:40 PM EST),Kel'el Ware,Points,Over,9.5,-127,BallyBet,2.13,60.0,10,False,"theScore at -150, PINNACLE at -172",1028029127,637bb875ffdc47533ca3ed42d7bbcaa7,2026-03-04T00:40:00+00:00,player_points,False,Pending,,,
1da265a6a1035935a4d2f806af7c3a74_1057276634_player_points_Under_13.5_hardrockbet_2026-03-03 12:26,2026-03-03T12:26:13.386561-05:00,SAC Kings vs PHX Suns (11:10 PM EST),Nique Clifford,Points,Under,13.5,100,HardRockBet,2.56,60.0,10,False,"FanDuel at -128, DraftKings at -105, theScore at -125, PINNACLE at -117",1057276634,1da265a6a1035935a4d2f806af7c3a74,2026-03-04T04:10:00+00:00,player_points,False,Pending,,,
1da265a6a1035935a4d2f806af7c3a74_3547249_player_points_Under_11.5_betrivers_2026-03-03 12:26,2026-03-03T12:26:18.157159-05:00,SAC Kings vs PHX Suns (11:10 PM EST),Precious Achiuwa,Points,Under,11.5,100,BetRivers,3.44,60.0,10,False,"FanDuel at -132, DraftKings at -108, PINNACLE at -121",3547249,1da265a6a1035935a4d2f806af7c3a74,2026-03-04T04:10:00+00:00,player_points,False,Pending,,,
1da265a6a1035935a4d2f806af7c3a74_3547249_player_points_Under_11.5_betparx_2026-03-03 12:26,2026-03-03T12:26:22.947887-05:00,SAC Kings vs PHX Suns (11:10 PM EST),Precious Achiuwa,Points,Under,11.5,102,BetParx,4.47,60.0,10,False,"FanDuel at -132, DraftKings at -108, PINNACLE at -121",3547249,1da265a6a1035935a4d2f806af7c3a74,2026-03-04T04:10:00+00:00,player_points,False,Pending,,,
2213458a287cb0b1ffa4d46d3ed430b3_666577_player_rebounds_Under_6.5_hardrockbet_2026-03-03 12:31,2026-03-03T12:31:34.990180-05:00,CHA Hornets vs DAL Mavericks (7:10 PM EST),Daniel Gafford,Rebounds,Under,6.5,-135,HardRockBet,4.0,70.0,10,False,"theScore at -180, PINNACLE at -169",666577,2213458a287cb0b1ffa4d46d3ed430b3,2026-03-04T00:10:00+00:00,player_rebounds,False,Pending,,,
1da265a6a1035935a4d2f806af7c3a74_3547249_player_points_Under_11.5_draftkings_2026-03-03 12:33,2026-03-03T12:33:14.846556-05:00,SAC Kings vs PHX Suns (11:10 PM EST),Precious Achiuwa,Points,Under,11.5,-108,DraftKings,2.6,60.0,10,False,"FanDuel at -136, PINNACLE at -121",3547249,1da265a6a1035935a4d2f806af7c3a74,2026-03-04T04:10:00+00:00,player_points,False,Pending,,,
1da265a6a1035935a4d2f806af7c3a74_3547249_player_points_Under_11.5_betrivers_2026-03-03 12:33,2026-03-03T12:33:21.384614-05:00,SAC Kings vs PHX Suns (11:10 PM EST),Precious Achiuwa,Points,Under,11.5,100,BetRivers,4.09,60.0,10,False,"FanDuel at -136, DraftKings at -108, PINNACLE at -121",3547249,1da265a6a1035935a4d2f806af7c3a74,2026-03-04T04:10:00+00:00,player_points,False,Pending,,,
1da265a6a1035935a4d2f806af7c3a74_3547249_player_points_Under_11.5_betparx_2026-03-03 12:33,2026-03-03T12:33:26.317123-05:00,SAC Kings vs PHX Suns (11:10 PM EST),Precious Achiuwa,Points,Under,11.5,102,BetParx,5.13,60.0,10,False,"FanDuel at -136, DraftKings at -108, PINNACLE at -121",3547249,1da265a6a1035935a4d2f806af7c3a74,2026-03-04T04:10:00+00:00,player_points,False,Pending,,,
637bb875ffdc47533ca3ed42d7bbcaa7_17896038_player_rebounds_Under_7.5_betparx_2026-03-03 12:50,2026-03-03T12:50:35.615596-05:00,MIA Heat vs BKN Nets (7:40 PM EST),Day'Ron Sharpe,Rebounds,Under,7.5,-109,BetParx,2.9,50.0,10,False,"FanDuel at -132, DraftKings at -142, theScore at -130, Pinnacle at -141",17896038,637bb875ffdc47533ca3ed42d7bbcaa7,2026-03-04T00:40:00+00:00,player_rebounds,False,Pending,,,
637bb875ffdc47533ca3ed42d7bbcaa7_1057280779_player_rebounds_Under_5.5_betparx_2026-03-03 12:50,2026-03-03T12:50:40.819732-05:00,MIA Heat vs BKN Nets (7:40 PM EST),Danny Wolf,Rebounds,Under,5.5,-120,BetParx,2.9,50.0,10,False,"FanDuel at -158, DraftKings at -144, theScore at -145, Pinnacle at -147",1057280779,637bb875ffdc47533ca3ed42d7bbcaa7,2026-03-04T00:40:00+00:00,player_rebounds,False,Pending,,,
637bb875ffdc47533ca3ed42d7bbcaa7_1057280779_player_rebounds_Under_5.5_betrivers_2026-03-03 12:50,2026-03-03T12:50:45.520917-05:00,MIA Heat vs BKN Nets (7:40 PM EST),Danny Wolf,Rebounds,Under,5.5,-121,BetRivers,2.52,50.0,10,False,"FanDuel at -158, DraftKings at -144, theScore at -145, Pinnacle at -147",1057280779,637bb875ffdc47533ca3ed42d7bbcaa7,2026-03-04T00:40:00+00:00,player_rebounds,False,Pending,,,
6e039621e88bb0b022d5b0d3eafd9596_447_player_rebounds_Under_11.5_hardrockbet_2026-03-03 12:51,2026-03-03T12:51:07.629507-05:00,TOR Raptors vs NYK Knicks (7:40 PM EST),Karl-Anthony Towns,Rebounds,Under,11.5,-110,HardRockBet,3.22,60.0,10,False,"FanDuel at -138, DraftKings at -126, theScore at -145, Pinnacle at -133",447,6e039621e88bb0b022d5b0d3eafd9596,2026-03-04T00:40:00+00:00,player_rebounds,False,Pending,,,
6e039621e88bb0b022d5b0d3eafd9596_18_player_points_rebounds_assists_Over_22.5_betparx_2026-03-03 12:51,2026-03-03T12:51:17.689000-05:00,TOR Raptors vs NYK Knicks (7:40 PM EST),OG Anunoby,Points Rebounds Assists,Over,22.5,107,BetParx,3.37,60.0,10,False,"FanDuel at -114, DraftKings at -113, theScore at -115",18,6e039621e88bb0b022d5b0d3eafd9596,2026-03-04T00:40:00+00:00,player_points_rebounds_assists,False,Pending,,,
6e039621e88bb0b022d5b0d3eafd9596_666423_player_points_rebounds_assists_Over_27.5_betparx_2026-03-03 12:51,2026-03-03T12:51:28.598182-05:00,TOR Raptors vs NYK Knicks (7:40 PM EST),R.J. Barrett,Points Rebounds Assists,Over,27.5,102,BetParx,2.89,40.0,10,False,"DraftKings at -119, theScore at -120",666423,6e039621e88bb0b022d5b0d3eafd9596,2026-03-04T00:40:00+00:00,player_points_rebounds_assists,False,Pending,,,
6e039621e88bb0b022d5b0d3eafd9596_18_player_points_rebounds_assists_Over_22.5_betrivers_2026-03-03 12:51,2026-03-03T12:51:33.598632-05:00,TOR Raptors vs NYK Knicks (7:40 PM EST),OG Anunoby,Points Rebounds Assists,Over,22.5,105,BetRivers,2.37,60.0,10,False,"FanDuel at -114, DraftKings at -113, theScore at -115",18,6e039621e88bb0b022d5b0d3eafd9596,2026-03-04T00:40:00+00:00,player_points_rebounds_assists,False,Pending,,,
6e039621e88bb0b022d5b0d3eafd9596_18_player_points_rebounds_assists_Over_22.5_ballybet_2026-03-03 12:51,2026-03-03T12:51:38.725278-05:00,TOR Raptors vs NYK Knicks (7:40 PM EST),OG Anunoby,Points Rebounds Assists,Over,22.5,105,BallyBet,2.37,60.0,10,False,"FanDuel at -114, DraftKings at -113, theScore at -115",18,6e039621e88bb0b022d5b0d3eafd9596,2026-03-04T00:40:00+00:00,player_points_rebounds_assists,False,Pending,,,
1da265a6a1035935a4d2f806af7c3a74_17895966_player_assists_Over_2.5_betmgm_2026-03-03 12:52,2026-03-03T12:52:47.688062-05:00,SAC Kings vs PHX Suns (11:10 PM EST),Jalen Green,Assists,Over,2.5,-115,BetMGM,2.29,40.0,10,False,"FanDuel at -138, DraftKings at -142, theScore at -145",17895966,1da265a6a1035935a4d2f806af7c3a74,2026-03-04T04:10:00+00:00,player_assists,False,Pending,,,
1da265a6a1035935a4d2f806af7c3a74_125_player_assists_Under_3.5_hardrockbet_2026-03-03 12:52,2026-03-03T12:52:54.189563-05:00,SAC Kings vs PHX Suns (11:10 PM EST),DeMar DeRozan,Assists,Under,3.5,-110,HardRockBet,5.54,40.0,10,False,"FanDuel at -146, DraftKings at -140, theScore at -145",125,1da265a6a1035935a4d2f806af7c3a74,2026-03-04T04:10:00+00:00,player_assists,False,Pending,,,
1da265a6a1035935a4d2f806af7c3a74_17895966_player_assists_Over_2.5_hardrockbet_2026-03-03 12:52,2026-03-03T12:52:59.085701-05:00,SAC Kings vs PHX Suns (11:10 PM EST),Jalen Green,Assists,Over,2.5,-115,HardRockBet,2.29,40.0,10,False,"FanDuel at -138, DraftKings at -142, theScore at -145",17895966,1da265a6a1035935a4d2f806af7c3a74,2026-03-04T04:10:00+00:00,player_assists,False,Pending,,,
1da265a6a1035935a4d2f806af7c3a74_472_player_assists_Under_4.5_betparx_2026-03-03 12:53,2026-03-03T12:53:06.552540-05:00,SAC Kings vs PHX Suns (11:10 PM EST),Russell Westbrook,Assists,Under,4.5,107,BetParx,2.2,40.0,10,False,"FanDuel at -114, DraftKings at -108, theScore at -110, Pinnacle at -113",472,1da265a6a1035935a4d2f806af7c3a74,2026-03-04T04:10:00+00:00,player_assists,False,Pending,,,
1da265a6a1035935a4d2f806af7c3a74_57_player_points_rebounds_assists_Under_32.5_betrivers_2026-03-03 12:53,2026-03-03T12:53:14.860477-05:00,SAC Kings vs PHX Suns (11:10 PM EST),Devin Booker,Points Rebounds Assists,Under,32.5,104,BetRivers,2.23,50.0,10,False,"DraftKings at -116, theScore at -115",57,1da265a6a1035935a4d2f806af7c3a74,2026-03-04T04:10:00+00:00,player_points_rebounds_assists,False,Pending,,,
63d7f24774bdc95465206323a257aa73_666969_player_points_rebounds_assists_Over_28.5_ballybet_2026-03-03 12:58,2026-03-03T12:58:39.781012-05:00,LAL Lakers vs NOP Pelicans (10:40 PM EST),Zion Williamson,Points Rebounds Assists,Over,28.5,110,BallyBet,3.94,80.0,10,False,"FanDuel at -114, DraftKings at -110, theScore at -110",666969,63d7f24774bdc95465206323a257aa73,2026-03-04T03:40:00+00:00,player_points_rebounds_assists,False,Pending,,,
63d7f24774bdc95465206323a257aa73_666969_player_points_rebounds_assists_Over_28.5_betparx_2026-03-03 12:58,2026-03-03T12:58:45.018021-05:00,LAL Lakers vs NOP Pelicans (10:40 PM EST),Zion Williamson,Points Rebounds Assists,Over,28.5,110,BetParx,3.94,80.0,10,False,"FanDuel at -114, DraftKings at -110, theScore at -110",666969,63d7f24774bdc95465206323a257aa73,2026-03-04T03:40:00+00:00,player_points_rebounds_assists,False,Pending,,,
63d7f24774bdc95465206323a257aa73_666969_player_points_rebounds_assists_Over_28.5_betrivers_2026-03-03 12:58,2026-03-03T12:58:49.709998-05:00,LAL Lakers vs NOP Pelicans (10:40 PM EST),Zion Williamson,Points Rebounds Assists,Over,28.5,110,BetRivers,3.94,80.0,10,False,"FanDuel at -114, DraftKings at -110, theScore at -110",666969,63d7f24774bdc95465206323a257aa73,2026-03-04T03:40:00+00:00,player_points_rebounds_assists,False,Pending,,,
7a292e434c91c398eb8db7bf1008b671_56677844_player_rebounds_Over_3.5_betmgm_2026-03-03 13:04,2026-03-03T13:04:15.520379-05:00,ORL Magic vs WAS Wizards (7:10 PM EST),Bilal Coulibaly,Rebounds,Over,3.5,-130,BetMGM,2.81,60.0,10,False,"FanDuel at -162, DraftKings at -166, theScore at -165",56677844,7a292e434c91c398eb8db7bf1008b671,2026-03-04T00:10:00+00:00,player_rebounds,False,Pending,,,
6178a340912ea77ebb5169a9c65f3ec7_1028025177_player_points_Over_15.5_betrivers_2026-03-03 13:04,2026-03-03T13:04:59.002519-05:00,CHI Bulls vs OKC Thunder (8:10 PM EST),Matas Buzelis,Points,Over,15.5,-105,BetRivers,3.68,60.0,10,False,"DraftKings at -118, theScore at -140, Pinnacle at -130",1028025177,6178a340912ea77ebb5169a9c65f3ec7,2026-03-04T01:10:00+00:00,player_points,False,Pending,,,
6178a340912ea77ebb5169a9c65f3ec7_1028025177_player_points_Over_15.5_ballybet_2026-03-03 13:05,2026-03-03T13:05:03.995507-05:00,CHI Bulls vs OKC Thunder (8:10 PM EST),Matas Buzelis,Points,Over,15.5,-105,BallyBet,3.68,60.0,10,False,"DraftKings at -118, theScore at -140, Pinnacle at -130",1028025177,6178a340912ea77ebb5169a9c65f3ec7,2026-03-04T01:10:00+00:00,player_points,False,Pending,,,
6178a340912ea77ebb5169a9c65f3ec7_1028025177_player_points_Over_15.5_betparx_2026-03-03 13:05,2026-03-03T13:05:09.028672-05:00,CHI Bulls vs OKC Thunder (8:10 PM EST),Matas Buzelis,Points,Over,15.5,-104,BetParx,4.17,60.0,10,False,"DraftKings at -118, theScore at -140, Pinnacle at -130",1028025177,6178a340912ea77ebb5169a9c65f3ec7,2026-03-04T01:10:00+00:00,player_points,False,Pending,,,
7a292e434c91c398eb8db7bf1008b671_1028025235_player_points_assists_Under_15.5_hardrockbet_2026-03-03 13:11,2026-03-03T13:11:36.790475-05:00,ORL Magic vs WAS Wizards (7:10 PM EST),Carlton Carrington,Points Assists,Under,15.5,100,HardRockBet,3.79,70.0,10,False,"FanDuel at -130, DraftKings at -113",1028025235,7a292e434c91c398eb8db7bf1008b671,2026-03-04T00:10:00+00:00,player_points_assists,False,Pending,,,
637bb875ffdc47533ca3ed42d7bbcaa7_17896038_player_rebounds_Under_7.5_betrivers_2026-03-03 13:11,2026-03-03T13:11:44.925497-05:00,MIA Heat vs BKN Nets (7:40 PM EST),Day'Ron Sharpe,Rebounds,Under,7.5,-108,BetRivers,2.76,50.0,10,False,"FanDuel at -132, DraftKings at -142, theScore at -125, Pinnacle at -141",17896038,637bb875ffdc47533ca3ed42d7bbcaa7,2026-03-04T00:40:00+00:00,player_rebounds,False,Pending,,,
63d7f24774bdc95465206323a257aa73_666969_player_points_rebounds_assists_Over_28.5_ballybet_2026-03-03 13:18,2026-03-03T13:18:35.643679-05:00,LAL Lakers vs NOP Pelicans (10:40 PM EST),Zion Williamson,Points Rebounds Assists,Over,28.5,108,BallyBet,2.32,80.0,10,False,"FanDuel at -112, DraftKings at -110, theScore at -110",666969,63d7f24774bdc95465206323a257aa73,2026-03-04T03:40:00+00:00,player_points_rebounds_assists,False,Pending,,,
63d7f24774bdc95465206323a257aa73_666969_player_points_rebounds_assists_Over_28.5_betparx_2026-03-03 13:18,2026-03-03T13:18:41.321637-05:00,LAL Lakers vs NOP Pelicans (10:40 PM EST),Zion Williamson,Points Rebounds Assists,Over,28.5,110,BetParx,3.3,80.0,10,False,"FanDuel at -112, DraftKings at -110, theScore at -110",666969,63d7f24774bdc95465206323a257aa73,2026-03-04T03:40:00+00:00,player_points_rebounds_assists,False,Pending,,,
63d7f24774bdc95465206323a257aa73_666969_player_points_rebounds_assists_Over_28.5_betrivers_2026-03-03 13:18,2026-03-03T13:18:46.186634-05:00,LAL Lakers vs NOP Pelicans (10:40 PM EST),Zion Williamson,Points Rebounds Assists,Over,28.5,108,BetRivers,2.32,80.0,10,False,"FanDuel at -112, DraftKings at -110, theScore at -110",666969,63d7f24774bdc95465206323a257aa73,2026-03-04T03:40:00+00:00,player_points_rebounds_assists,False,Pending,,,
6e039621e88bb0b022d5b0d3eafd9596_18_player_points_rebounds_assists_Over_22.5_betparx_2026-03-03 13:41,2026-03-03T13:41:43.005792-05:00,TOR Raptors vs NYK Knicks (7:40 PM EST),OG Anunoby,Points Rebounds Assists,Over,22.5,107,BetParx,4.0,60.0,10,False,"FanDuel at -118, DraftKings at -113, theScore at -115",18,6e039621e88bb0b022d5b0d3eafd9596,2026-03-04T00:40:00+00:00,player_points_rebounds_assists,False,Pending,,,
6e039621e88bb0b022d5b0d3eafd9596_18_player_points_rebounds_assists_Over_22.5_betrivers_2026-03-03 13:41,2026-03-03T13:41:52.150288-05:00,TOR Raptors vs NYK Knicks (7:40 PM EST),OG Anunoby,Points Rebounds Assists,Over,22.5,105,BetRivers,3.0,60.0,10,False,"FanDuel at -118, DraftKings at -113, theScore at -115",18,6e039621e88bb0b022d5b0d3eafd9596,2026-03-04T00:40:00+00:00,player_points_rebounds_assists,False,Pending,,,
6e039621e88bb0b022d5b0d3eafd9596_18_player_points_rebounds_assists_Over_22.5_ballybet_2026-03-03 13:42,2026-03-03T13:42:01.626383-05:00,TOR Raptors vs NYK Knicks (7:40 PM EST),OG Anunoby,Points Rebounds Assists,Over,22.5,105,BallyBet,3.0,60.0,10,False,"FanDuel at -118, DraftKings at -113, theScore at -115",18,6e039621e88bb0b022d5b0d3eafd9596,2026-03-04T00:40:00+00:00,player_points_rebounds_assists,False,Pending,,,
63d7f24774bdc95465206323a257aa73_420_player_rebounds_Under_2.5_betparx_2026-03-03 13:42,2026-03-03T13:42:55.114537-05:00,LAL Lakers vs NOP Pelicans (10:40 PM EST),Marcus Smart,Rebounds,Under,2.5,-120,BetParx,3.28,50.0,10,False,"FanDuel at -162, DraftKings at -136, theScore at -145",420,63d7f24774bdc95465206323a257aa73,2026-03-04T03:40:00+00:00,player_rebounds,False,Pending,,,
63d7f24774bdc95465206323a257aa73_420_player_rebounds_Under_2.5_betrivers_2026-03-03 13:43,2026-03-03T13:43:04.211085-05:00,LAL Lakers vs NOP Pelicans (10:40 PM EST),Marcus Smart,Rebounds,Under,2.5,-121,BetRivers,2.89,50.0,10,False,"FanDuel at -162, DraftKings at -136, theScore at -145",420,63d7f24774bdc95465206323a257aa73,2026-03-04T03:40:00+00:00,player_rebounds,False,Pending,,,
1da265a6a1035935a4d2f806af7c3a74_17895966_player_assists_Over_2.5_betmgm_2026-03-03 13:43,2026-03-03T13:43:35.785440-05:00,SAC Kings vs PHX Suns (11:10 PM EST),Jalen Green,Assists,Over,2.5,-115,BetMGM,2.12,40.0,10,False,"FanDuel at -140, DraftKings at -142, theScore at -140",17895966,1da265a6a1035935a4d2f806af7c3a74,2026-03-04T04:10:00+00:00,player_assists,False,Pending,,,
1da265a6a1035935a4d2f806af7c3a74_125_player_assists_Under_3.5_hardrockbet_2026-03-03 13:43,2026-03-03T13:43:44.937818-05:00,SAC Kings vs PHX Suns (11:10 PM EST),DeMar DeRozan,Assists,Under,3.5,-110,HardRockBet,5.89,40.0,10,False,"FanDuel at -148, DraftKings at -140, theScore at -145",125,1da265a6a1035935a4d2f806af7c3a74,2026-03-04T04:10:00+00:00,player_assists,False,Pending,,,
1da265a6a1035935a4d2f806af7c3a74_17895966_player_assists_Over_2.5_hardrockbet_2026-03-03 13:43,2026-03-03T13:43:53.803066-05:00,SAC Kings vs PHX Suns (11:10 PM EST),Jalen Green,Assists,Over,2.5,-115,HardRockBet,2.12,40.0,10,False,"FanDuel at -140, DraftKings at -142, theScore at -140",17895966,1da265a6a1035935a4d2f806af7c3a74,2026-03-04T04:10:00+00:00,player_assists,False,Pending,,,
1da265a6a1035935a4d2f806af7c3a74_472_player_assists_Under_4.5_betrivers_2026-03-03 13:44,2026-03-03T13:44:03.743238-05:00,SAC Kings vs PHX Suns (11:10 PM EST),Russell Westbrook,Assists,Under,4.5,107,BetRivers,2.1,40.0,10,False,"FanDuel at -114, DraftKings at -108, theScore at -110, Pinnacle at -111",472,1da265a6a1035935a4d2f806af7c3a74,2026-03-04T04:10:00+00:00,player_assists,False,Pending,,,
1da265a6a1035935a4d2f806af7c3a74_57_player_assists_Under_5.5_betparx_2026-03-03 13:44,2026-03-03T13:44:14.181125-05:00,SAC Kings vs PHX Suns (11:10 PM EST),Devin Booker,Assists,Under,5.5,-104,BetParx,2.23,50.0,10,False,"FanDuel at -140, DraftKings at -115, theScore at -120, Pinnacle at -113",57,1da265a6a1035935a4d2f806af7c3a74,2026-03-04T04:10:00+00:00,player_assists,False,Pending,,,
7a292e434c91c398eb8db7bf1008b671_17896073_player_points_rebounds_assists_Under_24.5_hardrockbet_2026-03-03 13:49,2026-03-03T13:49:47.893365-05:00,ORL Magic vs WAS Wizards (7:10 PM EST),Jalen Suggs,Points Rebounds Assists,Under,24.5,-105,HardRockBet,2.04,50.0,10,False,"FanDuel at -128, theScore at -125",17896073,7a292e434c91c398eb8db7bf1008b671,2026-03-04T00:10:00+00:00,player_points_rebounds_assists,False,Pending,,,
1da265a6a1035935a4d2f806af7c3a74_125_player_assists_Under_3.5_hardrockbet_2026-03-03 13:56,2026-03-03T13:56:32.728366-05:00,SAC Kings vs PHX Suns (11:10 PM EST),DeMar DeRozan,Assists,Under,3.5,-110,HardRockBet,5.54,40.0,10,False,"FanDuel at -146, DraftKings at -140, theScore at -145",125,1da265a6a1035935a4d2f806af7c3a74,2026-03-04T04:10:00+00:00,player_assists,False,Pending,,,
2213458a287cb0b1ffa4d46d3ed430b3_38017725_player_points_rebounds_Over_20.5_betmgm_2026-03-03 14:17,2026-03-03T14:17:20.797462-05:00,CHA Hornets vs DAL Mavericks (7:10 PM EST),Moussa Diabate,Points Rebounds,Over,20.5,-105,BetMGM,2.54,50.0,10,False,"DraftKings at -123, theScore at -130",38017725,2213458a287cb0b1ffa4d46d3ed430b3,2026-03-04T00:10:00+00:00,player_points_rebounds,False,Pending,,,
2213458a287cb0b1ffa4d46d3ed430b3_38017725_player_points_rebounds_Over_20.5_hardrockbet_2026-03-03 14:17,2026-03-03T14:17:25.428827-05:00,CHA Hornets vs DAL Mavericks (7:10 PM EST),Moussa Diabate,Points Rebounds,Over,20.5,-105,HardRockBet,2.54,50.0,10,False,"DraftKings at -123, theScore at -130",38017725,2213458a287cb0b1ffa4d46d3ed430b3,2026-03-04T00:10:00+00:00,player_points_rebounds,False,Pending,,,
b6df29b0fdf2fd3b00b97b1e81870cca_56677826_player_rebounds_assists_Over_8.5_hardrockbet_2026-03-03 14:17,2026-03-03T14:17:50.808033-05:00,CLE Cavaliers vs DET Pistons (7:10 PM EST),Ausar Thompson,Rebounds Assists,Over,8.5,105,HardRockBet,5.75,70.0,10,False,"FanDuel at -125, DraftKings at -123, theScore at -120",56677826,b6df29b0fdf2fd3b00b97b1e81870cca,2026-03-04T00:10:00+00:00,player_rebounds_assists,False,Pending,,,
b6df29b0fdf2fd3b00b97b1e81870cca_397_player_points_alternate_Over_9.5_hardrockbet_2026-03-03 14:18,2026-03-03T14:18:08.911173-05:00,CLE Cavaliers vs DET Pistons (7:10 PM EST),Duncan Robinson,Points Alternate,Over,9.5,-145,HardRockBet,2.65,60.0,10,False,FanDuel at -186,397,b6df29b0fdf2fd3b00b97b1e81870cca,2026-03-04T00:10:00+00:00,player_points_alternate,False,Pending,,,
2213458a287cb0b1ffa4d46d3ed430b3_38017725_player_points_rebounds_Over_20.5_hardrockbet_2026-03-03 14:25,2026-03-03T14:25:15.646642-05:00,CHA Hornets vs DAL Mavericks (7:10 PM EST),Moussa Diabate,Points Rebounds,Over,20.5,-105,HardRockBet,2.54,50.0,10,False,"DraftKings at -123, theScore at -130",38017725,2213458a287cb0b1ffa4d46d3ed430b3,2026-03-04T00:10:00+00:00,player_points_rebounds,False,Pending,,,
b6df29b0fdf2fd3b00b97b1e81870cca_56677826_player_rebounds_assists_Over_8.5_hardrockbet_2026-03-03 14:26,2026-03-03T14:26:07.765359-05:00,CLE Cavaliers vs DET Pistons (7:10 PM EST),Ausar Thompson,Rebounds Assists,Over,8.5,105,HardRockBet,5.75,70.0,10,False,"FanDuel at -125, DraftKings at -123, theScore at -120",56677826,b6df29b0fdf2fd3b00b97b1e81870cca,2026-03-04T00:10:00+00:00,player_rebounds_assists,False,Pending,,,
b6df29b0fdf2fd3b00b97b1e81870cca_397_player_points_alternate_Over_9.5_hardrockbet_2026-03-03 14:26,2026-03-03T14:26:21.802198-05:00,CLE Cavaliers vs DET Pistons (7:10 PM EST),Duncan Robinson,Points Alternate,Over,9.5,-145,HardRockBet,2.65,60.0,10,False,FanDuel at -186,397,b6df29b0fdf2fd3b00b97b1e81870cca,2026-03-04T00:10:00+00:00,player_points_alternate,False,Pending,,,
7a292e434c91c398eb8db7bf1008b671_3547287_player_points_Over_21.5_betparx_2026-03-03 14:26,2026-03-03T14:26:32.228742-05:00,ORL Magic vs WAS Wizards (7:10 PM EST),Desmond Bane,Points,Over,21.5,-107,BetParx,2.04,80.0,10,False,"FanDuel at -130, theScore at -130, Pinnacle at -123",3547287,7a292e434c91c398eb8db7bf1008b671,2026-03-04T00:10:00+00:00,player_points,False,Pending,,,
7a292e434c91c398eb8db7bf1008b671_38017683_player_rebounds_assists_Under_14.5_hardrockbet_2026-03-03 14:26,2026-03-03T14:26:45.992721-05:00,ORL Magic vs WAS Wizards (7:10 PM EST),Paolo Banchero,Rebounds Assists,Under,14.5,100,HardRockBet,3.89,50.0,10,False,"FanDuel at -125, DraftKings at -133, theScore at -120",38017683,7a292e434c91c398eb8db7bf1008b671,2026-03-04T00:10:00+00:00,player_rebounds_assists,False,Pending,,,
637bb875ffdc47533ca3ed42d7bbcaa7_17896038_player_points_Under_8.5_betparx_2026-03-03 14:26,2026-03-03T14:26:58.738382-05:00,MIA Heat vs BKN Nets (7:40 PM EST),Day'Ron Sharpe,Points,Under,8.5,-105,BetParx,2.31,50.0,10,False,"FanDuel at -130, DraftKings at -123, theScore at -130, Pinnacle at -112",17896038,637bb875ffdc47533ca3ed42d7bbcaa7,2026-03-04T00:40:00+00:00,player_points,False,Pending,,,
637bb875ffdc47533ca3ed42d7bbcaa7_17896038_player_rebounds_Under_7.5_betparx_2026-03-03 14:27,2026-03-03T14:27:07.882006-05:00,MIA Heat vs BKN Nets (7:40 PM EST),Day'Ron Sharpe,Rebounds,Under,7.5,-117,BetParx,7.29,50.0,10,False,"theScore at -170, Pinnacle at -140",17896038,637bb875ffdc47533ca3ed42d7bbcaa7,2026-03-04T00:40:00+00:00,player_rebounds,False,Pending,,,
637bb875ffdc47533ca3ed42d7bbcaa7_17896038_player_rebounds_Under_7.5_betrivers_2026-03-03 14:27,2026-03-03T14:27:15.390211-05:00,MIA Heat vs BKN Nets (7:40 PM EST),Day'Ron Sharpe,Rebounds,Under,7.5,-118,BetRivers,6.87,50.0,10,False,"theScore at -170, Pinnacle at -140",17896038,637bb875ffdc47533ca3ed42d7bbcaa7,2026-03-04T00:40:00+00:00,player_rebounds,False,Pending,,,
63d7f24774bdc95465206323a257aa73_3547256_player_threes_alternate_Over_1.5_hardrockbet_2026-03-03 14:28,2026-03-03T14:28:24.243813-05:00,LAL Lakers vs NOP Pelicans (10:40 PM EST),Saddiq Bey,Threes Alternate,Over,1.5,-155,HardRockBet,5.79,80.0,10,False,FanDuel at -220,3547256,63d7f24774bdc95465206323a257aa73,2026-03-04T03:40:00+00:00,player_threes_alternate,False,Pending,,,
1da265a6a1035935a4d2f806af7c3a74_17895966_player_rebounds_Under_3.5_hardrockbet_2026-03-03 14:28,2026-03-03T14:28:48.812322-05:00,SAC Kings vs PHX Suns (11:10 PM EST),Jalen Green,Rebounds,Under,3.5,105,HardRockBet,5.33,70.0,10,False,"FanDuel at -125, DraftKings at -118, theScore at -120",17895966,1da265a6a1035935a4d2f806af7c3a74,2026-03-04T04:10:00+00:00,player_rebounds,False,Pending,,,
1da265a6a1035935a4d2f806af7c3a74_125_player_assists_Under_3.5_hardrockbet_2026-03-03 14:29,2026-03-03T14:29:30.346362-05:00,SAC Kings vs PHX Suns (11:10 PM EST),DeMar DeRozan,Assists,Under,3.5,-110,HardRockBet,5.89,40.0,10,False,"FanDuel at -148, DraftKings at -140, theScore at -145",125,1da265a6a1035935a4d2f806af7c3a74,2026-03-04T04:10:00+00:00,player_assists,False,Pending,,,
7a292e434c91c398eb8db7bf1008b671_85_player_rebounds_Under_8.5_hardrockbet_2026-03-03 14:40,2026-03-03T14:40:45.145597-05:00,ORL Magic vs WAS Wizards (7:10 PM EST),Wendell Carter Jr,Rebounds,Under,8.5,-110,HardRockBet,4.89,50.0,10,False,"FanDuel at -138, DraftKings at -138, theScore at -150, Pinnacle at -143",85,7a292e434c91c398eb8db7bf1008b671,2026-03-04T00:10:00+00:00,player_rebounds,False,Pending,,,
7a292e434c91c398eb8db7bf1008b671_38017683_player_rebounds_assists_Under_14.5_hardrockbet_2026-03-03 14:40,2026-03-03T14:40:54.839287-05:00,ORL Magic vs WAS Wizards (7:10 PM EST),Paolo Banchero,Rebounds Assists,Under,14.5,105,HardRockBet,7.34,50.0,10,False,"FanDuel at -128, DraftKings at -129, theScore at -125",38017683,7a292e434c91c398eb8db7bf1008b671,2026-03-04T00:10:00+00:00,player_rebounds_assists,False,Pending,,,
637bb875ffdc47533ca3ed42d7bbcaa7_17896038_player_points_Under_8.5_betparx_2026-03-03 14:41,2026-03-03T14:41:07.763584-05:00,MIA Heat vs BKN Nets (7:40 PM EST),Day'Ron Sharpe,Points,Under,8.5,100,BetParx,5.49,50.0,10,False,"FanDuel at -130, DraftKings at -123, theScore at -130",17896038,637bb875ffdc47533ca3ed42d7bbcaa7,2026-03-04T00:40:00+00:00,player_points,False,Pending,,,
637bb875ffdc47533ca3ed42d7bbcaa7_17896038_player_points_Under_8.5_betrivers_2026-03-03 14:41,2026-03-03T14:41:12.536730-05:00,MIA Heat vs BKN Nets (7:40 PM EST),Day'Ron Sharpe,Points,Under,8.5,-103,BetRivers,3.95,50.0,10,False,"FanDuel at -130, DraftKings at -123, theScore at -130",17896038,637bb875ffdc47533ca3ed42d7bbcaa7,2026-03-04T00:40:00+00:00,player_points,False,Pending,,,
5b3a7e855054866a44f6443710ea000b_1028039105_player_rebounds_Over_2.5_betparx_2026-03-03 14:41,2026-03-03T14:41:39.355866-05:00,MIN Timberwolves vs MEM Grizzlies (8:10 PM EST),Jaylen Wells,Rebounds,Over,2.5,-143,BetParx,3.09,70.0,10,False,"DraftKings at -168, theScore at -195",1028039105,5b3a7e855054866a44f6443710ea000b,2026-03-04T01:10:00+00:00,player_rebounds,False,Pending,,,
5b3a7e855054866a44f6443710ea000b_1028039105_player_rebounds_Over_2.5_betrivers_2026-03-03 14:41,2026-03-03T14:41:44.066096-05:00,MIN Timberwolves vs MEM Grizzlies (8:10 PM EST),Jaylen Wells,Rebounds,Over,2.5,-143,BetRivers,3.09,70.0,10,False,"DraftKings at -168, theScore at -195",1028039105,5b3a7e855054866a44f6443710ea000b,2026-03-04T01:10:00+00:00,player_rebounds,False,Pending,,,
5b3a7e855054866a44f6443710ea000b_1028039105_player_rebounds_Over_2.5_ballybet_2026-03-03 14:41,2026-03-03T14:41:48.596164-05:00,MIN Timberwolves vs MEM Grizzlies (8:10 PM EST),Jaylen Wells,Rebounds,Over,2.5,-143,BallyBet,3.09,70.0,10,False,"DraftKings at -168, theScore at -195",1028039105,5b3a7e855054866a44f6443710ea000b,2026-03-04T01:10:00+00:00,player_rebounds,False,Pending,,,
1da265a6a1035935a4d2f806af7c3a74_17895966_player_rebounds_Under_3.5_hardrockbet_2026-03-03 14:42,2026-03-03T14:42:47.993702-05:00,SAC Kings vs PHX Suns (11:10 PM EST),Jalen Green,Rebounds,Under,3.5,105,HardRockBet,5.13,70.0,10,False,"FanDuel at -125, DraftKings at -115, theScore at -120",17895966,1da265a6a1035935a4d2f806af7c3a74,2026-03-04T04:10:00+00:00,player_rebounds,False,Pending,,,
1da265a6a1035935a4d2f806af7c3a74_125_player_assists_Under_3.5_hardrockbet_2026-03-03 14:42,2026-03-03T14:42:55.603778-05:00,SAC Kings vs PHX Suns (11:10 PM EST),DeMar DeRozan,Assists,Under,3.5,-110,HardRockBet,5.89,40.0,10,False,"FanDuel at -148, DraftKings at -140, theScore at -145",125,1da265a6a1035935a4d2f806af7c3a74,2026-03-04T04:10:00+00:00,player_assists,False,Pending,,,
b6df29b0fdf2fd3b00b97b1e81870cca_397_player_points_alternate_Over_9.5_hardrockbet_2026-03-03 14:46,2026-03-03T14:46:40.892876-05:00,CLE Cavaliers vs DET Pistons (7:10 PM EST),Duncan Robinson,Points Alternate,Over,9.5,-145,HardRockBet,3.13,60.0,10,False,FanDuel at -188,397,b6df29b0fdf2fd3b00b97b1e81870cca,2026-03-04T00:10:00+00:00,player_points_alternate,False,Pending,,,
7a292e434c91c398eb8db7bf1008b671_38017683_player_rebounds_assists_Under_14.5_hardrockbet_2026-03-03 14:46,2026-03-03T14:46:57.200258-05:00,ORL Magic vs WAS Wizards (7:10 PM EST),Paolo Banchero,Rebounds Assists,Under,14.5,105,HardRockBet,6.71,50.0,10,False,"FanDuel at -130, DraftKings at -124, theScore at -120",38017683,7a292e434c91c398eb8db7bf1008b671,2026-03-04T00:10:00+00:00,player_rebounds_assists,False,Pending,,,
637bb875ffdc47533ca3ed42d7bbcaa7_17896038_player_points_Under_8.5_betparx_2026-03-03 14:47,2026-03-03T14:47:16.505925-05:00,MIA Heat vs BKN Nets (7:40 PM EST),Day'Ron Sharpe,Points,Under,8.5,100,BetParx,4.82,50.0,10,False,"FanDuel at -130, DraftKings at -123, theScore at -130, Pinnacle at -113",17896038,637bb875ffdc47533ca3ed42d7bbcaa7,2026-03-04T00:40:00+00:00,player_points,False,Pending,,,
637bb875ffdc47533ca3ed42d7bbcaa7_17896038_player_points_Under_8.5_betrivers_2026-03-03 14:47,2026-03-03T14:47:21.887699-05:00,MIA Heat vs BKN Nets (7:40 PM EST),Day'Ron Sharpe,Points,Under,8.5,-103,BetRivers,3.3,50.0,10,False,"FanDuel at -130, DraftKings at -123, theScore at -130, Pinnacle at -113",17896038,637bb875ffdc47533ca3ed42d7bbcaa7,2026-03-04T00:40:00+00:00,player_points,False,Pending,,,
637bb875ffdc47533ca3ed42d7bbcaa7_56677843_player_points_Over_10.5_hardrockbet_2026-03-03 14:47,2026-03-03T14:47:32.317997-05:00,MIA Heat vs BKN Nets (7:40 PM EST),Noah Clowney,Points,Over,10.5,-125,HardRockBet,2.29,50.0,10,False,"theScore at -150, Pinnacle at -164",56677843,637bb875ffdc47533ca3ed42d7bbcaa7,2026-03-04T00:40:00+00:00,player_points,False,Pending,,,
1da265a6a1035935a4d2f806af7c3a74_125_player_assists_Under_3.5_hardrockbet_2026-03-03 14:49,2026-03-03T14:49:06.820022-05:00,SAC Kings vs PHX Suns (11:10 PM EST),DeMar DeRozan,Assists,Under,3.5,-110,HardRockBet,5.89,40.0,10,False,"FanDuel at -148, DraftKings at -140, theScore at -145",125,1da265a6a1035935a4d2f806af7c3a74,2026-03-04T04:10:00+00:00,player_assists,False,Pending,,,
2213458a287cb0b1ffa4d46d3ed430b3_3547239_player_points_Under_20.5_hardrockbet_2026-03-03 14:54,2026-03-03T14:54:15.424717-05:00,CHA Hornets vs DAL Mavericks (7:10 PM EST),LaMelo Ball,Points,Under,20.5,-115,HardRockBet,3.54,80.0,10,False,"theScore at -145, Pinnacle at -145",3547239,2213458a287cb0b1ffa4d46d3ed430b3,2026-03-04T00:10:00+00:00,player_points,False,Pending,,,
fe9fbae6e69b1684995b2fa8f45fb691_1057261935_player_points_Under_18.5_hardrockbet_2026-03-03 14:54,2026-03-03T14:54:33.458996-05:00,PHI 76ers vs SAS Spurs (8:10 PM EST),VJ Edgecombe,Points,Under,18.5,-110,HardRockBet,3.77,40.0,10,False,"theScore at -145, Pinnacle at -124",1057261935,fe9fbae6e69b1684995b2fa8f45fb691,2026-03-04T01:10:00+00:00,player_points,False,Pending,,,
2213458a287cb0b1ffa4d46d3ed430b3_3547239_player_points_Under_20.5_hardrockbet_2026-03-03 15:03,2026-03-03T15:03:04.187647-05:00,CHA Hornets vs DAL Mavericks (7:10 PM EST),LaMelo Ball,Points,Under,20.5,-115,HardRockBet,3.54,80.0,10,False,"theScore at -145, Pinnacle at -145",3547239,2213458a287cb0b1ffa4d46d3ed430b3,2026-03-04T00:10:00+00:00,player_points,False,Pending,,,
b6df29b0fdf2fd3b00b97b1e81870cca_397_player_points_alternate_Over_9.5_hardrockbet_2026-03-03 15:03,2026-03-03T15:03:48.459992-05:00,CLE Cavaliers vs DET Pistons (7:10 PM EST),Duncan Robinson,Points Alternate,Over,9.5,-145,HardRockBet,3.13,60.0,10,False,FanDuel at -188,397,b6df29b0fdf2fd3b00b97b1e81870cca,2026-03-04T00:10:00+00:00,player_points_alternate,False,Pending,,,
7a292e434c91c398eb8db7bf1008b671_38017683_player_rebounds_assists_Under_14.5_hardrockbet_2026-03-03 15:04,2026-03-03T15:04:03.277865-05:00,ORL Magic vs WAS Wizards (7:10 PM EST),Paolo Banchero,Rebounds Assists,Under,14.5,105,HardRockBet,6.71,50.0,10,False,"FanDuel at -130, DraftKings at -124, theScore at -120",38017683,7a292e434c91c398eb8db7bf1008b671,2026-03-04T00:10:00+00:00,player_rebounds_assists,False,Pending,,,
6178a340912ea77ebb5169a9c65f3ec7_3547247_player_points_Under_10.5_hardrockbet_2026-03-03 15:04,2026-03-03T15:04:38.334170-05:00,CHI Bulls vs OKC Thunder (8:10 PM EST),Isaac Okoro,Points,Under,10.5,-120,HardRockBet,3.95,50.0,10,False,"theScore at -160, Pinnacle at -141",3547247,6178a340912ea77ebb5169a9c65f3ec7,2026-03-04T01:10:00+00:00,player_points,False,Pending,,,
1da265a6a1035935a4d2f806af7c3a74_17895966_player_points_Under_17.5_betrivers_2026-03-03 15:05,2026-03-03T15:05:37.569691-05:00,SAC Kings vs PHX Suns (11:10 PM EST),Jalen Green,Points,Under,17.5,110,BetRivers,4.69,90.0,10,False,"DraftKings at -103, theScore at -120",17895966,1da265a6a1035935a4d2f806af7c3a74,2026-03-04T04:10:00+00:00,player_points,False,Pending,,,
1da265a6a1035935a4d2f806af7c3a74_17895966_player_points_Under_17.5_betparx_2026-03-03 15:05,2026-03-03T15:05:42.079660-05:00,SAC Kings vs PHX Suns (11:10 PM EST),Jalen Green,Points,Under,17.5,110,BetParx,4.69,90.0,10,False,"DraftKings at -103, theScore at -120",17895966,1da265a6a1035935a4d2f806af7c3a74,2026-03-04T04:10:00+00:00,player_points,False,Pending,,,
1da265a6a1035935a4d2f806af7c3a74_17895966_player_rebounds_Under_3.5_hardrockbet_2026-03-03 15:05,2026-03-03T15:05:50.578089-05:00,SAC Kings vs PHX Suns (11:10 PM EST),Jalen Green,Rebounds,Under,3.5,105,HardRockBet,5.88,70.0,10,False,"FanDuel at -128, DraftKings at -115, theScore at -120",17895966,1da265a6a1035935a4d2f806af7c3a74,2026-03-04T04:10:00+00:00,player_rebounds,False,Pending,,,
1da265a6a1035935a4d2f806af7c3a74_125_player_assists_Under_3.5_hardrockbet_2026-03-03 15:05,2026-03-03T15:05:59.002064-05:00,SAC Kings vs PHX Suns (11:10 PM EST),DeMar DeRozan,Assists,Under,3.5,-110,HardRockBet,5.54,40.0,10,False,"FanDuel at -146, DraftKings at -140, theScore at -145",125,1da265a6a1035935a4d2f806af7c3a74,2026-03-04T04:10:00+00:00,player_assists,False,Pending,,,
2213458a287cb0b1ffa4d46d3ed430b3_3547239_player_points_Under_20.5_hardrockbet_2026-03-03 15:15,2026-03-03T15:15:33.525353-05:00,CHA Hornets vs DAL Mavericks (7:10 PM EST),LaMelo Ball,Points,Under,20.5,-115,HardRockBet,2.26,80.0,10,False,"theScore at -140, Pinnacle at -145",3547239,2213458a287cb0b1ffa4d46d3ed430b3,2026-03-04T00:10:00+00:00,player_points,False,Pending,,,
2213458a287cb0b1ffa4d46d3ed430b3_38017697_player_threes_Under_2.5_hardrockbet_2026-03-03 15:15,2026-03-03T15:15:51.855695-05:00,CHA Hornets vs DAL Mavericks (7:10 PM EST),Max Christie,Threes,Under,2.5,-130,HardRockBet,4.95,80.0,10,False,"FanDuel at -170, DraftKings at -174, theScore at -170",38017697,2213458a287cb0b1ffa4d46d3ed430b3,2026-03-04T00:10:00+00:00,player_threes,False,Pending,,,
7a292e434c91c398eb8db7bf1008b671_85_player_rebounds_Under_8.5_hardrockbet_2026-03-03 15:16,2026-03-03T15:16:33.502012-05:00,ORL Magic vs WAS Wizards (7:10 PM EST),Wendell Carter Jr,Rebounds,Under,8.5,-105,HardRockBet,4.36,50.0,10,False,"FanDuel at -136, DraftKings at -143, theScore at -125, Pinnacle at -120",85,7a292e434c91c398eb8db7bf1008b671,2026-03-04T00:10:00+00:00,player_rebounds,False,Pending,,,
7a292e434c91c398eb8db7bf1008b671_38017683_player_rebounds_assists_Under_14.5_hardrockbet_2026-03-03 15:16,2026-03-03T15:16:41.676501-05:00,ORL Magic vs WAS Wizards (7:10 PM EST),Paolo Banchero,Rebounds Assists,Under,14.5,105,HardRockBet,6.79,50.0,10,False,"FanDuel at -128, DraftKings at -124, theScore at -120",38017683,7a292e434c91c398eb8db7bf1008b671,2026-03-04T00:10:00+00:00,player_rebounds_assists,False,Pending,,,
2213458a287cb0b1ffa4d46d3ed430b3_3547239_player_points_Under_20.5_hardrockbet_2026-03-03 15:23,2026-03-03T15:23:04.174764-05:00,CHA Hornets vs DAL Mavericks (7:10 PM EST),LaMelo Ball,Points,Under,20.5,-115,HardRockBet,3.54,80.0,10,False,"theScore at -145, Pinnacle at -145",3547239,2213458a287cb0b1ffa4d46d3ed430b3,2026-03-04T00:10:00+00:00,player_points,False,Pending,,,
63d7f24774bdc95465206323a257aa73_666969_player_rebounds_Over_4.5_hardrockbet_2026-03-03 15:23,2026-03-03T15:23:23.529198-05:00,LAL Lakers vs NOP Pelicans (10:40 PM EST),Zion Williamson,Rebounds,Over,4.5,-125,HardRockBet,3.14,50.0,10,False,"FanDuel at -158, theScore at -160",666969,63d7f24774bdc95465206323a257aa73,2026-03-04T03:40:00+00:00,player_rebounds,False,Pending,,,
7a292e434c91c398eb8db7bf1008b671_85_player_rebounds_Under_8.5_hardrockbet_2026-03-03 15:26,2026-03-03T15:26:53.766314-05:00,ORL Magic vs WAS Wizards (7:10 PM EST),Wendell Carter Jr,Rebounds,Under,8.5,-105,HardRockBet,4.36,50.0,10,False,"FanDuel at -136, DraftKings at -143, theScore at -125, Pinnacle at -120",85,7a292e434c91c398eb8db7bf1008b671,2026-03-04T00:10:00+00:00,player_rebounds,False,Pending,,,
7a292e434c91c398eb8db7bf1008b671_38017683_player_rebounds_assists_Under_14.5_hardrockbet_2026-03-03 15:27,2026-03-03T15:27:01.640156-05:00,ORL Magic vs WAS Wizards (7:10 PM EST),Paolo Banchero,Rebounds Assists,Under,14.5,105,HardRockBet,6.79,50.0,10,False,"FanDuel at -128, DraftKings at -124, theScore at -120",38017683,7a292e434c91c398eb8db7bf1008b671,2026-03-04T00:10:00+00:00,player_rebounds_assists,False,Pending,,,
63d7f24774bdc95465206323a257aa73_666969_player_rebounds_Over_4.5_hardrockbet_2026-03-03 15:27,2026-03-03T15:27:58.068241-05:00,LAL Lakers vs NOP Pelicans (10:40 PM EST),Zion Williamson,Rebounds,Over,4.5,-125,HardRockBet,3.14,50.0,10,False,"FanDuel at -158, theScore at -160",666969,63d7f24774bdc95465206323a257aa73,2026-03-04T03:40:00+00:00,player_rebounds,False,Pending,,,
7a292e434c91c398eb8db7bf1008b671_38017683_player_rebounds_assists_Under_14.5_hardrockbet_2026-03-03 15:29,2026-03-03T15:29:19.847867-05:00,ORL Magic vs WAS Wizards (7:10 PM EST),Paolo Banchero,Rebounds Assists,Under,14.5,105,HardRockBet,5.75,50.0,10,False,"FanDuel at -122, DraftKings at -124, theScore at -120",38017683,7a292e434c91c398eb8db7bf1008b671,2026-03-04T00:10:00+00:00,player_rebounds_assists,False,Pending,,,
b6df29b0fdf2fd3b00b97b1e81870cca_192_player_threes_alternate_Over_1.5_hardrockbet_2026-03-03 15:36,2026-03-03T15:36:28.335188-05:00,CLE Cavaliers vs DET Pistons (7:10 PM EST),James Harden,Threes Alternate,Over,1.5,-230,HardRockBet,2.86,90.0,10,False,FanDuel at -330,192,b6df29b0fdf2fd3b00b97b1e81870cca,2026-03-04T00:10:00+00:00,player_threes_alternate,False,Pending,,,
637bb875ffdc47533ca3ed42d7bbcaa7_1057280779_player_points_Under_11.5_hardrockbet_2026-03-03 15:48,2026-03-03T15:48:14.078366-05:00,MIA Heat vs BKN Nets (7:40 PM EST),Danny Wolf,Points,Under,11.5,-125,HardRockBet,3.46,40.0,10,False,"theScore at -165, Pinnacle at -145",1057280779,637bb875ffdc47533ca3ed42d7bbcaa7,2026-03-04T00:40:00+00:00,player_points,False,Pending,,,
b6df29b0fdf2fd3b00b97b1e81870cca_192_player_threes_alternate_Over_1.5_hardrockbet_2026-03-03 15:49,2026-03-03T15:49:11.797048-05:00,CLE Cavaliers vs DET Pistons (7:10 PM EST),James Harden,Threes Alternate,Over,1.5,-230,HardRockBet,2.86,90.0,10,False,FanDuel at -330,192,b6df29b0fdf2fd3b00b97b1e81870cca,2026-03-04T00:10:00+00:00,player_threes_alternate,False,Pending,,,
1da265a6a1035935a4d2f806af7c3a74_57_player_rebounds_Over_3.5_betmgm_2026-03-03 15:49,2026-03-03T15:49:30.589299-05:00,SAC Kings vs PHX Suns (11:10 PM EST),Devin Booker,Rebounds,Over,3.5,105,BetMGM,2.71,50.0,10,False,"FanDuel at -114, DraftKings at -117, theScore at -115",57,1da265a6a1035935a4d2f806af7c3a74,2026-03-04T04:10:00+00:00,player_rebounds,False,Pending,,,
7a292e434c91c398eb8db7bf1008b671_38017683_player_rebounds_assists_Under_14.5_hardrockbet_2026-03-03 15:49,2026-03-03T15:49:27.007121-05:00,ORL Magic vs WAS Wizards (7:10 PM EST),Paolo Banchero,Rebounds Assists,Under,14.5,105,HardRockBet,5.86,50.0,10,False,"FanDuel at -125, DraftKings at -118, theScore at -120",38017683,7a292e434c91c398eb8db7bf1008b671,2026-03-04T00:10:00+00:00,player_rebounds_assists,False,Pending,,,
637bb875ffdc47533ca3ed42d7bbcaa7_1057280779_player_points_Under_11.5_hardrockbet_2026-03-03 15:49,2026-03-03T15:49:42.656365-05:00,MIA Heat vs BKN Nets (7:40 PM EST),Danny Wolf,Points,Under,11.5,-125,HardRockBet,3.46,40.0,10,False,"theScore at -165, Pinnacle at -145",1057280779,637bb875ffdc47533ca3ed42d7bbcaa7,2026-03-04T00:40:00+00:00,player_points,False,Pending,,,
1da265a6a1035935a4d2f806af7c3a74_57_player_rebounds_Over_3.5_betmgm_2026-03-03 15:50,2026-03-03T15:50:53.991933-05:00,SAC Kings vs PHX Suns (11:10 PM EST),Devin Booker,Rebounds,Over,3.5,105,BetMGM,2.71,50.0,10,False,"FanDuel at -114, DraftKings at -117, theScore at -115",57,1da265a6a1035935a4d2f806af7c3a74,2026-03-04T04:10:00+00:00,player_rebounds,False,Pending,,,
7a292e434c91c398eb8db7bf1008b671_1028025235_player_points_rebounds_assists_Over_19.5_betrivers_2026-03-03 15:54,2026-03-03T15:54:55.185141-05:00,ORL Magic vs WAS Wizards (7:10 PM EST),Carlton Carrington,Points Rebounds Assists,Over,19.5,100,BetRivers,2.63,50.0,10,False,"DraftKings at -124, theScore at -120",1028025235,7a292e434c91c398eb8db7bf1008b671,2026-03-04T00:10:00+00:00,player_points_rebounds_assists,False,Pending,,,
7a292e434c91c398eb8db7bf1008b671_1028025235_player_points_rebounds_assists_Over_19.5_ballybet_2026-03-03 15:54,2026-03-03T15:54:59.974061-05:00,ORL Magic vs WAS Wizards (7:10 PM EST),Carlton Carrington,Points Rebounds Assists,Over,19.5,100,BallyBet,2.63,50.0,10,False,"DraftKings at -124, theScore at -120",1028025235,7a292e434c91c398eb8db7bf1008b671,2026-03-04T00:10:00+00:00,player_points_rebounds_assists,False,Pending,,,
7a292e434c91c398eb8db7bf1008b671_1028025235_player_points_rebounds_assists_Over_19.5_betparx_2026-03-03 15:55,2026-03-03T15:55:05.292514-05:00,ORL Magic vs WAS Wizards (7:10 PM EST),Carlton Carrington,Points Rebounds Assists,Over,19.5,102,BetParx,3.66,50.0,10,False,"DraftKings at -124, theScore at -120",1028025235,7a292e434c91c398eb8db7bf1008b671,2026-03-04T00:10:00+00:00,player_points_rebounds_assists,False,Pending,,,
63d7f24774bdc95465206323a257aa73_666969_player_rebounds_assists_Over_8.5_espnbet_2026-03-03 15:55,2026-03-03T15:55:35.847041-05:00,LAL Lakers vs NOP Pelicans (10:40 PM EST),Zion Williamson,Rebounds Assists,Over,8.5,105,theScore,14.09,40.0,10,False,"FanDuel at -152, DraftKings at -136",666969,63d7f24774bdc95465206323a257aa73,2026-03-04T03:40:00+00:00,player_rebounds_assists,False,Pending,,,
63d7f24774bdc95465206323a257aa73_666969_player_rebounds_assists_Over_8.5_betmgm_2026-03-03 15:55,2026-03-03T15:55:41.327526-05:00,LAL Lakers vs NOP Pelicans (10:40 PM EST),Zion Williamson,Rebounds Assists,Over,8.5,-105,BetMGM,2.73,40.0,10,False,"FanDuel at -152, DraftKings at -136, theScore at 105",666969,63d7f24774bdc95465206323a257aa73,2026-03-04T03:40:00+00:00,player_rebounds_assists,False,Pending,,,
7a292e434c91c398eb8db7bf1008b671_38017683_player_rebounds_assists_Under_14.5_hardrockbet_2026-03-03 16:01,2026-03-03T16:01:41.223358-05:00,ORL Magic vs WAS Wizards (7:10 PM EST),Paolo Banchero,Rebounds Assists,Under,14.5,105,HardRockBet,4.91,50.0,10,False,"FanDuel at -120, DraftKings at -118, theScore at -120",38017683,7a292e434c91c398eb8db7bf1008b671,2026-03-04T00:10:00+00:00,player_rebounds_assists,False,Pending,,,
63d7f24774bdc95465206323a257aa73_666969_player_rebounds_assists_Over_8.5_hardrockbet_2026-03-03 16:02,2026-03-03T16:02:43.413140-05:00,LAL Lakers vs NOP Pelicans (10:40 PM EST),Zion Williamson,Rebounds Assists,Over,8.5,100,HardRockBet,5.24,40.0,10,False,"FanDuel at -152, DraftKings at -136, theScore at 105",666969,63d7f24774bdc95465206323a257aa73,2026-03-04T03:40:00+00:00,player_rebounds_assists,False,Pending,,,
1da265a6a1035935a4d2f806af7c3a74_8_player_rebounds_Under_3.5_espnbet_2026-03-03 16:02,2026-03-03T16:02:57.902371-05:00,SAC Kings vs PHX Suns (11:10 PM EST),Grayson Allen,Rebounds,Under,3.5,-130,theScore,3.65,60.0,10,False,"FanDuel at -174, DraftKings at -153",8,1da265a6a1035935a4d2f806af7c3a74,2026-03-04T04:10:00+00:00,player_rebounds,False,Pending,,,
1da265a6a1035935a4d2f806af7c3a74_1057276634_player_rebounds_assists_Under_8.5_hardrockbet_2026-03-03 16:03,2026-03-03T16:03:11.574354-05:00,SAC Kings vs PHX Suns (11:10 PM EST),Nique Clifford,Rebounds Assists,Under,8.5,-110,HardRockBet,2.39,40.0,10,False,"FanDuel at -146, DraftKings at -122, theScore at -125",1057276634,1da265a6a1035935a4d2f806af7c3a74,2026-03-04T04:10:00+00:00,player_rebounds_assists,False,Pending,,,
63d7f24774bdc95465206323a257aa73_666969_player_rebounds_assists_Over_8.5_betmgm_2026-03-03 16:08,2026-03-03T16:08:46.517584-05:00,LAL Lakers vs NOP Pelicans (10:40 PM EST),Zion Williamson,Rebounds Assists,Over,8.5,-115,BetMGM,3.62,40.0,10,False,"DraftKings at -136, theScore at -150",666969,63d7f24774bdc95465206323a257aa73,2026-03-04T03:40:00+00:00,player_rebounds_assists,False,Pending,,,
63d7f24774bdc95465206323a257aa73_666969_player_rebounds_assists_Over_8.5_hardrockbet_2026-03-03 16:08,2026-03-03T16:08:54.906897-05:00,LAL Lakers vs NOP Pelicans (10:40 PM EST),Zion Williamson,Rebounds Assists,Over,8.5,100,HardRockBet,10.85,40.0,10,False,"DraftKings at -136, theScore at -150",666969,63d7f24774bdc95465206323a257aa73,2026-03-04T03:40:00+00:00,player_rebounds_assists,False,Pending,,,
63d7f24774bdc95465206323a257aa73_666969_player_points_alternate_Over_19.5_betmgm_2026-03-03 16:09,2026-03-03T16:09:10.999299-05:00,LAL Lakers vs NOP Pelicans (10:40 PM EST),Zion Williamson,Points Alternate,Over,19.5,-120,BetMGM,2.4,70.0,10,False,FanDuel at -148,666969,63d7f24774bdc95465206323a257aa73,2026-03-04T03:40:00+00:00,player_points_alternate,False,Pending,,,
63d7f24774bdc95465206323a257aa73_3547256_player_points_alternate_Over_14.5_hardrockbet_2026-03-03 16:09,2026-03-03T16:09:17.127146-05:00,LAL Lakers vs NOP Pelicans (10:40 PM EST),Saddiq Bey,Points Alternate,Over,14.5,-145,HardRockBet,3.76,70.0,10,False,FanDuel at -192,3547256,63d7f24774bdc95465206323a257aa73,2026-03-04T03:40:00+00:00,player_points_alternate,False,Pending,,,
7a292e434c91c398eb8db7bf1008b671_38017683_player_rebounds_assists_Under_14.5_hardrockbet_2026-03-03 16:11,2026-03-03T16:11:56.079405-05:00,ORL Magic vs WAS Wizards (7:10 PM EST),Paolo Banchero,Rebounds Assists,Under,14.5,105,HardRockBet,4.91,50.0,10,False,"FanDuel at -120, DraftKings at -118, theScore at -120",38017683,7a292e434c91c398eb8db7bf1008b671,2026-03-04T00:10:00+00:00,player_rebounds_assists,False,Pending,,,
63d7f24774bdc95465206323a257aa73_666609_player_rebounds_Over_2.5_hardrockbet_2026-03-03 16:13,2026-03-03T16:13:07.900442-05:00,LAL Lakers vs NOP Pelicans (10:40 PM EST),Rui Hachimura,Rebounds,Over,2.5,105,HardRockBet,3.41,50.0,10,False,"DraftKings at -112, theScore at -120",666609,63d7f24774bdc95465206323a257aa73,2026-03-04T03:40:00+00:00,player_rebounds,False,Pending,,,
63d7f24774bdc95465206323a257aa73_666969_player_rebounds_assists_Over_8.5_hardrockbet_2026-03-03 16:13,2026-03-03T16:13:27.182226-05:00,LAL Lakers vs NOP Pelicans (10:40 PM EST),Zion Williamson,Rebounds Assists,Over,8.5,100,HardRockBet,8.51,40.0,10,False,"DraftKings at -136, theScore at -140",666969,63d7f24774bdc95465206323a257aa73,2026-03-04T03:40:00+00:00,player_rebounds_assists,False,Pending,,,
63d7f24774bdc95465206323a257aa73_666969_player_points_alternate_Over_19.5_betmgm_2026-03-03 16:13,2026-03-03T16:13:43.927716-05:00,LAL Lakers vs NOP Pelicans (10:40 PM EST),Zion Williamson,Points Alternate,Over,19.5,-120,BetMGM,2.4,70.0,10,False,FanDuel at -148,666969,63d7f24774bdc95465206323a257aa73,2026-03-04T03:40:00+00:00,player_points_alternate,False,Pending,,,
63d7f24774bdc95465206323a257aa73_17553995_player_rebounds_alternate_Over_3.5_hardrockbet_2026-03-03 16:13,2026-03-03T16:13:53.966674-05:00,LAL Lakers vs NOP Pelicans (10:40 PM EST),Austin Reaves,Rebounds Alternate,Over,3.5,-120,HardRockBet,8.25,50.0,10,False,FanDuel at -172,17553995,63d7f24774bdc95465206323a257aa73,2026-03-04T03:40:00+00:00,player_rebounds_alternate,False,Pending,,,
1da265a6a1035935a4d2f806af7c3a74_1057276634_player_rebounds_assists_Under_8.5_hardrockbet_2026-03-03 16:14,2026-03-03T16:14:18.828159-05:00,SAC Kings vs PHX Suns (11:10 PM EST),Nique Clifford,Rebounds Assists,Under,8.5,-110,HardRockBet,2.39,40.0,10,False,"FanDuel at -146, DraftKings at -122, theScore at -125",1057276634,1da265a6a1035935a4d2f806af7c3a74,2026-03-04T04:10:00+00:00,player_rebounds_assists,False,Pending,,,
2213458a287cb0b1ffa4d46d3ed430b3_56677823_player_rebounds_Under_5.5_hardrockbet_2026-03-03 16:34,2026-03-03T16:34:36.355506-05:00,CHA Hornets vs DAL Mavericks (7:10 PM EST),Brandon Miller,Rebounds,Under,5.5,-120,HardRockBet,2.69,60.0,10,False,"FanDuel at -148, DraftKings at -141, theScore at -150",56677823,2213458a287cb0b1ffa4d46d3ed430b3,2026-03-04T00:10:00+00:00,player_rebounds,False,Pending,,,
b6df29b0fdf2fd3b00b97b1e81870cca_192_player_threes_alternate_Over_1.5_hardrockbet_2026-03-03 16:35,2026-03-03T16:35:13.139383-05:00,CLE Cavaliers vs DET Pistons (7:10 PM EST),James Harden,Threes Alternate,Over,1.5,-230,HardRockBet,2.2,90.0,10,False,FanDuel at -320,192,b6df29b0fdf2fd3b00b97b1e81870cca,2026-03-04T00:10:00+00:00,player_threes_alternate,False,Pending,,,
637bb875ffdc47533ca3ed42d7bbcaa7_1057280779_player_points_Under_11.5_hardrockbet_2026-03-03 16:35,2026-03-03T16:35:44.764629-05:00,MIA Heat vs BKN Nets (7:40 PM EST),Danny Wolf,Points,Under,11.5,-125,HardRockBet,2.39,40.0,10,False,"theScore at -160, Pinnacle at -145",1057280779,637bb875ffdc47533ca3ed42d7bbcaa7,2026-03-04T00:40:00+00:00,player_points,False,Pending,,,
fe9fbae6e69b1684995b2fa8f45fb691_3547246_player_rebounds_alternate_Over_2.5_hardrockbet_2026-03-03 16:36,2026-03-03T16:36:47.024527-05:00,PHI 76ers vs SAS Spurs (8:10 PM EST),Devin Vassell,Rebounds Alternate,Over,2.5,-195,HardRockBet,2.16,70.0,10,False,FanDuel at -260,3547246,fe9fbae6e69b1684995b2fa8f45fb691,2026-03-04T01:10:00+00:00,player_rebounds_alternate,False,Pending,,,
63d7f24774bdc95465206323a257aa73_18677986_player_points_rebounds_Under_24.5_hardrockbet_2026-03-03 16:37,2026-03-03T16:37:15.200097-05:00,LAL Lakers vs NOP Pelicans (10:40 PM EST),Trey Murphy III,Points Rebounds,Under,24.5,100,HardRockBet,2.79,60.0,10,False,"DraftKings at -125, theScore at -120",18677986,63d7f24774bdc95465206323a257aa73,2026-03-04T03:40:00+00:00,player_points_rebounds,False,Pending,,,
63d7f24774bdc95465206323a257aa73_17553995_player_rebounds_alternate_Over_3.5_espnbet_2026-03-03 16:37,2026-03-03T16:37:32.635384-05:00,LAL Lakers vs NOP Pelicans (10:40 PM EST),Austin Reaves,Rebounds Alternate,Over,3.5,-145,theScore,3.76,50.0,10,False,FanDuel at -192,17553995,63d7f24774bdc95465206323a257aa73,2026-03-04T03:40:00+00:00,player_rebounds_alternate,False,Pending,,,
63d7f24774bdc95465206323a257aa73_17553995_player_rebounds_alternate_Over_3.5_hardrockbet_2026-03-03 16:37,2026-03-03T16:37:37.267299-05:00,LAL Lakers vs NOP Pelicans (10:40 PM EST),Austin Reaves,Rebounds Alternate,Over,3.5,-125,HardRockBet,10.53,50.0,10,False,FanDuel at -192,17553995,63d7f24774bdc95465206323a257aa73,2026-03-04T03:40:00+00:00,player_rebounds_alternate,False,Pending,,,
1da265a6a1035935a4d2f806af7c3a74_1057276634_player_rebounds_assists_Under_8.5_hardrockbet_2026-03-03 16:37,2026-03-03T16:37:49.460600-05:00,SAC Kings vs PHX Suns (11:10 PM EST),Nique Clifford,Rebounds Assists,Under,8.5,-110,HardRockBet,2.03,40.0,10,False,"FanDuel at -144, DraftKings at -122, theScore at -125",1057276634,1da265a6a1035935a4d2f806af7c3a74,2026-03-04T04:10:00+00:00,player_rebounds_assists,False,Pending,,,
637bb875ffdc47533ca3ed42d7bbcaa7_666633_player_threes_alternate_Over_1.5_hardrockbet_2026-03-03 16:59,2026-03-03T16:59:21.009281-05:00,MIA Heat vs BKN Nets (7:40 PM EST),Tyler Herro,Threes Alternate,Over,1.5,-200,HardRockBet,3.28,60.0,10,False,FanDuel at -280,666633,637bb875ffdc47533ca3ed42d7bbcaa7,2026-03-04T00:40:00+00:00,player_threes_alternate,False,Pending,,,
637bb875ffdc47533ca3ed42d7bbcaa7_666633_player_threes_alternate_Over_1.5_hardrockbet_2026-03-03 16:59,2026-03-03T16:59:39.672558-05:00,MIA Heat vs BKN Nets (7:40 PM EST),Tyler Herro,Threes Alternate,Over,1.5,-200,HardRockBet,3.28,60.0,10,False,FanDuel at -280,666633,637bb875ffdc47533ca3ed42d7bbcaa7,2026-03-04T00:40:00+00:00,player_threes_alternate,False,Pending,,,
6178a340912ea77ebb5169a9c65f3ec7_3547247_player_rebounds_Under_3.5_espnbet_2026-03-03 16:59,2026-03-03T16:59:38.423156-05:00,CHI Bulls vs OKC Thunder (8:10 PM EST),Isaac Okoro,Rebounds,Under,3.5,-120,theScore,2.52,50.0,10,False,"FanDuel at -150, DraftKings at -136",3547247,6178a340912ea77ebb5169a9c65f3ec7,2026-03-04T01:10:00+00:00,player_rebounds,False,Pending,,,
6178a340912ea77ebb5169a9c65f3ec7_3547247_player_rebounds_Under_3.5_espnbet_2026-03-03 16:59,2026-03-03T16:59:57.011430-05:00,CHI Bulls vs OKC Thunder (8:10 PM EST),Isaac Okoro,Rebounds,Under,3.5,-120,theScore,2.52,50.0,10,False,"FanDuel at -150, DraftKings at -136",3547247,6178a340912ea77ebb5169a9c65f3ec7,2026-03-04T01:10:00+00:00,player_rebounds,False,Pending,,,
63d7f24774bdc95465206323a257aa73_3547256_player_points_alternate_Over_14.5_hardrockbet_2026-03-03 17:00,2026-03-03T17:00:59.209307-05:00,LAL Lakers vs NOP Pelicans (10:40 PM EST),Saddiq Bey,Points Alternate,Over,14.5,-140,HardRockBet,6.36,70.0,10,False,FanDuel at -198,3547256,63d7f24774bdc95465206323a257aa73,2026-03-04T03:40:00+00:00,player_points_alternate,False,Pending,,,
63d7f24774bdc95465206323a257aa73_17553995_player_rebounds_alternate_Over_3.5_hardrockbet_2026-03-03 17:01,2026-03-03T17:01:08.468826-05:00,LAL Lakers vs NOP Pelicans (10:40 PM EST),Austin Reaves,Rebounds Alternate,Over,3.5,-125,HardRockBet,4.93,50.0,10,False,FanDuel at -166,17553995,63d7f24774bdc95465206323a257aa73,2026-03-04T03:40:00+00:00,player_rebounds_alternate,False,Pending,,,
63d7f24774bdc95465206323a257aa73_3547256_player_points_alternate_Over_14.5_hardrockbet_2026-03-03 17:01,2026-03-03T17:01:25.896866-05:00,LAL Lakers vs NOP Pelicans (10:40 PM EST),Saddiq Bey,Points Alternate,Over,14.5,-140,HardRockBet,6.36,70.0,10,False,FanDuel at -198,3547256,63d7f24774bdc95465206323a257aa73,2026-03-04T03:40:00+00:00,player_points_alternate,False,Pending,,,
63d7f24774bdc95465206323a257aa73_17553995_player_rebounds_alternate_Over_3.5_hardrockbet_2026-03-03 17:01,2026-03-03T17:01:35.772611-05:00,LAL Lakers vs NOP Pelicans (10:40 PM EST),Austin Reaves,Rebounds Alternate,Over,3.5,-125,HardRockBet,4.93,50.0,10,False,FanDuel at -166,17553995,63d7f24774bdc95465206323a257aa73,2026-03-04T03:40:00+00:00,player_rebounds_alternate,False,Pending,,,
2213458a287cb0b1ffa4d46d3ed430b3_56677823_player_rebounds_Under_5.5_hardrockbet_2026-03-03 17:06,2026-03-03T17:06:56.489237-05:00,CHA Hornets vs DAL Mavericks (7:10 PM EST),Brandon Miller,Rebounds,Under,5.5,-120,HardRockBet,3.05,60.0,10,False,"DraftKings at -142, theScore at -160",56677823,2213458a287cb0b1ffa4d46d3ed430b3,2026-03-04T00:10:00+00:00,player_rebounds,False,Pending,,,
2213458a287cb0b1ffa4d46d3ed430b3_56677823_player_assists_Over_3.5_williamhill_us_2026-03-03 17:07,2026-03-03T17:07:05.300634-05:00,CHA Hornets vs DAL Mavericks (7:10 PM EST),Brandon Miller,Assists,Over,3.5,104,Caesars,2.19,40.0,10,False,"FanDuel at -130, DraftKings at 100, theScore at 100",56677823,2213458a287cb0b1ffa4d46d3ed430b3,2026-03-04T00:10:00+00:00,player_assists,False,Pending,,,
2213458a287cb0b1ffa4d46d3ed430b3_56677823_player_assists_Over_3.5_betmgm_2026-03-03 17:07,2026-03-03T17:07:10.965136-05:00,CHA Hornets vs DAL Mavericks (7:10 PM EST),Brandon Miller,Assists,Over,3.5,110,BetMGM,5.19,40.0,10,False,"FanDuel at -130, DraftKings at 100, theScore at 100",56677823,2213458a287cb0b1ffa4d46d3ed430b3,2026-03-04T00:10:00+00:00,player_assists,False,Pending,,,
2213458a287cb0b1ffa4d46d3ed430b3_56677823_player_assists_Over_3.5_betparx_2026-03-03 17:07,2026-03-03T17:07:16.307283-05:00,CHA Hornets vs DAL Mavericks (7:10 PM EST),Brandon Miller,Assists,Over,3.5,110,BetParx,5.19,40.0,10,False,"FanDuel at -130, DraftKings at 100, theScore at 100",56677823,2213458a287cb0b1ffa4d46d3ed430b3,2026-03-04T00:10:00+00:00,player_assists,False,Pending,,,
2213458a287cb0b1ffa4d46d3ed430b3_56677823_player_assists_Over_3.5_betrivers_2026-03-03 17:07,2026-03-03T17:07:22.544246-05:00,CHA Hornets vs DAL Mavericks (7:10 PM EST),Brandon Miller,Assists,Over,3.5,108,BetRivers,4.19,40.0,10,False,"FanDuel at -130, DraftKings at 100, theScore at 100",56677823,2213458a287cb0b1ffa4d46d3ed430b3,2026-03-04T00:10:00+00:00,player_assists,False,Pending,,,
2213458a287cb0b1ffa4d46d3ed430b3_56677823_player_assists_Over_3.5_ballybet_2026-03-03 17:07,2026-03-03T17:07:27.784106-05:00,CHA Hornets vs DAL Mavericks (7:10 PM EST),Brandon Miller,Assists,Over,3.5,108,BallyBet,4.19,40.0,10,False,"FanDuel at -130, DraftKings at 100, theScore at 100",56677823,2213458a287cb0b1ffa4d46d3ed430b3,2026-03-04T00:10:00+00:00,player_assists,False,Pending,,,
2213458a287cb0b1ffa4d46d3ed430b3_56677823_player_assists_Over_3.5_espnbet_2026-03-03 17:07,2026-03-03T17:07:33.089507-05:00,CHA Hornets vs DAL Mavericks (7:10 PM EST),Brandon Miller,Assists,Over,3.5,100,theScore,2.88,40.0,10,False,"FanDuel at -130, DraftKings at 100",56677823,2213458a287cb0b1ffa4d46d3ed430b3,2026-03-04T00:10:00+00:00,player_assists,False,Pending,,,
2213458a287cb0b1ffa4d46d3ed430b3_56677823_player_assists_Over_3.5_hardrockbet_2026-03-03 17:07,2026-03-03T17:07:37.817324-05:00,CHA Hornets vs DAL Mavericks (7:10 PM EST),Brandon Miller,Assists,Over,3.5,110,HardRockBet,5.19,40.0,10,False,"FanDuel at -130, DraftKings at 100, theScore at 100",56677823,2213458a287cb0b1ffa4d46d3ed430b3,2026-03-04T00:10:00+00:00,player_assists,False,Pending,,,
b6df29b0fdf2fd3b00b97b1e81870cca_9_player_rebounds_Over_8.5_betmgm_2026-03-03 17:07,2026-03-03T17:07:43.914227-05:00,CLE Cavaliers vs DET Pistons (7:10 PM EST),Jarrett Allen,Rebounds,Over,8.5,-115,BetMGM,2.04,90.0,10,False,"theScore at -150, Pinnacle at -116",9,b6df29b0fdf2fd3b00b97b1e81870cca,2026-03-04T00:10:00+00:00,player_rebounds,False,Pending,,,
b6df29b0fdf2fd3b00b97b1e81870cca_192_player_assists_Over_7.5_hardrockbet_2026-03-03 17:07,2026-03-03T17:07:52.958645-05:00,CLE Cavaliers vs DET Pistons (7:10 PM EST),James Harden,Assists,Over,7.5,105,HardRockBet,2.05,80.0,10,False,"FanDuel at -115, DraftKings at -111, theScore at -110, Pinnacle at -119",192,b6df29b0fdf2fd3b00b97b1e81870cca,2026-03-04T00:10:00+00:00,player_assists,False,Pending,,,
b6df29b0fdf2fd3b00b97b1e81870cca_192_player_points_alternate_Over_19.5_fanatics_2026-03-03 17:08,2026-03-03T17:08:06.348072-05:00,CLE Cavaliers vs DET Pistons (7:10 PM EST),James Harden,Points Alternate,Over,19.5,-150,Fanatics,4.8,60.0,10,False,FanDuel at -205,192,b6df29b0fdf2fd3b00b97b1e81870cca,2026-03-04T00:10:00+00:00,player_points_alternate,False,Pending,,,
b6df29b0fdf2fd3b00b97b1e81870cca_192_player_points_alternate_Over_21.5_fanatics_2026-03-03 17:08,2026-03-03T17:08:12.873203-05:00,CLE Cavaliers vs DET Pistons (7:10 PM EST),James Harden,Points Alternate,Over,21.5,100,Fanatics,5.63,40.0,10,False,FanDuel at -130,192,b6df29b0fdf2fd3b00b97b1e81870cca,2026-03-04T00:10:00+00:00,player_points_alternate,False,Pending,,,
b6df29b0fdf2fd3b00b97b1e81870cca_192_player_points_alternate_Over_19.5_espnbet_2026-03-03 17:08,2026-03-03T17:08:17.612451-05:00,CLE Cavaliers vs DET Pistons (7:10 PM EST),James Harden,Points Alternate,Over,19.5,-160,theScore,2.18,60.0,10,False,FanDuel at -205,192,b6df29b0fdf2fd3b00b97b1e81870cca,2026-03-04T00:10:00+00:00,player_points_alternate,False,Pending,,,
b6df29b0fdf2fd3b00b97b1e81870cca_192_player_points_alternate_Over_19.5_hardrockbet_2026-03-03 17:08,2026-03-03T17:08:22.640993-05:00,CLE Cavaliers vs DET Pistons (7:10 PM EST),James Harden,Points Alternate,Over,19.5,-135,HardRockBet,9.45,60.0,10,False,FanDuel at -205,192,b6df29b0fdf2fd3b00b97b1e81870cca,2026-03-04T00:10:00+00:00,player_points_alternate,False,Pending,,,
b6df29b0fdf2fd3b00b97b1e81870cca_666940_player_rebounds_alternate_Over_3.5_ballybet_2026-03-03 17:08,2026-03-03T17:08:33.790096-05:00,CLE Cavaliers vs DET Pistons (7:10 PM EST),Dean Wade,Rebounds Alternate,Over,3.5,102,BallyBet,3.04,70.0,10,False,FanDuel at -120,666940,b6df29b0fdf2fd3b00b97b1e81870cca,2026-03-04T00:10:00+00:00,player_rebounds_alternate,False,Pending,,,
b6df29b0fdf2fd3b00b97b1e81870cca_666940_player_rebounds_alternate_Over_3.5_betparx_2026-03-03 17:08,2026-03-03T17:08:39.982667-05:00,CLE Cavaliers vs DET Pistons (7:10 PM EST),Dean Wade,Rebounds Alternate,Over,3.5,102,BetParx,3.04,70.0,10,False,FanDuel at -120,666940,b6df29b0fdf2fd3b00b97b1e81870cca,2026-03-04T00:10:00+00:00,player_rebounds_alternate,False,Pending,,,
b6df29b0fdf2fd3b00b97b1e81870cca_666940_player_rebounds_alternate_Over_3.5_betrivers_2026-03-03 17:08,2026-03-03T17:08:45.748062-05:00,CLE Cavaliers vs DET Pistons (7:10 PM EST),Dean Wade,Rebounds Alternate,Over,3.5,102,BetRivers,3.04,70.0,10,False,FanDuel at -120,666940,b6df29b0fdf2fd3b00b97b1e81870cca,2026-03-04T00:10:00+00:00,player_rebounds_alternate,False,Pending,,,
b6df29b0fdf2fd3b00b97b1e81870cca_666940_player_rebounds_alternate_Over_3.5_hardrockbet_2026-03-03 17:08,2026-03-03T17:08:50.764651-05:00,CLE Cavaliers vs DET Pistons (7:10 PM EST),Dean Wade,Rebounds Alternate,Over,3.5,100,HardRockBet,2.02,70.0,10,False,FanDuel at -120,666940,b6df29b0fdf2fd3b00b97b1e81870cca,2026-03-04T00:10:00+00:00,player_rebounds_alternate,False,Pending,,,
7a292e434c91c398eb8db7bf1008b671_1057279594_player_rebounds_Under_4.5_betmgm_2026-03-03 17:09,2026-03-03T17:09:02.803235-05:00,ORL Magic vs WAS Wizards (7:10 PM EST),Will Riley,Rebounds,Under,4.5,105,BetMGM,2.02,80.0,10,False,"FanDuel at -122, DraftKings at -102, theScore at -105",1057279594,7a292e434c91c398eb8db7bf1008b671,2026-03-04T00:10:00+00:00,player_rebounds,False,Pending,,,
7a292e434c91c398eb8db7bf1008b671_1057279594_player_rebounds_Under_4.5_hardrockbet_2026-03-03 17:09,2026-03-03T17:09:11.827701-05:00,ORL Magic vs WAS Wizards (7:10 PM EST),Will Riley,Rebounds,Under,4.5,110,HardRockBet,4.51,80.0,10,False,"FanDuel at -122, DraftKings at -102, theScore at -105",1057279594,7a292e434c91c398eb8db7bf1008b671,2026-03-04T00:10:00+00:00,player_rebounds,False,Pending,,,
7a292e434c91c398eb8db7bf1008b671_1028025235_player_points_assists_Under_15.5_hardrockbet_2026-03-03 17:09,2026-03-03T17:09:23.447629-05:00,ORL Magic vs WAS Wizards (7:10 PM EST),Carlton Carrington,Points Assists,Under,15.5,100,HardRockBet,2.29,70.0,10,False,"FanDuel at -128, DraftKings at -113, theScore at -115",1028025235,7a292e434c91c398eb8db7bf1008b671,2026-03-04T00:10:00+00:00,player_points_assists,False,Pending,,,
7a292e434c91c398eb8db7bf1008b671_38017683_player_rebounds_assists_Under_14.5_hardrockbet_2026-03-03 17:09,2026-03-03T17:09:31.852989-05:00,ORL Magic vs WAS Wizards (7:10 PM EST),Paolo Banchero,Rebounds Assists,Under,14.5,105,HardRockBet,3.52,50.0,10,False,"DraftKings at -121, theScore at -115",38017683,7a292e434c91c398eb8db7bf1008b671,2026-03-04T00:10:00+00:00,player_rebounds_assists,False,Pending,,,
637bb875ffdc47533ca3ed42d7bbcaa7_666633_player_rebounds_alternate_Over_3.5_hardrockbet_2026-03-03 17:10,2026-03-03T17:10:26.907220-05:00,MIA Heat vs BKN Nets (7:40 PM EST),Tyler Herro,Rebounds Alternate,Over,3.5,-155,HardRockBet,6.9,50.0,10,False,FanDuel at -225,666633,637bb875ffdc47533ca3ed42d7bbcaa7,2026-03-04T00:40:00+00:00,player_rebounds_alternate,False,Pending,,,
6e039621e88bb0b022d5b0d3eafd9596_1028029111_player_points_Over_6.5_betmgm_2026-03-03 17:10,2026-03-03T17:10:42.464445-05:00,TOR Raptors vs NYK Knicks (7:40 PM EST),Ja'Kobe Walter,Points,Over,6.5,-105,BetMGM,3.29,50.0,10,False,"FanDuel at -130, DraftKings at -121, theScore at -130",1028029111,6e039621e88bb0b022d5b0d3eafd9596,2026-03-04T00:40:00+00:00,player_points,False,Pending,,,
6e039621e88bb0b022d5b0d3eafd9596_666423_player_threes_Over_1.5_draftkings_2026-03-03 17:11,2026-03-03T17:11:01.298744-05:00,TOR Raptors vs NYK Knicks (7:40 PM EST),R.J. Barrett,Threes,Over,1.5,105,DraftKings,2.5,40.0,10,False,"FanDuel at -113, theScore at -115",666423,6e039621e88bb0b022d5b0d3eafd9596,2026-03-04T00:40:00+00:00,player_threes,False,Pending,,,
6e039621e88bb0b022d5b0d3eafd9596_17896097_player_points_alternate_Over_6.5_fanatics_2026-03-03 17:11,2026-03-03T17:11:16.428871-05:00,TOR Raptors vs NYK Knicks (7:40 PM EST),Jose Alvarado,Points Alternate,Over,6.5,105,Fanatics,3.74,50.0,10,False,FanDuel at -118,17896097,6e039621e88bb0b022d5b0d3eafd9596,2026-03-04T00:40:00+00:00,player_points_alternate,False,Pending,,,
6e039621e88bb0b022d5b0d3eafd9596_3547269_player_rebounds_alternate_Over_3.5_draftkings_2026-03-03 17:11,2026-03-03T17:11:26.838300-05:00,TOR Raptors vs NYK Knicks (7:40 PM EST),Immanuel Quickley,Rebounds Alternate,Over,3.5,-129,DraftKings,3.09,40.0,10,False,FanDuel at -162,3547269,6e039621e88bb0b022d5b0d3eafd9596,2026-03-04T00:40:00+00:00,player_rebounds_alternate,False,Pending,,,
6e039621e88bb0b022d5b0d3eafd9596_373_player_rebounds_alternate_Over_7.5_espnbet_2026-03-03 17:11,2026-03-03T17:11:33.656155-05:00,TOR Raptors vs NYK Knicks (7:40 PM EST),Jakob Poeltl,Rebounds Alternate,Over,7.5,100,theScore,2.46,40.0,10,False,FanDuel at -120,373,6e039621e88bb0b022d5b0d3eafd9596,2026-03-04T00:40:00+00:00,player_rebounds_alternate,False,Pending,,,
6e039621e88bb0b022d5b0d3eafd9596_3547269_player_rebounds_alternate_Over_3.5_espnbet_2026-03-03 17:11,2026-03-03T17:11:38.844892-05:00,TOR Raptors vs NYK Knicks (7:40 PM EST),Immanuel Quickley,Rebounds Alternate,Over,3.5,-130,theScore,2.74,40.0,10,False,FanDuel at -162,3547269,6e039621e88bb0b022d5b0d3eafd9596,2026-03-04T00:40:00+00:00,player_rebounds_alternate,False,Pending,,,
6178a340912ea77ebb5169a9c65f3ec7_56677833_player_points_Under_14.5_hardrockbet_2026-03-03 17:11,2026-03-03T17:11:51.295897-05:00,CHI Bulls vs OKC Thunder (8:10 PM EST),Cason Wallace,Points,Under,14.5,110,HardRockBet,5.2,60.0,10,False,"FanDuel at -115, DraftKings at -101, theScore at -125, Pinnacle at -107",56677833,6178a340912ea77ebb5169a9c65f3ec7,2026-03-04T01:10:00+00:00,player_points,False,Pending,,,
6178a340912ea77ebb5169a9c65f3ec7_1028025177_player_rebounds_Under_6.5_betmgm_2026-03-03 17:11,2026-03-03T17:11:59.976976-05:00,CHI Bulls vs OKC Thunder (8:10 PM EST),Matas Buzelis,Rebounds,Under,6.5,-125,BetMGM,2.63,50.0,10,False,"FanDuel at -162, DraftKings at -154, theScore at -150, Pinnacle at -139",1028025177,6178a340912ea77ebb5169a9c65f3ec7,2026-03-04T01:10:00+00:00,player_rebounds,False,Pending,,,
6178a340912ea77ebb5169a9c65f3ec7_3547247_player_rebounds_Under_3.5_betmgm_2026-03-03 17:12,2026-03-03T17:12:06.214696-05:00,CHI Bulls vs OKC Thunder (8:10 PM EST),Isaac Okoro,Rebounds,Under,3.5,-120,BetMGM,4.79,50.0,10,False,"FanDuel at -150, DraftKings at -152, theScore at -165",3547247,6178a340912ea77ebb5169a9c65f3ec7,2026-03-04T01:10:00+00:00,player_rebounds,False,Pending,,,
5b3a7e855054866a44f6443710ea000b_3547238_player_threes_alternate_Over_2.5_hardrockbet_2026-03-03 17:12,2026-03-03T17:12:29.360137-05:00,MIN Timberwolves vs MEM Grizzlies (8:10 PM EST),Anthony Edwards,Threes Alternate,Over,2.5,-230,HardRockBet,3.5,70.0,10,False,FanDuel at -340,3547238,5b3a7e855054866a44f6443710ea000b,2026-03-04T01:10:00+00:00,player_threes_alternate,False,Pending,,,
fe9fbae6e69b1684995b2fa8f45fb691_3547246_player_rebounds_alternate_Over_2.5_hardrockbet_2026-03-03 17:12,2026-03-03T17:12:42.295106-05:00,PHI 76ers vs SAS Spurs (8:10 PM EST),Devin Vassell,Rebounds Alternate,Over,2.5,-195,HardRockBet,5.78,70.0,10,False,FanDuel at -300,3547246,fe9fbae6e69b1684995b2fa8f45fb691,2026-03-04T01:10:00+00:00,player_rebounds_alternate,False,Pending,,,
63d7f24774bdc95465206323a257aa73_666969_player_rebounds_assists_Over_8.5_betmgm_2026-03-03 17:13,2026-03-03T17:13:05.879454-05:00,LAL Lakers vs NOP Pelicans (10:40 PM EST),Zion Williamson,Rebounds Assists,Over,8.5,-115,BetMGM,2.55,40.0,10,False,"DraftKings at -136, theScore at -145",666969,63d7f24774bdc95465206323a257aa73,2026-03-04T03:40:00+00:00,player_rebounds_assists,False,Pending,,,
63d7f24774bdc95465206323a257aa73_3547256_player_points_alternate_Over_14.5_hardrockbet_2026-03-03 17:13,2026-03-03T17:13:15.064332-05:00,LAL Lakers vs NOP Pelicans (10:40 PM EST),Saddiq Bey,Points Alternate,Over,14.5,-140,HardRockBet,7.79,70.0,10,False,FanDuel at -205,3547256,63d7f24774bdc95465206323a257aa73,2026-03-04T03:40:00+00:00,player_points_alternate,False,Pending,,,
63d7f24774bdc95465206323a257aa73_3547256_player_points_alternate_Over_16.5_fanatics_2026-03-03 17:13,2026-03-03T17:13:20.467589-05:00,LAL Lakers vs NOP Pelicans (10:40 PM EST),Saddiq Bey,Points Alternate,Over,16.5,100,Fanatics,2.84,70.0,10,False,FanDuel at -122,3547256,63d7f24774bdc95465206323a257aa73,2026-03-04T03:40:00+00:00,player_points_alternate,False,Pending,,,
63d7f24774bdc95465206323a257aa73_17553995_player_rebounds_alternate_Over_3.5_hardrockbet_2026-03-03 17:13,2026-03-03T17:13:31.685513-05:00,LAL Lakers vs NOP Pelicans (10:40 PM EST),Austin Reaves,Rebounds Alternate,Over,3.5,-125,HardRockBet,6.28,50.0,10,False,FanDuel at -172,17553995,63d7f24774bdc95465206323a257aa73,2026-03-04T03:40:00+00:00,player_rebounds_alternate,False,Pending,,,
1da265a6a1035935a4d2f806af7c3a74_472_player_points_Under_13.5_betrivers_2026-03-03 17:13,2026-03-03T17:13:41.257654-05:00,SAC Kings vs PHX Suns (11:10 PM EST),Russell Westbrook,Points,Under,13.5,105,BetRivers,2.08,40.0,10,False,"FanDuel at -114, DraftKings at -110, theScore at -115, Pinnacle at -111",472,1da265a6a1035935a4d2f806af7c3a74,2026-03-04T04:10:00+00:00,player_points,False,Pending,,,
1da265a6a1035935a4d2f806af7c3a74_1057276634_player_rebounds_Over_4.5_espnbet_2026-03-03 17:13,2026-03-03T17:13:49.494324-05:00,SAC Kings vs PHX Suns (11:10 PM EST),Nique Clifford,Rebounds,Over,4.5,-125,theScore,2.94,60.0,10,False,"FanDuel at -158, DraftKings at -157",1057276634,1da265a6a1035935a4d2f806af7c3a74,2026-03-04T04:10:00+00:00,player_rebounds,False,Pending,,,
1da265a6a1035935a4d2f806af7c3a74_472_player_rebounds_Over_3.5_hardrockbet_2026-03-03 17:13,2026-03-03T17:13:54.649676-05:00,SAC Kings vs PHX Suns (11:10 PM EST),Russell Westbrook,Rebounds,Over,3.5,110,HardRockBet,5.09,40.0,10,False,"FanDuel at -120, DraftKings at -111, theScore at -110",472,1da265a6a1035935a4d2f806af7c3a74,2026-03-04T04:10:00+00:00,player_rebounds,False,Pending,,,
1da265a6a1035935a4d2f806af7c3a74_125_player_assists_Under_3.5_hardrockbet_2026-03-03 17:14,2026-03-03T17:14:04.724949-05:00,SAC Kings vs PHX Suns (11:10 PM EST),DeMar DeRozan,Assists,Under,3.5,-120,HardRockBet,5.71,40.0,10,False,"FanDuel at -154, DraftKings at -166, theScore at -160, Pinnacle at -183",125,1da265a6a1035935a4d2f806af7c3a74,2026-03-04T04:10:00+00:00,player_assists,False,Pending,,,
1da265a6a1035935a4d2f806af7c3a74_17895966_player_assists_Over_2.5_hardrockbet_2026-03-03 17:14,2026-03-03T17:14:11.986865-05:00,SAC Kings vs PHX Suns (11:10 PM EST),Jalen Green,Assists,Over,2.5,-120,HardRockBet,2.06,40.0,10,False,"FanDuel at -152, DraftKings at -147, theScore at -140",17895966,1da265a6a1035935a4d2f806af7c3a74,2026-03-04T04:10:00+00:00,player_assists,False,Pending,,,
1da265a6a1035935a4d2f806af7c3a74_472_player_rebounds_alternate_Over_3.5_hardrockbet_2026-03-03 17:14,2026-03-03T17:14:25.085601-05:00,SAC Kings vs PHX Suns (11:10 PM EST),Russell Westbrook,Rebounds Alternate,Over,3.5,110,HardRockBet,7.13,40.0,10,False,FanDuel at -120,472,1da265a6a1035935a4d2f806af7c3a74,2026-03-04T04:10:00+00:00,player_rebounds_alternate,False,Pending,,,
2213458a287cb0b1ffa4d46d3ed430b3_56677823_player_rebounds_Under_5.5_hardrockbet_2026-03-03 17:21,2026-03-03T17:21:32.872912-05:00,CHA Hornets vs DAL Mavericks (7:10 PM EST),Brandon Miller,Rebounds,Under,5.5,-120,HardRockBet,3.05,60.0,10,False,"DraftKings at -142, theScore at -160",56677823,2213458a287cb0b1ffa4d46d3ed430b3,2026-03-04T00:10:00+00:00,player_rebounds,False,Pending,,,
b6df29b0fdf2fd3b00b97b1e81870cca_17896075_player_rebounds_Under_6.5_hardrockbet_2026-03-03 17:21,2026-03-03T17:21:50.648118-05:00,CLE Cavaliers vs DET Pistons (7:10 PM EST),Cade Cunningham,Rebounds,Under,6.5,-105,HardRockBet,10.94,40.0,10,False,"DraftKings at -147, theScore at -160",17896075,b6df29b0fdf2fd3b00b97b1e81870cca,2026-03-04T00:10:00+00:00,player_rebounds,False,Pending,,,
b6df29b0fdf2fd3b00b97b1e81870cca_192_player_assists_Over_7.5_hardrockbet_2026-03-03 17:21,2026-03-03T17:21:58.834844-05:00,CLE Cavaliers vs DET Pistons (7:10 PM EST),James Harden,Assists,Over,7.5,105,HardRockBet,2.94,80.0,10,False,"FanDuel at -115, DraftKings at -120, theScore at -110, Pinnacle at -123",192,b6df29b0fdf2fd3b00b97b1e81870cca,2026-03-04T00:10:00+00:00,player_assists,False,Pending,,,
b6df29b0fdf2fd3b00b97b1e81870cca_56677826_player_points_assists_Under_12.5_betmgm_2026-03-03 17:22,2026-03-03T17:22:07.161746-05:00,CLE Cavaliers vs DET Pistons (7:10 PM EST),Ausar Thompson,Points Assists,Under,12.5,-110,BetMGM,2.88,50.0,10,False,"DraftKings at -130, theScore at -140",56677826,b6df29b0fdf2fd3b00b97b1e81870cca,2026-03-04T00:10:00+00:00,player_points_assists,False,Pending,,,
b6df29b0fdf2fd3b00b97b1e81870cca_192_player_points_alternate_Over_19.5_hardrockbet_2026-03-03 17:22,2026-03-03T17:22:19.215823-05:00,CLE Cavaliers vs DET Pistons (7:10 PM EST),James Harden,Points Alternate,Over,19.5,-140,HardRockBet,6.36,60.0,10,False,FanDuel at -198,192,b6df29b0fdf2fd3b00b97b1e81870cca,2026-03-04T00:10:00+00:00,player_points_alternate,False,Pending,,,
b6df29b0fdf2fd3b00b97b1e81870cca_666940_player_rebounds_alternate_Over_3.5_hardrockbet_2026-03-03 17:22,2026-03-03T17:22:28.957189-05:00,CLE Cavaliers vs DET Pistons (7:10 PM EST),Dean Wade,Rebounds Alternate,Over,3.5,100,HardRockBet,2.02,70.0,10,False,FanDuel at -120,666940,b6df29b0fdf2fd3b00b97b1e81870cca,2026-03-04T00:10:00+00:00,player_rebounds_alternate,False,Pending,,,
7a292e434c91c398eb8db7bf1008b671_1057279594_player_rebounds_Under_4.5_betmgm_2026-03-03 17:22,2026-03-03T17:22:47.749878-05:00,ORL Magic vs WAS Wizards (7:10 PM EST),Will Riley,Rebounds,Under,4.5,105,BetMGM,4.46,80.0,10,False,"FanDuel at -122, DraftKings at -115, theScore at -115",1057279594,7a292e434c91c398eb8db7bf1008b671,2026-03-04T00:10:00+00:00,player_rebounds,False,Pending,,,
7a292e434c91c398eb8db7bf1008b671_17896073_player_rebounds_alternate_Over_3.5_draftkings_2026-03-03 17:22,2026-03-03T17:22:59.779666-05:00,ORL Magic vs WAS Wizards (7:10 PM EST),Jalen Suggs,Rebounds Alternate,Over,3.5,-159,DraftKings,2.42,40.0,10,False,FanDuel at -205,17896073,7a292e434c91c398eb8db7bf1008b671,2026-03-04T00:10:00+00:00,player_rebounds_alternate,False,Pending,,,
7a292e434c91c398eb8db7bf1008b671_17896073_player_rebounds_alternate_Over_3.5_espnbet_2026-03-03 17:23,2026-03-03T17:23:04.397325-05:00,ORL Magic vs WAS Wizards (7:10 PM EST),Jalen Suggs,Rebounds Alternate,Over,3.5,-160,theScore,2.18,40.0,10,False,FanDuel at -205,17896073,7a292e434c91c398eb8db7bf1008b671,2026-03-04T00:10:00+00:00,player_rebounds_alternate,False,Pending,,,
637bb875ffdc47533ca3ed42d7bbcaa7_666508_player_points_Under_11.5_draftkings_2026-03-03 17:23,2026-03-03T17:23:14.618840-05:00,MIA Heat vs BKN Nets (7:40 PM EST),Nicolas Claxton,Points,Under,11.5,-107,DraftKings,2.86,40.0,10,False,"FanDuel at -132, theScore at -130, Pinnacle at -122",666508,637bb875ffdc47533ca3ed42d7bbcaa7,2026-03-04T00:40:00+00:00,player_points,False,Pending,,,
637bb875ffdc47533ca3ed42d7bbcaa7_17553994_player_points_rebounds_assists_Under_16.5_betmgm_2026-03-03 17:23,2026-03-03T17:23:40.077166-05:00,MIA Heat vs BKN Nets (7:40 PM EST),Davion Mitchell,Points Rebounds Assists,Under,16.5,-105,BetMGM,2.03,40.0,10,False,"DraftKings at -128, theScore at -125",17553994,637bb875ffdc47533ca3ed42d7bbcaa7,2026-03-04T00:40:00+00:00,player_points_rebounds_assists,False,Pending,,,
637bb875ffdc47533ca3ed42d7bbcaa7_4_player_threes_Under_1.5_hardrockbet_2026-03-03 17:23,2026-03-03T17:23:48.668834-05:00,MIA Heat vs BKN Nets (7:40 PM EST),Bam Adebayo,Threes,Under,1.5,-105,HardRockBet,2.7,40.0,10,False,"FanDuel at -128, DraftKings at -129, theScore at -125",4,637bb875ffdc47533ca3ed42d7bbcaa7,2026-03-04T00:40:00+00:00,player_threes,False,Pending,,,
637bb875ffdc47533ca3ed42d7bbcaa7_666633_player_rebounds_alternate_Over_3.5_hardrockbet_2026-03-03 17:23,2026-03-03T17:23:57.238184-05:00,MIA Heat vs BKN Nets (7:40 PM EST),Tyler Herro,Rebounds Alternate,Over,3.5,-155,HardRockBet,5.23,50.0,10,False,FanDuel at -210,666633,637bb875ffdc47533ca3ed42d7bbcaa7,2026-03-04T00:40:00+00:00,player_rebounds_alternate,False,Pending,,,
6e039621e88bb0b022d5b0d3eafd9596_1028029111_player_points_Over_6.5_betmgm_2026-03-03 17:24,2026-03-03T17:24:11.444475-05:00,TOR Raptors vs NYK Knicks (7:40 PM EST),Ja'Kobe Walter,Points,Over,6.5,-105,BetMGM,3.29,50.0,10,False,"FanDuel at -130, DraftKings at -121, theScore at -130",1028029111,6e039621e88bb0b022d5b0d3eafd9596,2026-03-04T00:40:00+00:00,player_points,False,Pending,,,
6e039621e88bb0b022d5b0d3eafd9596_447_player_rebounds_Under_11.5_betparx_2026-03-03 17:24,2026-03-03T17:24:19.772729-05:00,TOR Raptors vs NYK Knicks (7:40 PM EST),Karl-Anthony Towns,Rebounds,Under,11.5,-129,BetParx,3.04,60.0,10,False,"theScore at -165, Pinnacle at -158",447,6e039621e88bb0b022d5b0d3eafd9596,2026-03-04T00:40:00+00:00,player_rebounds,False,Pending,,,
6e039621e88bb0b022d5b0d3eafd9596_447_player_rebounds_Under_11.5_betrivers_2026-03-03 17:24,2026-03-03T17:24:24.221930-05:00,TOR Raptors vs NYK Knicks (7:40 PM EST),Karl-Anthony Towns,Rebounds,Under,11.5,-130,BetRivers,2.7,60.0,10,False,"theScore at -165, Pinnacle at -158",447,6e039621e88bb0b022d5b0d3eafd9596,2026-03-04T00:40:00+00:00,player_rebounds,False,Pending,,,
6e039621e88bb0b022d5b0d3eafd9596_447_player_rebounds_Under_11.5_hardrockbet_2026-03-03 17:24,2026-03-03T17:24:28.741387-05:00,TOR Raptors vs NYK Knicks (7:40 PM EST),Karl-Anthony Towns,Rebounds,Under,11.5,-130,HardRockBet,2.7,60.0,10,False,"theScore at -165, Pinnacle at -158",447,6e039621e88bb0b022d5b0d3eafd9596,2026-03-04T00:40:00+00:00,player_rebounds,False,Pending,,,
6e039621e88bb0b022d5b0d3eafd9596_666423_player_threes_Over_1.5_draftkings_2026-03-03 17:24,2026-03-03T17:24:45.109184-05:00,TOR Raptors vs NYK Knicks (7:40 PM EST),R.J. Barrett,Threes,Over,1.5,105,DraftKings,2.5,40.0,10,False,"FanDuel at -113, theScore at -115",666423,6e039621e88bb0b022d5b0d3eafd9596,2026-03-04T00:40:00+00:00,player_threes,False,Pending,,,
6178a340912ea77ebb5169a9c65f3ec7_56677833_player_points_Under_14.5_hardrockbet_2026-03-03 17:24,2026-03-03T17:24:59.234692-05:00,CHI Bulls vs OKC Thunder (8:10 PM EST),Cason Wallace,Points,Under,14.5,110,HardRockBet,8.19,60.0,10,False,"FanDuel at -113, DraftKings at -126, theScore at -125, Pinnacle at -136",56677833,6178a340912ea77ebb5169a9c65f3ec7,2026-03-04T01:10:00+00:00,player_points,False,Pending,,,
6178a340912ea77ebb5169a9c65f3ec7_3547247_player_rebounds_Under_3.5_betmgm_2026-03-03 17:25,2026-03-03T17:25:07.503018-05:00,CHI Bulls vs OKC Thunder (8:10 PM EST),Isaac Okoro,Rebounds,Under,3.5,-120,BetMGM,5.09,50.0,10,False,"FanDuel at -150, DraftKings at -158, theScore at -165",3547247,6178a340912ea77ebb5169a9c65f3ec7,2026-03-04T01:10:00+00:00,player_rebounds,False,Pending,,,
fe9fbae6e69b1684995b2fa8f45fb691_161_player_points_alternate_Over_16.5_fanatics_2026-03-03 17:26,2026-03-03T17:26:00.884315-05:00,PHI 76ers vs SAS Spurs (8:10 PM EST),De'Aaron Fox,Points Alternate,Over,16.5,110,Fanatics,2.02,40.0,10,False,FanDuel at -108,161,fe9fbae6e69b1684995b2fa8f45fb691,2026-03-04T01:10:00+00:00,player_points_alternate,False,Pending,,,
fe9fbae6e69b1684995b2fa8f45fb691_3547246_player_rebounds_alternate_Over_2.5_hardrockbet_2026-03-03 17:26,2026-03-03T17:26:09.474911-05:00,PHI 76ers vs SAS Spurs (8:10 PM EST),Devin Vassell,Rebounds Alternate,Over,2.5,-195,HardRockBet,5.78,70.0,10,False,FanDuel at -300,3547246,fe9fbae6e69b1684995b2fa8f45fb691,2026-03-04T01:10:00+00:00,player_rebounds_alternate,False,Pending,,,
63d7f24774bdc95465206323a257aa73_666969_player_rebounds_assists_Over_8.5_betmgm_2026-03-03 17:26,2026-03-03T17:26:39.043998-05:00,LAL Lakers vs NOP Pelicans (10:40 PM EST),Zion Williamson,Rebounds Assists,Over,8.5,-115,BetMGM,2.07,40.0,10,False,"DraftKings at -132, theScore at -145",666969,63d7f24774bdc95465206323a257aa73,2026-03-04T03:40:00+00:00,player_rebounds_assists,False,Pending,,,
63d7f24774bdc95465206323a257aa73_17553995_player_rebounds_alternate_Over_3.5_hardrockbet_2026-03-03 17:26,2026-03-03T17:26:51.350620-05:00,LAL Lakers vs NOP Pelicans (10:40 PM EST),Austin Reaves,Rebounds Alternate,Over,3.5,-120,HardRockBet,8.83,50.0,10,False,FanDuel at -174,17553995,63d7f24774bdc95465206323a257aa73,2026-03-04T03:40:00+00:00,player_rebounds_alternate,False,Pending,,,
63d7f24774bdc95465206323a257aa73_666969_player_rebounds_alternate_Over_4.5_hardrockbet_2026-03-03 17:26,2026-03-03T17:26:55.710441-05:00,LAL Lakers vs NOP Pelicans (10:40 PM EST),Zion Williamson,Rebounds Alternate,Over,4.5,-170,HardRockBet,2.13,50.0,10,False,FanDuel at -220,666969,63d7f24774bdc95465206323a257aa73,2026-03-04T03:40:00+00:00,player_rebounds_alternate,False,Pending,,,
1da265a6a1035935a4d2f806af7c3a74_472_player_rebounds_Over_3.5_hardrockbet_2026-03-03 17:27,2026-03-03T17:27:04.457784-05:00,SAC Kings vs PHX Suns (11:10 PM EST),Russell Westbrook,Rebounds,Over,3.5,105,HardRockBet,5.65,40.0,10,False,"FanDuel at -120, DraftKings at -143, theScore at -115",472,1da265a6a1035935a4d2f806af7c3a74,2026-03-04T04:10:00+00:00,player_rebounds,False,Pending,,,
1da265a6a1035935a4d2f806af7c3a74_472_player_rebounds_alternate_Over_3.5_hardrockbet_2026-03-03 17:27,2026-03-03T17:27:20.235819-05:00,SAC Kings vs PHX Suns (11:10 PM EST),Russell Westbrook,Rebounds Alternate,Over,3.5,105,HardRockBet,4.57,40.0,10,False,FanDuel at -120,472,1da265a6a1035935a4d2f806af7c3a74,2026-03-04T04:10:00+00:00,player_rebounds_alternate,False,Pending,,,
2213458a287cb0b1ffa4d46d3ed430b3_56677823_player_rebounds_Under_5.5_hardrockbet_2026-03-03 17:47,2026-03-03T17:47:33.953907-05:00,CHA Hornets vs DAL Mavericks (7:10 PM EST),Brandon Miller,Rebounds,Under,5.5,-120,HardRockBet,7.74,60.0,10,False,"DraftKings at -163, theScore at -170",56677823,2213458a287cb0b1ffa4d46d3ed430b3,2026-03-04T00:10:00+00:00,player_rebounds,False,Pending,,,
b6df29b0fdf2fd3b00b97b1e81870cca_17896076_player_points_Over_16.5_betparx_2026-03-03 17:47,2026-03-03T17:47:56.076015-05:00,CLE Cavaliers vs DET Pistons (7:10 PM EST),Evan Mobley,Points,Over,16.5,-105,BetParx,2.47,40.0,10,False,"FanDuel at -128, DraftKings at -120",17896076,b6df29b0fdf2fd3b00b97b1e81870cca,2026-03-04T00:10:00+00:00,player_points,False,Pending,,,
b6df29b0fdf2fd3b00b97b1e81870cca_192_player_assists_Over_7.5_betparx_2026-03-03 17:48,2026-03-03T17:48:04.745021-05:00,CLE Cavaliers vs DET Pistons (7:10 PM EST),James Harden,Assists,Over,7.5,102,BetParx,2.54,80.0,10,False,"FanDuel at -115, DraftKings at -123",192,b6df29b0fdf2fd3b00b97b1e81870cca,2026-03-04T00:10:00+00:00,player_assists,False,Pending,,,
7a292e434c91c398eb8db7bf1008b671_1057279594_player_rebounds_Under_4.5_hardrockbet_2026-03-03 17:48,2026-03-03T17:48:21.273015-05:00,ORL Magic vs WAS Wizards (7:10 PM EST),Will Riley,Rebounds,Under,4.5,110,HardRockBet,7.31,80.0,10,False,"FanDuel at -122, DraftKings at -111, theScore at -120",1057279594,7a292e434c91c398eb8db7bf1008b671,2026-03-04T00:10:00+00:00,player_rebounds,False,Pending,,,
7a292e434c91c398eb8db7bf1008b671_17896073_player_rebounds_alternate_Over_3.5_hardrockbet_2026-03-03 17:48,2026-03-03T17:48:32.305707-05:00,ORL Magic vs WAS Wizards (7:10 PM EST),Jalen Suggs,Rebounds Alternate,Over,3.5,-160,HardRockBet,4.49,40.0,10,False,FanDuel at -220,17896073,7a292e434c91c398eb8db7bf1008b671,2026-03-04T00:10:00+00:00,player_rebounds_alternate,False,Pending,,,
637bb875ffdc47533ca3ed42d7bbcaa7_666508_player_points_Under_11.5_draftkings_2026-03-03 17:48,2026-03-03T17:48:40.841942-05:00,MIA Heat vs BKN Nets (7:40 PM EST),Nicolas Claxton,Points,Under,11.5,-112,DraftKings,2.47,40.0,10,False,"FanDuel at -136, theScore at -140, Pinnacle at -129",666508,637bb875ffdc47533ca3ed42d7bbcaa7,2026-03-04T00:40:00+00:00,player_points,False,Pending,,,
637bb875ffdc47533ca3ed42d7bbcaa7_17896038_player_points_Under_8.5_hardrockbet_2026-03-03 17:48,2026-03-03T17:48:49.082335-05:00,MIA Heat vs BKN Nets (7:40 PM EST),Day'Ron Sharpe,Points,Under,8.5,-110,HardRockBet,3.37,50.0,10,False,"FanDuel at -136, DraftKings at -123, theScore at -145, Pinnacle at -136",17896038,637bb875ffdc47533ca3ed42d7bbcaa7,2026-03-04T00:40:00+00:00,player_points,False,Pending,,,
637bb875ffdc47533ca3ed42d7bbcaa7_1028029127_player_rebounds_Over_7.5_betmgm_2026-03-03 17:48,2026-03-03T17:48:57.084172-05:00,MIA Heat vs BKN Nets (7:40 PM EST),Kel'el Ware,Rebounds,Over,7.5,-140,BetMGM,2.28,70.0,10,False,"theScore at -195, Pinnacle at -146",1028029127,637bb875ffdc47533ca3ed42d7bbcaa7,2026-03-04T00:40:00+00:00,player_rebounds,False,Pending,,,
637bb875ffdc47533ca3ed42d7bbcaa7_1028029127_player_rebounds_Over_7.5_hardrockbet_2026-03-03 17:49,2026-03-03T17:49:04.978115-05:00,MIA Heat vs BKN Nets (7:40 PM EST),Kel'el Ware,Rebounds,Over,7.5,-140,HardRockBet,2.28,70.0,10,False,"theScore at -195, Pinnacle at -146",1028029127,637bb875ffdc47533ca3ed42d7bbcaa7,2026-03-04T00:40:00+00:00,player_rebounds,False,Pending,,,
637bb875ffdc47533ca3ed42d7bbcaa7_1028029127_player_points_alternate_Over_9.5_hardrockbet_2026-03-03 17:49,2026-03-03T17:49:13.536196-05:00,MIA Heat vs BKN Nets (7:40 PM EST),Kel'el Ware,Points Alternate,Over,9.5,-120,HardRockBet,6.47,60.0,10,False,FanDuel at -162,1028029127,637bb875ffdc47533ca3ed42d7bbcaa7,2026-03-04T00:40:00+00:00,player_points_alternate,False,Pending,,,
637bb875ffdc47533ca3ed42d7bbcaa7_666633_player_rebounds_alternate_Over_3.5_hardrockbet_2026-03-03 17:49,2026-03-03T17:49:21.655730-05:00,MIA Heat vs BKN Nets (7:40 PM EST),Tyler Herro,Rebounds Alternate,Over,3.5,-155,HardRockBet,5.8,50.0,10,False,FanDuel at -215,666633,637bb875ffdc47533ca3ed42d7bbcaa7,2026-03-04T00:40:00+00:00,player_rebounds_alternate,False,Pending,,,
6e039621e88bb0b022d5b0d3eafd9596_3547269_player_points_Under_17.5_hardrockbet_2026-03-03 17:49,2026-03-03T17:49:35.547026-05:00,TOR Raptors vs NYK Knicks (7:40 PM EST),Immanuel Quickley,Points,Under,17.5,-120,HardRockBet,2.62,40.0,10,False,"theScore at -160, Pinnacle at -126",3547269,6e039621e88bb0b022d5b0d3eafd9596,2026-03-04T00:40:00+00:00,player_points,False,Pending,,,
6e039621e88bb0b022d5b0d3eafd9596_61_player_assists_Under_3.5_hardrockbet_2026-03-03 17:49,2026-03-03T17:49:45.466136-05:00,TOR Raptors vs NYK Knicks (7:40 PM EST),Mikal Bridges,Assists,Under,3.5,-105,HardRockBet,2.62,60.0,10,False,"FanDuel at -136, DraftKings at -118, theScore at -120",61,6e039621e88bb0b022d5b0d3eafd9596,2026-03-04T00:40:00+00:00,player_assists,False,Pending,,,
6e039621e88bb0b022d5b0d3eafd9596_666423_player_threes_Over_1.5_draftkings_2026-03-03 17:49,2026-03-03T17:49:57.708647-05:00,TOR Raptors vs NYK Knicks (7:40 PM EST),R.J. Barrett,Threes,Over,1.5,105,DraftKings,3.03,40.0,10,False,"FanDuel at -115, theScore at -115",666423,6e039621e88bb0b022d5b0d3eafd9596,2026-03-04T00:40:00+00:00,player_threes,False,Pending,,,
6178a340912ea77ebb5169a9c65f3ec7_1028025177_player_rebounds_Under_6.5_hardrockbet_2026-03-03 17:50,2026-03-03T17:50:10.624972-05:00,CHI Bulls vs OKC Thunder (8:10 PM EST),Matas Buzelis,Rebounds,Under,6.5,-125,HardRockBet,3.5,50.0,10,False,"FanDuel at -162, DraftKings at -152, theScore at -150, Pinnacle at -179",1028025177,6178a340912ea77ebb5169a9c65f3ec7,2026-03-04T01:10:00+00:00,player_rebounds,False,Pending,,,
6178a340912ea77ebb5169a9c65f3ec7_3547247_player_threes_Over_1.5_hardrockbet_2026-03-03 17:50,2026-03-03T17:50:22.099597-05:00,CHI Bulls vs OKC Thunder (8:10 PM EST),Isaac Okoro,Threes,Over,1.5,105,HardRockBet,3.54,40.0,10,False,"FanDuel at -113, DraftKings at -120, theScore at -120",3547247,6178a340912ea77ebb5169a9c65f3ec7,2026-03-04T01:10:00+00:00,player_threes,False,Pending,,,
6178a340912ea77ebb5169a9c65f3ec7_3547247_player_threes_alternate_Over_1.5_hardrockbet_2026-03-03 17:50,2026-03-03T17:50:33.610874-05:00,CHI Bulls vs OKC Thunder (8:10 PM EST),Isaac Okoro,Threes Alternate,Over,1.5,105,HardRockBet,2.5,40.0,10,False,FanDuel at -114,3547247,6178a340912ea77ebb5169a9c65f3ec7,2026-03-04T01:10:00+00:00,player_threes_alternate,False,Pending,,,
5b3a7e855054866a44f6443710ea000b_1057266649_player_rebounds_Under_5.5_draftkings_2026-03-03 17:50,2026-03-03T17:50:48.605286-05:00,MIN Timberwolves vs MEM Grizzlies (8:10 PM EST),Cedric Coward,Rebounds,Under,5.5,105,DraftKings,3.34,50.0,10,False,"FanDuel at -122, theScore at -105",1057266649,5b3a7e855054866a44f6443710ea000b,2026-03-04T01:10:00+00:00,player_rebounds,False,Pending,,,
fe9fbae6e69b1684995b2fa8f45fb691_38017649_player_threes_Under_2.5_hardrockbet_2026-03-03 17:51,2026-03-03T17:51:14.406786-05:00,PHI 76ers vs SAS Spurs (8:10 PM EST),Julian Champagnie,Threes,Under,2.5,-135,HardRockBet,3.65,70.0,10,False,"FanDuel at -170, DraftKings at -160, theScore at -190",38017649,fe9fbae6e69b1684995b2fa8f45fb691,2026-03-04T01:10:00+00:00,player_threes,False,Pending,,,
fe9fbae6e69b1684995b2fa8f45fb691_3547246_player_rebounds_alternate_Over_3.5_hardrockbet_2026-03-03 17:51,2026-03-03T17:51:22.978811-05:00,PHI 76ers vs SAS Spurs (8:10 PM EST),Devin Vassell,Rebounds Alternate,Over,3.5,105,HardRockBet,2.29,60.0,10,False,FanDuel at -113,3547246,fe9fbae6e69b1684995b2fa8f45fb691,2026-03-04T01:10:00+00:00,player_rebounds_alternate,False,Pending,,,
63d7f24774bdc95465206323a257aa73_666969_player_rebounds_Over_4.5_betmgm_2026-03-03 17:51,2026-03-03T17:51:40.880294-05:00,LAL Lakers vs NOP Pelicans (10:40 PM EST),Zion Williamson,Rebounds,Over,4.5,-155,BetMGM,3.09,50.0,10,False,"theScore at -225, Pinnacle at -160",666969,63d7f24774bdc95465206323a257aa73,2026-03-04T03:40:00+00:00,player_rebounds,False,Pending,,,
63d7f24774bdc95465206323a257aa73_666609_player_rebounds_Over_2.5_betmgm_2026-03-03 17:51,2026-03-03T17:51:45.198874-05:00,LAL Lakers vs NOP Pelicans (10:40 PM EST),Rui Hachimura,Rebounds,Over,2.5,-110,BetMGM,3.25,50.0,10,False,"DraftKings at -147, theScore at -130",666609,63d7f24774bdc95465206323a257aa73,2026-03-04T03:40:00+00:00,player_rebounds,False,Pending,,,
63d7f24774bdc95465206323a257aa73_1057274415_player_points_rebounds_Over_13.5_hardrockbet_2026-03-03 17:52,2026-03-03T17:52:01.689103-05:00,LAL Lakers vs NOP Pelicans (10:40 PM EST),Derik Queen,Points Rebounds,Over,13.5,-105,HardRockBet,2.23,80.0,10,False,"FanDuel at -128, DraftKings at -129, theScore at -125",1057274415,63d7f24774bdc95465206323a257aa73,2026-03-04T03:40:00+00:00,player_points_rebounds,False,Pending,,,
63d7f24774bdc95465206323a257aa73_666969_player_rebounds_alternate_Over_4.5_hardrockbet_2026-03-03 17:52,2026-03-03T17:52:16.368695-05:00,LAL Lakers vs NOP Pelicans (10:40 PM EST),Zion Williamson,Rebounds Alternate,Over,4.5,-160,HardRockBet,3.64,50.0,10,False,FanDuel at -215,666969,63d7f24774bdc95465206323a257aa73,2026-03-04T03:40:00+00:00,player_rebounds_alternate,False,Pending,,,
2213458a287cb0b1ffa4d46d3ed430b3_666747_player_points_Under_7.5_betmgm_2026-03-03 18:15,2026-03-03T18:15:45.245207-05:00,CHA Hornets vs DAL Mavericks (7:10 PM EST),Caleb Martin,Points,Under,7.5,-118,BetMGM,2.93,50.0,10,False,"theScore at -160, Pinnacle at -121",666747,2213458a287cb0b1ffa4d46d3ed430b3,2026-03-04T00:10:00+00:00,player_points,False,Pending,,,
2213458a287cb0b1ffa4d46d3ed430b3_666747_player_points_Under_7.5_hardrockbet_2026-03-03 18:15,2026-03-03T18:15:51.256746-05:00,CHA Hornets vs DAL Mavericks (7:10 PM EST),Caleb Martin,Points,Under,7.5,-115,HardRockBet,4.16,50.0,10,False,"theScore at -160, Pinnacle at -121",666747,2213458a287cb0b1ffa4d46d3ed430b3,2026-03-04T00:10:00+00:00,player_points,False,Pending,,,
2213458a287cb0b1ffa4d46d3ed430b3_56677823_player_rebounds_assists_Under_8.5_hardrockbet_2026-03-03 18:17,2026-03-03T18:17:13.039019-05:00,CHA Hornets vs DAL Mavericks (7:10 PM EST),Brandon Miller,Rebounds Assists,Under,8.5,110,HardRockBet,5.3,50.0,10,False,"FanDuel at -113, DraftKings at -121, theScore at -115",56677823,2213458a287cb0b1ffa4d46d3ed430b3,2026-03-04T00:10:00+00:00,player_rebounds_assists,False,Pending,,,
b6df29b0fdf2fd3b00b97b1e81870cca_17896076_player_points_Over_16.5_hardrockbet_2026-03-03 18:17,2026-03-03T18:17:27.188361-05:00,CLE Cavaliers vs DET Pistons (7:10 PM EST),Evan Mobley,Points,Over,16.5,-105,HardRockBet,3.87,40.0,10,False,"FanDuel at -130, theScore at -140, Pinnacle at -110",17896076,b6df29b0fdf2fd3b00b97b1e81870cca,2026-03-04T00:10:00+00:00,player_points,False,Pending,,,
b6df29b0fdf2fd3b00b97b1e81870cca_192_player_assists_Over_7.5_hardrockbet_2026-03-03 18:17,2026-03-03T18:17:36.348120-05:00,CLE Cavaliers vs DET Pistons (7:10 PM EST),James Harden,Assists,Over,7.5,100,HardRockBet,2.78,80.0,10,False,"FanDuel at -118, DraftKings at -130, theScore at -120, Pinnacle at -119",192,b6df29b0fdf2fd3b00b97b1e81870cca,2026-03-04T00:10:00+00:00,player_assists,False,Pending,,,
b6df29b0fdf2fd3b00b97b1e81870cca_1028028993_player_rebounds_alternate_Over_4.5_betmgm_2026-03-03 18:18,2026-03-03T18:18:02.442918-05:00,CLE Cavaliers vs DET Pistons (7:10 PM EST),Jaylon Tyson,Rebounds Alternate,Over,4.5,-125,BetMGM,6.47,50.0,10,False,FanDuel at -174,1028028993,b6df29b0fdf2fd3b00b97b1e81870cca,2026-03-04T00:10:00+00:00,player_rebounds_alternate,False,Pending,,,
b6df29b0fdf2fd3b00b97b1e81870cca_9_player_rebounds_alternate_Over_8.5_hardrockbet_2026-03-03 18:18,2026-03-03T18:18:08.607062-05:00,CLE Cavaliers vs DET Pistons (7:10 PM EST),Jarrett Allen,Rebounds Alternate,Over,8.5,-120,HardRockBet,3.3,90.0,10,False,FanDuel at -152,9,b6df29b0fdf2fd3b00b97b1e81870cca,2026-03-04T00:10:00+00:00,player_rebounds_alternate,False,Pending,,,
7a292e434c91c398eb8db7bf1008b671_1028025235_player_assists_Over_4.5_betmgm_2026-03-03 18:18,2026-03-03T18:18:21.848065-05:00,ORL Magic vs WAS Wizards (7:10 PM EST),Carlton Carrington,Assists,Over,4.5,100,BetMGM,4.83,50.0,10,False,"FanDuel at -122, DraftKings at -138, theScore at -125, Pinnacle at -125",1028025235,7a292e434c91c398eb8db7bf1008b671,2026-03-04T00:10:00+00:00,player_assists,False,Pending,,,
7a292e434c91c398eb8db7bf1008b671_3547287_player_rebounds_alternate_Over_3.5_draftkings_2026-03-03 18:18,2026-03-03T18:18:35.276775-05:00,ORL Magic vs WAS Wizards (7:10 PM EST),Desmond Bane,Rebounds Alternate,Over,3.5,-180,DraftKings,3.25,50.0,10,False,FanDuel at -245,3547287,7a292e434c91c398eb8db7bf1008b671,2026-03-04T00:10:00+00:00,player_rebounds_alternate,False,Pending,,,
637bb875ffdc47533ca3ed42d7bbcaa7_1057280779_player_points_Under_11.5_hardrockbet_2026-03-03 18:18,2026-03-03T18:18:48.521637-05:00,MIA Heat vs BKN Nets (7:40 PM EST),Danny Wolf,Points,Under,11.5,-125,HardRockBet,3.36,40.0,10,False,"theScore at -165, Pinnacle at -144",1057280779,637bb875ffdc47533ca3ed42d7bbcaa7,2026-03-04T00:40:00+00:00,player_points,False,Pending,,,
637bb875ffdc47533ca3ed42d7bbcaa7_1028029127_player_points_alternate_Over_9.5_hardrockbet_2026-03-03 18:19,2026-03-03T18:19:05.364877-05:00,MIA Heat vs BKN Nets (7:40 PM EST),Kel'el Ware,Points Alternate,Over,9.5,-120,HardRockBet,5.85,60.0,10,False,FanDuel at -160,1028029127,637bb875ffdc47533ca3ed42d7bbcaa7,2026-03-04T00:40:00+00:00,player_points_alternate,False,Pending,,,
6e039621e88bb0b022d5b0d3eafd9596_227_player_points_Under_20.5_draftkings_2026-03-03 18:19,2026-03-03T18:19:20.879052-05:00,TOR Raptors vs NYK Knicks (7:40 PM EST),Brandon Ingram,Points,Under,20.5,-102,DraftKings,2.34,50.0,10,False,"FanDuel at -122, theScore at -125, Pinnacle at -114",227,6e039621e88bb0b022d5b0d3eafd9596,2026-03-04T00:40:00+00:00,player_points,False,Pending,,,
6e039621e88bb0b022d5b0d3eafd9596_61_player_assists_Under_3.5_hardrockbet_2026-03-03 18:19,2026-03-03T18:19:30.817628-05:00,TOR Raptors vs NYK Knicks (7:40 PM EST),Mikal Bridges,Assists,Under,3.5,-105,HardRockBet,2.73,60.0,10,False,"FanDuel at -138, DraftKings at -114, theScore at -120",61,6e039621e88bb0b022d5b0d3eafd9596,2026-03-04T00:40:00+00:00,player_assists,False,Pending,,,
6e039621e88bb0b022d5b0d3eafd9596_666423_player_threes_Over_1.5_draftkings_2026-03-03 18:19,2026-03-03T18:19:42.947210-05:00,TOR Raptors vs NYK Knicks (7:40 PM EST),R.J. Barrett,Threes,Over,1.5,105,DraftKings,2.5,40.0,10,False,"FanDuel at -113, theScore at -115",666423,6e039621e88bb0b022d5b0d3eafd9596,2026-03-04T00:40:00+00:00,player_threes,False,Pending,,,
6e039621e88bb0b022d5b0d3eafd9596_666423_player_threes_alternate_Over_1.5_draftkings_2026-03-03 18:19,2026-03-03T18:19:51.820146-05:00,TOR Raptors vs NYK Knicks (7:40 PM EST),R.J. Barrett,Threes Alternate,Over,1.5,106,DraftKings,2.79,40.0,10,False,FanDuel at -113,666423,6e039621e88bb0b022d5b0d3eafd9596,2026-03-04T00:40:00+00:00,player_threes_alternate,False,Pending,,,
6178a340912ea77ebb5169a9c65f3ec7_3547247_player_threes_Over_1.5_hardrockbet_2026-03-03 18:20,2026-03-03T18:20:14.556385-05:00,CHI Bulls vs OKC Thunder (8:10 PM EST),Isaac Okoro,Threes,Over,1.5,105,HardRockBet,3.92,40.0,10,False,"FanDuel at -115, DraftKings at -119, theScore at -120",3547247,6178a340912ea77ebb5169a9c65f3ec7,2026-03-04T01:10:00+00:00,player_threes,False,Pending,,,
6178a340912ea77ebb5169a9c65f3ec7_3547247_player_threes_alternate_Over_1.5_hardrockbet_2026-03-03 18:20,2026-03-03T18:20:26.385100-05:00,CHI Bulls vs OKC Thunder (8:10 PM EST),Isaac Okoro,Threes Alternate,Over,1.5,105,HardRockBet,3.74,40.0,10,False,FanDuel at -118,3547247,6178a340912ea77ebb5169a9c65f3ec7,2026-03-04T01:10:00+00:00,player_threes_alternate,False,Pending,,,
5b3a7e855054866a44f6443710ea000b_3547259_player_rebounds_assists_Over_7.5_betmgm_2026-03-03 18:20,2026-03-03T18:20:44.061096-05:00,MIN Timberwolves vs MEM Grizzlies (8:10 PM EST),Jaden McDaniels,Rebounds Assists,Over,7.5,105,BetMGM,3.75,60.0,10,False,"DraftKings at -123, theScore at -115",3547259,5b3a7e855054866a44f6443710ea000b,2026-03-04T01:10:00+00:00,player_rebounds_assists,False,Pending,,,
fe9fbae6e69b1684995b2fa8f45fb691_38017649_player_threes_Under_2.5_hardrockbet_2026-03-03 18:21,2026-03-03T18:21:04.396721-05:00,PHI 76ers vs SAS Spurs (8:10 PM EST),Julian Champagnie,Threes,Under,2.5,-135,HardRockBet,4.04,70.0,10,False,"FanDuel at -178, DraftKings at -160, theScore at -180",38017649,fe9fbae6e69b1684995b2fa8f45fb691,2026-03-04T01:10:00+00:00,player_threes,False,Pending,,,
63d7f24774bdc95465206323a257aa73_666969_player_rebounds_Over_4.5_betmgm_2026-03-03 18:21,2026-03-03T18:21:27.082553-05:00,LAL Lakers vs NOP Pelicans (10:40 PM EST),Zion Williamson,Rebounds,Over,4.5,-155,BetMGM,2.81,50.0,10,False,"theScore at -215, Pinnacle at -170",666969,63d7f24774bdc95465206323a257aa73,2026-03-04T03:40:00+00:00,player_rebounds,False,Pending,,,
63d7f24774bdc95465206323a257aa73_666609_player_rebounds_Over_2.5_hardrockbet_2026-03-03 18:21,2026-03-03T18:21:32.795158-05:00,LAL Lakers vs NOP Pelicans (10:40 PM EST),Rui Hachimura,Rebounds,Over,2.5,-110,HardRockBet,3.25,50.0,10,False,"DraftKings at -147, theScore at -130",666609,63d7f24774bdc95465206323a257aa73,2026-03-04T03:40:00+00:00,player_rebounds,False,Pending,,,
63d7f24774bdc95465206323a257aa73_1057274415_player_points_rebounds_Over_13.5_hardrockbet_2026-03-03 18:21,2026-03-03T18:21:42.602339-05:00,LAL Lakers vs NOP Pelicans (10:40 PM EST),Derik Queen,Points Rebounds,Over,13.5,-105,HardRockBet,2.62,80.0,10,False,"FanDuel at -130, DraftKings at -129, theScore at -125",1057274415,63d7f24774bdc95465206323a257aa73,2026-03-04T03:40:00+00:00,player_points_rebounds,False,Pending,,,
63d7f24774bdc95465206323a257aa73_666969_player_rebounds_alternate_Over_4.5_hardrockbet_2026-03-03 18:22,2026-03-03T18:22:04.146867-05:00,LAL Lakers vs NOP Pelicans (10:40 PM EST),Zion Williamson,Rebounds Alternate,Over,4.5,-160,HardRockBet,5.03,50.0,10,False,FanDuel at -225,666969,63d7f24774bdc95465206323a257aa73,2026-03-04T03:40:00+00:00,player_rebounds_alternate,False,Pending,,,
1da265a6a1035935a4d2f806af7c3a74_324_player_points_alternate_Over_9.5_hardrockbet_2026-03-03 18:22,2026-03-03T18:22:22.780024-05:00,SAC Kings vs PHX Suns (11:10 PM EST),Malik Monk,Points Alternate,Over,9.5,-120,HardRockBet,4.37,70.0,10,False,FanDuel at -154,324,1da265a6a1035935a4d2f806af7c3a74,2026-03-04T04:10:00+00:00,player_points_alternate,False,Pending,,,
2213458a287cb0b1ffa4d46d3ed430b3_666747_player_points_Under_7.5_betmgm_2026-03-03 18:42,2026-03-03T18:42:52.292949-05:00,CHA Hornets vs DAL Mavericks (7:10 PM EST),Caleb Martin,Points,Under,7.5,-110,BetMGM,3.42,50.0,10,False,"DraftKings at -135, theScore at -145, Pinnacle at -121",666747,2213458a287cb0b1ffa4d46d3ed430b3,2026-03-04T00:10:00+00:00,player_points,False,Pending,,,
2213458a287cb0b1ffa4d46d3ed430b3_666747_player_points_Under_7.5_hardrockbet_2026-03-03 18:42,2026-03-03T18:42:57.217496-05:00,CHA Hornets vs DAL Mavericks (7:10 PM EST),Caleb Martin,Points,Under,7.5,-110,HardRockBet,3.42,50.0,10,False,"DraftKings at -135, theScore at -145, Pinnacle at -121",666747,2213458a287cb0b1ffa4d46d3ed430b3,2026-03-04T00:10:00+00:00,player_points,False,Pending,,,
2213458a287cb0b1ffa4d46d3ed430b3_666747_player_rebounds_Under_3.5_draftkings_2026-03-03 18:43,2026-03-03T18:43:06.647837-05:00,CHA Hornets vs DAL Mavericks (7:10 PM EST),Caleb Martin,Rebounds,Under,3.5,104,DraftKings,2.77,40.0,10,False,"FanDuel at -113, theScore at -120",666747,2213458a287cb0b1ffa4d46d3ed430b3,2026-03-04T00:10:00+00:00,player_rebounds,False,Pending,,,
2213458a287cb0b1ffa4d46d3ed430b3_3547239_player_rebounds_Under_4.5_hardrockbet_2026-03-03 18:44,2026-03-03T18:44:24.664188-05:00,CHA Hornets vs DAL Mavericks (7:10 PM EST),LaMelo Ball,Rebounds,Under,4.5,100,HardRockBet,2.81,70.0,10,False,"FanDuel at -122, DraftKings at -119, theScore at -120",3547239,2213458a287cb0b1ffa4d46d3ed430b3,2026-03-04T00:10:00+00:00,player_rebounds,False,Pending,,,
2213458a287cb0b1ffa4d46d3ed430b3_315_player_rebounds_assists_Under_7.5_draftkings_2026-03-03 18:44,2026-03-03T18:44:34.695982-05:00,CHA Hornets vs DAL Mavericks (7:10 PM EST),Khris Middleton,Rebounds Assists,Under,7.5,-123,DraftKings,2.11,70.0,10,False,"FanDuel at -148, theScore at -150",315,2213458a287cb0b1ffa4d46d3ed430b3,2026-03-04T00:10:00+00:00,player_rebounds_assists,False,Pending,,,
b6df29b0fdf2fd3b00b97b1e81870cca_192_player_assists_Over_7.5_hardrockbet_2026-03-03 18:44,2026-03-03T18:44:56.450481-05:00,CLE Cavaliers vs DET Pistons (7:10 PM EST),James Harden,Assists,Over,7.5,100,HardRockBet,6.54,80.0,10,False,"FanDuel at -130, DraftKings at -135, theScore at -130, Pinnacle at -129",192,b6df29b0fdf2fd3b00b97b1e81870cca,2026-03-04T00:10:00+00:00,player_assists,False,Pending,,,
b6df29b0fdf2fd3b00b97b1e81870cca_17896076_player_points_alternate_Over_14.5_hardrockbet_2026-03-03 18:45,2026-03-03T18:45:09.795768-05:00,CLE Cavaliers vs DET Pistons (7:10 PM EST),Evan Mobley,Points Alternate,Over,14.5,-175,HardRockBet,3.14,60.0,10,False,FanDuel at -230,17896076,b6df29b0fdf2fd3b00b97b1e81870cca,2026-03-04T00:10:00+00:00,player_points_alternate,False,Pending,,,
7a292e434c91c398eb8db7bf1008b671_1028025235_player_assists_Over_4.5_betmgm_2026-03-03 18:45,2026-03-03T18:45:26.353364-05:00,ORL Magic vs WAS Wizards (7:10 PM EST),Carlton Carrington,Assists,Over,4.5,100,BetMGM,4.05,50.0,10,False,"FanDuel at -120, DraftKings at -133, theScore at -125",1028025235,7a292e434c91c398eb8db7bf1008b671,2026-03-04T00:10:00+00:00,player_assists,False,Pending,,,
637bb875ffdc47533ca3ed42d7bbcaa7_1057280779_player_points_Under_11.5_hardrockbet_2026-03-03 18:45,2026-03-03T18:45:39.056292-05:00,MIA Heat vs BKN Nets (7:40 PM EST),Danny Wolf,Points,Under,11.5,-125,HardRockBet,2.29,40.0,10,False,"theScore at -160, Pinnacle at -144",1057280779,637bb875ffdc47533ca3ed42d7bbcaa7,2026-03-04T00:40:00+00:00,player_points,False,Pending,,,
637bb875ffdc47533ca3ed42d7bbcaa7_17896038_player_points_Under_8.5_hardrockbet_2026-03-03 18:45,2026-03-03T18:45:47.983409-05:00,MIA Heat vs BKN Nets (7:40 PM EST),Day'Ron Sharpe,Points,Under,8.5,-110,HardRockBet,2.73,50.0,10,False,"FanDuel at -132, DraftKings at -123, theScore at -145, Pinnacle at -130",17896038,637bb875ffdc47533ca3ed42d7bbcaa7,2026-03-04T00:40:00+00:00,player_points,False,Pending,,,
637bb875ffdc47533ca3ed42d7bbcaa7_1028036986_player_rebounds_Under_4.5_hardrockbet_2026-03-03 18:46,2026-03-03T18:46:00.784482-05:00,MIA Heat vs BKN Nets (7:40 PM EST),Pelle Larsson,Rebounds,Under,4.5,-130,HardRockBet,3.13,50.0,10,False,"DraftKings at -164, theScore at -165",1028036986,637bb875ffdc47533ca3ed42d7bbcaa7,2026-03-04T00:40:00+00:00,player_rebounds,False,Pending,,,
637bb875ffdc47533ca3ed42d7bbcaa7_17553994_player_rebounds_Under_2.5_hardrockbet_2026-03-03 18:46,2026-03-03T18:46:09.804010-05:00,MIA Heat vs BKN Nets (7:40 PM EST),Davion Mitchell,Rebounds,Under,2.5,-120,HardRockBet,2.43,70.0,10,False,"DraftKings at -153, theScore at -145",17553994,637bb875ffdc47533ca3ed42d7bbcaa7,2026-03-04T00:40:00+00:00,player_rebounds,False,Pending,,,
637bb875ffdc47533ca3ed42d7bbcaa7_1028029127_player_points_alternate_Over_9.5_hardrockbet_2026-03-03 18:46,2026-03-03T18:46:22.705299-05:00,MIA Heat vs BKN Nets (7:40 PM EST),Kel'el Ware,Points Alternate,Over,9.5,-120,HardRockBet,6.47,60.0,10,False,FanDuel at -162,1028029127,637bb875ffdc47533ca3ed42d7bbcaa7,2026-03-04T00:40:00+00:00,player_points_alternate,False,Pending,,,
637bb875ffdc47533ca3ed42d7bbcaa7_666633_player_rebounds_alternate_Over_2.5_hardrockbet_2026-03-03 18:46,2026-03-03T18:46:31.571011-05:00,MIA Heat vs BKN Nets (7:40 PM EST),Tyler Herro,Rebounds Alternate,Over,2.5,-350,HardRockBet,2.46,50.0,10,False,FanDuel at -580,666633,637bb875ffdc47533ca3ed42d7bbcaa7,2026-03-04T00:40:00+00:00,player_rebounds_alternate,False,Pending,,,
637bb875ffdc47533ca3ed42d7bbcaa7_666633_player_rebounds_alternate_Over_3.5_hardrockbet_2026-03-03 18:46,2026-03-03T18:46:36.540181-05:00,MIA Heat vs BKN Nets (7:40 PM EST),Tyler Herro,Rebounds Alternate,Over,3.5,-155,HardRockBet,5.23,50.0,10,False,FanDuel at -210,666633,637bb875ffdc47533ca3ed42d7bbcaa7,2026-03-04T00:40:00+00:00,player_rebounds_alternate,False,Pending,,,
6178a340912ea77ebb5169a9c65f3ec7_56677833_player_points_Under_14.5_hardrockbet_2026-03-03 18:46,2026-03-03T18:46:54.298919-05:00,CHI Bulls vs OKC Thunder (8:10 PM EST),Cason Wallace,Points,Under,14.5,100,HardRockBet,5.85,60.0,10,False,"FanDuel at -122, theScore at -130, Pinnacle at -154",56677833,6178a340912ea77ebb5169a9c65f3ec7,2026-03-04T01:10:00+00:00,player_points,False,Pending,,,
6178a340912ea77ebb5169a9c65f3ec7_3547247_player_threes_Over_1.5_hardrockbet_2026-03-03 18:47,2026-03-03T18:47:06.734230-05:00,CHI Bulls vs OKC Thunder (8:10 PM EST),Isaac Okoro,Threes,Over,1.5,100,HardRockBet,2.01,40.0,10,False,"FanDuel at -118, DraftKings at -119, theScore at -120",3547247,6178a340912ea77ebb5169a9c65f3ec7,2026-03-04T01:10:00+00:00,player_threes,False,Pending,,,
6178a340912ea77ebb5169a9c65f3ec7_3547247_player_threes_alternate_Over_1.5_hardrockbet_2026-03-03 18:47,2026-03-03T18:47:18.825034-05:00,CHI Bulls vs OKC Thunder (8:10 PM EST),Isaac Okoro,Threes Alternate,Over,1.5,100,HardRockBet,2.02,40.0,10,False,FanDuel at -120,3547247,6178a340912ea77ebb5169a9c65f3ec7,2026-03-04T01:10:00+00:00,player_threes_alternate,False,Pending,,,
5b3a7e855054866a44f6443710ea000b_3547238_player_rebounds_assists_Under_9.5_betmgm_2026-03-03 18:47,2026-03-03T18:47:31.988558-05:00,MIN Timberwolves vs MEM Grizzlies (8:10 PM EST),Anthony Edwards,Rebounds Assists,Under,9.5,-118,BetMGM,2.24,70.0,10,False,"DraftKings at -144, theScore at -145",3547238,5b3a7e855054866a44f6443710ea000b,2026-03-04T01:10:00+00:00,player_rebounds_assists,False,Pending,,,
5b3a7e855054866a44f6443710ea000b_3547259_player_rebounds_assists_Over_7.5_betmgm_2026-03-03 18:47,2026-03-03T18:47:36.828430-05:00,MIN Timberwolves vs MEM Grizzlies (8:10 PM EST),Jaden McDaniels,Rebounds Assists,Over,7.5,105,BetMGM,5.83,60.0,10,False,"DraftKings at -128, theScore at -120",3547259,5b3a7e855054866a44f6443710ea000b,2026-03-04T01:10:00+00:00,player_rebounds_assists,False,Pending,,,
5b3a7e855054866a44f6443710ea000b_3547238_player_rebounds_assists_Under_9.5_hardrockbet_2026-03-03 18:47,2026-03-03T18:47:41.755021-05:00,MIN Timberwolves vs MEM Grizzlies (8:10 PM EST),Anthony Edwards,Rebounds Assists,Under,9.5,-115,HardRockBet,3.47,70.0,10,False,"DraftKings at -144, theScore at -145",3547238,5b3a7e855054866a44f6443710ea000b,2026-03-04T01:10:00+00:00,player_rebounds_assists,False,Pending,,,
fe9fbae6e69b1684995b2fa8f45fb691_38017649_player_threes_Under_2.5_hardrockbet_2026-03-03 18:48,2026-03-03T18:48:14.842779-05:00,PHI 76ers vs SAS Spurs (8:10 PM EST),Julian Champagnie,Threes,Under,2.5,-125,HardRockBet,7.22,70.0,10,False,"FanDuel at -174, DraftKings at -160, theScore at -180",38017649,fe9fbae6e69b1684995b2fa8f45fb691,2026-03-04T01:10:00+00:00,player_threes,False,Pending,,,
63d7f24774bdc95465206323a257aa73_1057274415_player_points_rebounds_Over_13.5_hardrockbet_2026-03-03 18:48,2026-03-03T18:48:39.932131-05:00,LAL Lakers vs NOP Pelicans (10:40 PM EST),Derik Queen,Points Rebounds,Over,13.5,-105,HardRockBet,2.54,80.0,10,False,"FanDuel at -128, DraftKings at -127, theScore at -125",1057274415,63d7f24774bdc95465206323a257aa73,2026-03-04T03:40:00+00:00,player_points_rebounds,False,Pending,,,
63d7f24774bdc95465206323a257aa73_237_player_rebounds_assists_Over_11.5_betmgm_2026-03-03 18:48,2026-03-03T18:48:54.187396-05:00,LAL Lakers vs NOP Pelicans (10:40 PM EST),LeBron James,Rebounds Assists,Over,11.5,-118,BetMGM,2.53,60.0,10,False,"DraftKings at -137, theScore at -150",237,63d7f24774bdc95465206323a257aa73,2026-03-04T03:40:00+00:00,player_rebounds_assists,False,Pending,,,
63d7f24774bdc95465206323a257aa73_237_player_rebounds_assists_Over_11.5_hardrockbet_2026-03-03 18:48,2026-03-03T18:48:58.831439-05:00,LAL Lakers vs NOP Pelicans (10:40 PM EST),LeBron James,Rebounds Assists,Over,11.5,-115,HardRockBet,3.76,60.0,10,False,"DraftKings at -137, theScore at -150",237,63d7f24774bdc95465206323a257aa73,2026-03-04T03:40:00+00:00,player_rebounds_assists,False,Pending,,,
2213458a287cb0b1ffa4d46d3ed430b3_56677823_player_points_rebounds_assists_Under_31.5_betmgm_2026-03-03 19:09,2026-03-03T19:09:43.815592-05:00,CHA Hornets vs DAL Mavericks (7:10 PM EST),Brandon Miller,Points Rebounds Assists,Under,31.5,100,BetMGM,2.87,70.0,10,False,"FanDuel at -120, DraftKings at -125, theScore at -120, Pinnacle at -122",56677823,2213458a287cb0b1ffa4d46d3ed430b3,2026-03-04T00:10:00+00:00,player_points_rebounds_assists,False,Pending,,,
b6df29b0fdf2fd3b00b97b1e81870cca_17896076_player_points_Over_16.5_hardrockbet_2026-03-03 19:09,2026-03-03T19:09:57.476132-05:00,CLE Cavaliers vs DET Pistons (7:10 PM EST),Evan Mobley,Points,Over,16.5,-105,HardRockBet,2.34,40.0,10,False,"FanDuel at -128, theScore at -130, Pinnacle at -108",17896076,b6df29b0fdf2fd3b00b97b1e81870cca,2026-03-04T00:10:00+00:00,player_points,False,Pending,,,
b6df29b0fdf2fd3b00b97b1e81870cca_192_player_points_Under_21.5_hardrockbet_2026-03-03 19:10,2026-03-03T19:10:06.846721-05:00,CLE Cavaliers vs DET Pistons (7:10 PM EST),James Harden,Points,Under,21.5,-120,HardRockBet,3.56,60.0,10,False,"theScore at -160, Pinnacle at -136",192,b6df29b0fdf2fd3b00b97b1e81870cca,2026-03-04T00:10:00+00:00,player_points,False,Pending,,,
637bb875ffdc47533ca3ed42d7bbcaa7_1028029127_player_points_Over_10.5_draftkings_2026-03-03 19:10,2026-03-03T19:10:44.841061-05:00,MIA Heat vs BKN Nets (7:40 PM EST),Kel'el Ware,Points,Over,10.5,-109,DraftKings,2.54,60.0,10,False,"FanDuel at -128, theScore at -140",1028029127,637bb875ffdc47533ca3ed42d7bbcaa7,2026-03-04T00:40:00+00:00,player_points,False,Pending,,,
637bb875ffdc47533ca3ed42d7bbcaa7_666633_player_rebounds_alternate_Over_3.5_hardrockbet_2026-03-03 19:11,2026-03-03T19:11:19.320843-05:00,MIA Heat vs BKN Nets (7:40 PM EST),Tyler Herro,Rebounds Alternate,Over,3.5,-155,HardRockBet,5.51,50.0,10,False,FanDuel at -215,666633,637bb875ffdc47533ca3ed42d7bbcaa7,2026-03-04T00:40:00+00:00,player_rebounds_alternate,False,Pending,,,
6e039621e88bb0b022d5b0d3eafd9596_61_player_assists_Under_3.5_hardrockbet_2026-03-03 19:11,2026-03-03T19:11:33.009170-05:00,TOR Raptors vs NYK Knicks (7:40 PM EST),Mikal Bridges,Assists,Under,3.5,-105,HardRockBet,4.13,60.0,10,False,"FanDuel at -136, DraftKings at -130, theScore at -125",61,6e039621e88bb0b022d5b0d3eafd9596,2026-03-04T00:40:00+00:00,player_assists,False,Pending,,,
6178a340912ea77ebb5169a9c65f3ec7_3547247_player_threes_Over_1.5_hardrockbet_2026-03-03 19:12,2026-03-03T19:12:15.235895-05:00,CHI Bulls vs OKC Thunder (8:10 PM EST),Isaac Okoro,Threes,Over,1.5,100,HardRockBet,3.46,40.0,10,False,"FanDuel at -122, DraftKings at -119, theScore at -125",3547247,6178a340912ea77ebb5169a9c65f3ec7,2026-03-04T01:10:00+00:00,player_threes,False,Pending,,,
6178a340912ea77ebb5169a9c65f3ec7_3547247_player_threes_alternate_Over_1.5_hardrockbet_2026-03-03 19:12,2026-03-03T19:12:24.229002-05:00,CHI Bulls vs OKC Thunder (8:10 PM EST),Isaac Okoro,Threes Alternate,Over,1.5,100,HardRockBet,3.83,40.0,10,False,FanDuel at -125,3547247,6178a340912ea77ebb5169a9c65f3ec7,2026-03-04T01:10:00+00:00,player_threes_alternate,False,Pending,,,
5b3a7e855054866a44f6443710ea000b_1057266649_player_rebounds_Under_5.5_betmgm_2026-03-03 19:12,2026-03-03T19:12:37.811769-05:00,MIN Timberwolves vs MEM Grizzlies (8:10 PM EST),Cedric Coward,Rebounds,Under,5.5,105,BetMGM,9.18,50.0,10,False,"FanDuel at -130, DraftKings at -133, theScore at -130",1057266649,5b3a7e855054866a44f6443710ea000b,2026-03-04T01:10:00+00:00,player_rebounds,False,Pending,,,
5b3a7e855054866a44f6443710ea000b_17895983_player_rebounds_Under_2.5_betmgm_2026-03-03 19:12,2026-03-03T19:12:45.364637-05:00,MIN Timberwolves vs MEM Grizzlies (8:10 PM EST),Ayo Dosunmu,Rebounds,Under,2.5,-105,BetMGM,7.94,70.0,10,False,"FanDuel at -140, DraftKings at -148",17895983,5b3a7e855054866a44f6443710ea000b,2026-03-04T01:10:00+00:00,player_rebounds,False,Pending,,,
5b3a7e855054866a44f6443710ea000b_667378_player_rebounds_Under_6.5_fanatics_2026-03-03 19:12,2026-03-03T19:12:51.003948-05:00,MIN Timberwolves vs MEM Grizzlies (8:10 PM EST),Naz Reid,Rebounds,Under,6.5,-110,Fanatics,3.52,50.0,10,False,"FanDuel at -140, DraftKings at -122, Pinnacle at -153",667378,5b3a7e855054866a44f6443710ea000b,2026-03-04T01:10:00+00:00,player_rebounds,False,Pending,,,
5b3a7e855054866a44f6443710ea000b_1057266649_player_rebounds_Under_5.5_hardrockbet_2026-03-03 19:12,2026-03-03T19:12:57.614119-05:00,MIN Timberwolves vs MEM Grizzlies (8:10 PM EST),Cedric Coward,Rebounds,Under,5.5,100,HardRockBet,6.52,50.0,10,False,"FanDuel at -130, DraftKings at -133, theScore at -130",1057266649,5b3a7e855054866a44f6443710ea000b,2026-03-04T01:10:00+00:00,player_rebounds,False,Pending,,,
5b3a7e855054866a44f6443710ea000b_17895983_player_rebounds_Under_2.5_hardrockbet_2026-03-03 19:13,2026-03-03T19:13:03.400206-05:00,MIN Timberwolves vs MEM Grizzlies (8:10 PM EST),Ayo Dosunmu,Rebounds,Under,2.5,-110,HardRockBet,5.54,70.0,10,False,"FanDuel at -140, DraftKings at -148",17895983,5b3a7e855054866a44f6443710ea000b,2026-03-04T01:10:00+00:00,player_rebounds,False,Pending,,,
5b3a7e855054866a44f6443710ea000b_131_player_assists_Under_4.5_fanatics_2026-03-03 19:13,2026-03-03T19:13:13.693565-05:00,MIN Timberwolves vs MEM Grizzlies (8:10 PM EST),Donte DiVincenzo,Assists,Under,4.5,-105,Fanatics,3.37,50.0,10,False,"FanDuel at -132, DraftKings at -129, theScore at -125, Pinnacle at -131",131,5b3a7e855054866a44f6443710ea000b,2026-03-04T01:10:00+00:00,player_assists,False,Pending,,,
5b3a7e855054866a44f6443710ea000b_131_player_points_rebounds_assists_Over_21.5_betparx_2026-03-03 19:13,2026-03-03T19:13:23.531945-05:00,MIN Timberwolves vs MEM Grizzlies (8:10 PM EST),Donte DiVincenzo,Points Rebounds Assists,Over,21.5,100,BetParx,4.13,50.0,10,False,"DraftKings at -126, theScore at -125",131,5b3a7e855054866a44f6443710ea000b,2026-03-04T01:10:00+00:00,player_points_rebounds_assists,False,Pending,,,
5b3a7e855054866a44f6443710ea000b_131_player_points_rebounds_assists_Over_21.5_betrivers_2026-03-03 19:13,2026-03-03T19:13:28.631889-05:00,MIN Timberwolves vs MEM Grizzlies (8:10 PM EST),Donte DiVincenzo,Points Rebounds Assists,Over,21.5,100,BetRivers,4.13,50.0,10,False,"DraftKings at -126, theScore at -125",131,5b3a7e855054866a44f6443710ea000b,2026-03-04T01:10:00+00:00,player_points_rebounds_assists,False,Pending,,,
5b3a7e855054866a44f6443710ea000b_131_player_points_rebounds_assists_Over_21.5_ballybet_2026-03-03 19:13,2026-03-03T19:13:34.792919-05:00,MIN Timberwolves vs MEM Grizzlies (8:10 PM EST),Donte DiVincenzo,Points Rebounds Assists,Over,21.5,100,BallyBet,4.13,50.0,10,False,"DraftKings at -126, theScore at -125",131,5b3a7e855054866a44f6443710ea000b,2026-03-04T01:10:00+00:00,player_points_rebounds_assists,False,Pending,,,
fe9fbae6e69b1684995b2fa8f45fb691_38017649_player_threes_Under_2.5_hardrockbet_2026-03-03 19:14,2026-03-03T19:14:09.591459-05:00,PHI 76ers vs SAS Spurs (8:10 PM EST),Julian Champagnie,Threes,Under,2.5,-125,HardRockBet,7.9,70.0,10,False,"FanDuel at -178, DraftKings at -166, theScore at -180",38017649,fe9fbae6e69b1684995b2fa8f45fb691,2026-03-04T01:10:00+00:00,player_threes,False,Pending,,,
1da265a6a1035935a4d2f806af7c3a74_472_player_rebounds_Over_3.5_hardrockbet_2026-03-03 19:14,2026-03-03T19:14:54.640741-05:00,SAC Kings vs PHX Suns (11:10 PM EST),Russell Westbrook,Rebounds,Over,3.5,105,HardRockBet,5.97,40.0,10,False,"FanDuel at -118, DraftKings at -148, theScore at -115",472,1da265a6a1035935a4d2f806af7c3a74,2026-03-04T04:10:00+00:00,player_rebounds,False,Pending,,,
637bb875ffdc47533ca3ed42d7bbcaa7_17896038_player_points_Under_8.5_hardrockbet_2026-03-03 19:35,2026-03-03T19:35:21.934415-05:00,MIA Heat vs BKN Nets (7:40 PM EST),Day'Ron Sharpe,Points,Under,8.5,-110,HardRockBet,3.16,50.0,10,False,"FanDuel at -136, DraftKings at -123, theScore at -145, Pinnacle at -130",17896038,637bb875ffdc47533ca3ed42d7bbcaa7,2026-03-04T00:40:00+00:00,player_points,False,Pending,,,
637bb875ffdc47533ca3ed42d7bbcaa7_1028029127_player_points_alternate_Over_9.5_hardrockbet_2026-03-03 19:35,2026-03-03T19:35:46.476805-05:00,MIA Heat vs BKN Nets (7:40 PM EST),Kel'el Ware,Points Alternate,Over,9.5,-120,HardRockBet,7.67,60.0,10,False,FanDuel at -166,1028029127,637bb875ffdc47533ca3ed42d7bbcaa7,2026-03-04T00:40:00+00:00,player_points_alternate,False,Pending,,,
637bb875ffdc47533ca3ed42d7bbcaa7_666633_player_rebounds_alternate_Over_3.5_hardrockbet_2026-03-03 19:35,2026-03-03T19:35:55.167971-05:00,MIA Heat vs BKN Nets (7:40 PM EST),Tyler Herro,Rebounds Alternate,Over,3.5,-155,HardRockBet,5.23,50.0,10,False,FanDuel at -210,666633,637bb875ffdc47533ca3ed42d7bbcaa7,2026-03-04T00:40:00+00:00,player_rebounds_alternate,False,Pending,,,
6e039621e88bb0b022d5b0d3eafd9596_373_player_points_Under_9.5_draftkings_2026-03-03 19:36,2026-03-03T19:36:10.131187-05:00,TOR Raptors vs NYK Knicks (7:40 PM EST),Jakob Poeltl,Points,Under,9.5,-106,DraftKings,3.0,60.0,10,False,"FanDuel at -132, theScore at -125, Pinnacle at -131",373,6e039621e88bb0b022d5b0d3eafd9596,2026-03-04T00:40:00+00:00,player_points,False,Pending,,,
6e039621e88bb0b022d5b0d3eafd9596_1028029111_player_points_Under_6.5_draftkings_2026-03-03 19:36,2026-03-03T19:36:17.059675-05:00,TOR Raptors vs NYK Knicks (7:40 PM EST),Ja'Kobe Walter,Points,Under,6.5,100,DraftKings,2.58,50.0,10,False,"FanDuel at -120, theScore at -120",1028029111,6e039621e88bb0b022d5b0d3eafd9596,2026-03-04T00:40:00+00:00,player_points,False,Pending,,,
6e039621e88bb0b022d5b0d3eafd9596_202_player_points_Over_10.5_hardrockbet_2026-03-03 19:36,2026-03-03T19:36:28.850315-05:00,TOR Raptors vs NYK Knicks (7:40 PM EST),Josh Hart,Points,Over,10.5,-120,HardRockBet,4.15,50.0,10,False,"theScore at -160, Pinnacle at -143",202,6e039621e88bb0b022d5b0d3eafd9596,2026-03-04T00:40:00+00:00,player_points,False,Pending,,,
6178a340912ea77ebb5169a9c65f3ec7_56677833_player_points_Under_14.5_hardrockbet_2026-03-03 19:36,2026-03-03T19:36:47.752823-05:00,CHI Bulls vs OKC Thunder (8:10 PM EST),Cason Wallace,Points,Under,14.5,105,HardRockBet,10.77,60.0,10,False,"DraftKings at -126, theScore at -145, Pinnacle at -129",56677833,6178a340912ea77ebb5169a9c65f3ec7,2026-03-04T01:10:00+00:00,player_points,False,Pending,,,
5b3a7e855054866a44f6443710ea000b_176_player_rebounds_Under_12.5_betmgm_2026-03-03 19:37,2026-03-03T19:37:21.641746-05:00,MIN Timberwolves vs MEM Grizzlies (8:10 PM EST),Rudy Gobert,Rebounds,Under,12.5,-115,BetMGM,2.16,50.0,10,False,"FanDuel at -142, DraftKings at -131, theScore at -140, Pinnacle at -143",176,5b3a7e855054866a44f6443710ea000b,2026-03-04T01:10:00+00:00,player_rebounds,False,Pending,,,
5b3a7e855054866a44f6443710ea000b_387_player_rebounds_Under_6.5_betmgm_2026-03-03 19:37,2026-03-03T19:37:28.445318-05:00,MIN Timberwolves vs MEM Grizzlies (8:10 PM EST),Julius Randle,Rebounds,Under,6.5,110,BetMGM,3.81,40.0,10,False,"FanDuel at -113, DraftKings at -111, Pinnacle at -103",387,5b3a7e855054866a44f6443710ea000b,2026-03-04T01:10:00+00:00,player_rebounds,False,Pending,,,
5b3a7e855054866a44f6443710ea000b_387_player_threes_alternate_Over_0.5_hardrockbet_2026-03-03 19:37,2026-03-03T19:37:45.574958-05:00,MIN Timberwolves vs MEM Grizzlies (8:10 PM EST),Julius Randle,Threes Alternate,Over,0.5,-220,HardRockBet,7.9,70.0,10,False,FanDuel at -370,387,5b3a7e855054866a44f6443710ea000b,2026-03-04T01:10:00+00:00,player_threes_alternate,False,Pending,,,
fe9fbae6e69b1684995b2fa8f45fb691_3547246_player_rebounds_Over_3.5_hardrockbet_2026-03-03 19:37,2026-03-03T19:37:59.590633-05:00,PHI 76ers vs SAS Spurs (8:12 PM EST),Devin Vassell,Rebounds,Over,3.5,105,HardRockBet,3.99,60.0,10,False,"FanDuel at -113, DraftKings at -126, theScore at -120",3547246,fe9fbae6e69b1684995b2fa8f45fb691,2026-03-04T01:12:00+00:00,player_rebounds,False,Pending,,,
fe9fbae6e69b1684995b2fa8f45fb691_3547254_player_assists_Under_6.5_betmgm_2026-03-03 19:38,2026-03-03T19:38:11.550723-05:00,PHI 76ers vs SAS Spurs (8:12 PM EST),Tyrese Maxey,Assists,Under,6.5,100,BetMGM,3.41,50.0,10,False,"FanDuel at -125, DraftKings at -124, theScore at -120, Pinnacle at -119",3547254,fe9fbae6e69b1684995b2fa8f45fb691,2026-03-04T01:12:00+00:00,player_assists,False,Pending,,,
fe9fbae6e69b1684995b2fa8f45fb691_38017649_player_threes_Under_2.5_hardrockbet_2026-03-03 19:38,2026-03-03T19:38:25.176491-05:00,PHI 76ers vs SAS Spurs (8:12 PM EST),Julian Champagnie,Threes,Under,2.5,-130,HardRockBet,5.7,70.0,10,False,"FanDuel at -174, DraftKings at -166, theScore at -180",38017649,fe9fbae6e69b1684995b2fa8f45fb691,2026-03-04T01:12:00+00:00,player_threes,False,Pending,,,
1da265a6a1035935a4d2f806af7c3a74_351_player_assists_Under_2.5_hardrockbet_2026-03-03 19:39,2026-03-03T19:39:19.181388-05:00,SAC Kings vs PHX Suns (11:10 PM EST),Royce O'Neale,Assists,Under,2.5,110,HardRockBet,3.11,60.0,10,False,"DraftKings at -111, theScore at -110",351,1da265a6a1035935a4d2f806af7c3a74,2026-03-04T04:10:00+00:00,player_assists,False,Pending,,,
6178a340912ea77ebb5169a9c65f3ec7_17896065_player_points_Under_16.5_draftkings_2026-03-03 19:59,2026-03-03T19:59:38.617220-05:00,CHI Bulls vs OKC Thunder (8:10 PM EST),Josh Giddey,Points,Under,16.5,-107,DraftKings,2.61,60.0,10,False,"FanDuel at -130, theScore at -130, Pinnacle at -125",17896065,6178a340912ea77ebb5169a9c65f3ec7,2026-03-04T01:10:00+00:00,player_points,False,Pending,,,
6178a340912ea77ebb5169a9c65f3ec7_56677833_player_points_Under_14.5_hardrockbet_2026-03-03 19:59,2026-03-03T19:59:51.087594-05:00,CHI Bulls vs OKC Thunder (8:10 PM EST),Cason Wallace,Points,Under,14.5,100,HardRockBet,6.58,60.0,10,False,"DraftKings at -124, theScore at -140, Pinnacle at -125",56677833,6178a340912ea77ebb5169a9c65f3ec7,2026-03-04T01:10:00+00:00,player_points,False,Pending,,,
6178a340912ea77ebb5169a9c65f3ec7_17896065_player_assists_Under_7.5_draftkings_2026-03-03 20:00,2026-03-03T20:00:22.635462-05:00,CHI Bulls vs OKC Thunder (8:10 PM EST),Josh Giddey,Assists,Under,7.5,-124,DraftKings,2.56,70.0,10,False,"theScore at -160, Pinnacle at -143",17896065,6178a340912ea77ebb5169a9c65f3ec7,2026-03-04T01:10:00+00:00,player_assists,False,Pending,,,
6178a340912ea77ebb5169a9c65f3ec7_3547247_player_threes_Over_1.5_hardrockbet_2026-03-03 20:00,2026-03-03T20:00:41.229982-05:00,CHI Bulls vs OKC Thunder (8:10 PM EST),Isaac Okoro,Threes,Over,1.5,105,HardRockBet,6.86,40.0,10,False,"FanDuel at -125, DraftKings at -123, theScore at -125",3547247,6178a340912ea77ebb5169a9c65f3ec7,2026-03-04T01:10:00+00:00,player_threes,False,Pending,,,
6178a340912ea77ebb5169a9c65f3ec7_3547247_player_threes_alternate_Over_1.5_hardrockbet_2026-03-03 20:00,2026-03-03T20:00:58.413963-05:00,CHI Bulls vs OKC Thunder (8:10 PM EST),Isaac Okoro,Threes Alternate,Over,1.5,105,HardRockBet,7.44,40.0,10,False,FanDuel at -128,3547247,6178a340912ea77ebb5169a9c65f3ec7,2026-03-04T01:10:00+00:00,player_threes_alternate,False,Pending,,,
63d7f24774bdc95465206323a257aa73_666609_player_points_Under_8.5_betparx_2026-03-03 20:22,2026-03-03T20:22:53.555865-05:00,LAL Lakers vs NOP Pelicans (10:40 PM EST),Rui Hachimura,Points,Under,8.5,104,BetParx,4.82,50.0,10,False,"FanDuel at -122, DraftKings at -114, theScore at -125, Pinnacle at -114",666609,63d7f24774bdc95465206323a257aa73,2026-03-04T03:40:00+00:00,player_points,False,Pending,,,
63d7f24774bdc95465206323a257aa73_666609_player_points_Under_8.5_betrivers_2026-03-03 20:23,2026-03-03T20:23:00.939963-05:00,LAL Lakers vs NOP Pelicans (10:40 PM EST),Rui Hachimura,Points,Under,8.5,102,BetRivers,3.79,50.0,10,False,"FanDuel at -122, DraftKings at -114, theScore at -125, Pinnacle at -114",666609,63d7f24774bdc95465206323a257aa73,2026-03-04T03:40:00+00:00,player_points,False,Pending,,,
1da265a6a1035935a4d2f806af7c3a74_38017727_player_rebounds_Under_4.5_hardrockbet_2026-03-03 20:23,2026-03-03T20:23:39.602070-05:00,SAC Kings vs PHX Suns (11:10 PM EST),Collin Gillespie,Rebounds,Under,4.5,-130,HardRockBet,2.36,70.0,10,False,"FanDuel at -172, DraftKings at -146, theScore at -150",38017727,1da265a6a1035935a4d2f806af7c3a74,2026-03-04T04:10:00+00:00,player_rebounds,False,Pending,,,
1da265a6a1035935a4d2f806af7c3a74_472_player_rebounds_assists_Over_8.5_hardrockbet_2026-03-03 20:44,2026-03-03T20:44:47.640667-05:00,SAC Kings vs PHX Suns (11:10 PM EST),Russell Westbrook,Rebounds Assists,Over,8.5,110,HardRockBet,3.16,40.0,10,False,"FanDuel at -104, DraftKings at -124, theScore at -110",472,1da265a6a1035935a4d2f806af7c3a74,2026-03-04T04:10:00+00:00,player_rebounds_assists,False,Pending,,,
63d7f24774bdc95465206323a257aa73_3547256_player_points_alternate_Over_14.5_hardrockbet_2026-03-03 21:05,2026-03-03T21:05:34.277260-05:00,LAL Lakers vs NOP Pelicans (10:40 PM EST),Saddiq Bey,Points Alternate,Over,14.5,-160,HardRockBet,2.77,70.0,10,False,FanDuel at -210,3547256,63d7f24774bdc95465206323a257aa73,2026-03-04T03:40:00+00:00,player_points_alternate,False,Pending,,,
1da265a6a1035935a4d2f806af7c3a74_472_player_points_Under_13.5_draftkings_2026-03-03 21:05,2026-03-03T21:05:49.306004-05:00,SAC Kings vs PHX Suns (11:10 PM EST),Russell Westbrook,Points,Under,13.5,-102,DraftKings,2.44,40.0,10,False,"FanDuel at -122, theScore at -125, Pinnacle at -116",472,1da265a6a1035935a4d2f806af7c3a74,2026-03-04T04:10:00+00:00,player_points,False,Pending,,,
1da265a6a1035935a4d2f806af7c3a74_17895966_player_points_Under_18.5_hardrockbet_2026-03-03 21:06,2026-03-03T21:06:02.485031-05:00,SAC Kings vs PHX Suns (11:10 PM EST),Jalen Green,Points,Under,18.5,-120,HardRockBet,2.7,90.0,10,False,"theScore at -150, Pinnacle at -144",17895966,1da265a6a1035935a4d2f806af7c3a74,2026-03-04T04:10:00+00:00,player_points,False,Pending,,,
1da265a6a1035935a4d2f806af7c3a74_472_player_points_rebounds_Under_17.5_draftkings_2026-03-03 21:06,2026-03-03T21:06:19.110807-05:00,SAC Kings vs PHX Suns (11:10 PM EST),Russell Westbrook,Points Rebounds,Under,17.5,-105,DraftKings,2.64,40.0,10,False,"FanDuel at -128, theScore at -125",472,1da265a6a1035935a4d2f806af7c3a74,2026-03-04T04:10:00+00:00,player_points_rebounds,False,Pending,,,
63d7f24774bdc95465206323a257aa73_22_player_points_Under_9.5_hardrockbet_2026-03-03 21:16,2026-03-03T21:16:51.331692-05:00,LAL Lakers vs NOP Pelicans (10:40 PM EST),Deandre Ayton,Points,Under,9.5,105,HardRockBet,3.81,50.0,10,False,"FanDuel at -122, DraftKings at -105, theScore at -120, Pinnacle at -111",22,63d7f24774bdc95465206323a257aa73,2026-03-04T03:40:00+00:00,player_points,False,Pending,,,
1da265a6a1035935a4d2f806af7c3a74_472_player_points_Under_13.5_draftkings_2026-03-03 21:17,2026-03-03T21:17:16.563211-05:00,SAC Kings vs PHX Suns (11:10 PM EST),Russell Westbrook,Points,Under,13.5,-102,DraftKings,2.44,40.0,10,False,"FanDuel at -122, theScore at -125, Pinnacle at -116",472,1da265a6a1035935a4d2f806af7c3a74,2026-03-04T04:10:00+00:00,player_points,False,Pending,,,
1da265a6a1035935a4d2f806af7c3a74_3547249_player_rebounds_Under_7.5_hardrockbet_2026-03-03 21:17,2026-03-03T21:17:26.915873-05:00,SAC Kings vs PHX Suns (11:10 PM EST),Precious Achiuwa,Rebounds,Under,7.5,110,HardRockBet,4.44,50.0,10,False,"FanDuel at -120, DraftKings at -102, theScore at -110, Pinnacle at -115",3547249,1da265a6a1035935a4d2f806af7c3a74,2026-03-04T04:10:00+00:00,player_rebounds,False,Pending,,,
1da265a6a1035935a4d2f806af7c3a74_351_player_assists_Under_2.5_hardrockbet_2026-03-03 21:17,2026-03-03T21:17:43.924142-05:00,SAC Kings vs PHX Suns (11:10 PM EST),Royce O'Neale,Assists,Under,2.5,110,HardRockBet,3.11,60.0,10,False,"DraftKings at -111, theScore at -110",351,1da265a6a1035935a4d2f806af7c3a74,2026-03-04T04:10:00+00:00,player_assists,False,Pending,,,
63d7f24774bdc95465206323a257aa73_22_player_points_Under_9.5_hardrockbet_2026-03-03 21:26,2026-03-03T21:26:38.682690-05:00,LAL Lakers vs NOP Pelicans (10:40 PM EST),Deandre Ayton,Points,Under,9.5,105,HardRockBet,3.81,50.0,10,False,"FanDuel at -122, DraftKings at -105, theScore at -120, Pinnacle at -111",22,63d7f24774bdc95465206323a257aa73,2026-03-04T03:40:00+00:00,player_points,False,Pending,,,
63d7f24774bdc95465206323a257aa73_666969_player_rebounds_Under_5.5_draftkings_2026-03-03 21:26,2026-03-03T21:26:47.245856-05:00,LAL Lakers vs NOP Pelicans (10:40 PM EST),Zion Williamson,Rebounds,Under,5.5,-126,DraftKings,2.76,70.0,10,False,"FanDuel at -154, theScore at -160",666969,63d7f24774bdc95465206323a257aa73,2026-03-04T03:40:00+00:00,player_rebounds,False,Pending,,,
63d7f24774bdc95465206323a257aa73_3547256_player_points_alternate_Over_14.5_hardrockbet_2026-03-03 21:27,2026-03-03T21:27:09.318125-05:00,LAL Lakers vs NOP Pelicans (10:40 PM EST),Saddiq Bey,Points Alternate,Over,14.5,-160,HardRockBet,2.18,70.0,10,False,FanDuel at -205,3547256,63d7f24774bdc95465206323a257aa73,2026-03-04T03:40:00+00:00,player_points_alternate,False,Pending,,,
63d7f24774bdc95465206323a257aa73_22_player_rebounds_Over_7.5_hardrockbet_2026-03-03 21:47,2026-03-03T21:47:37.223891-05:00,LAL Lakers vs NOP Pelicans (10:40 PM EST),Deandre Ayton,Rebounds,Over,7.5,110,HardRockBet,3.11,40.0,10,False,"FanDuel at -113, DraftKings at -105, theScore at -110, Pinnacle at -107",22,63d7f24774bdc95465206323a257aa73,2026-03-04T03:40:00+00:00,player_rebounds,False,Pending,,,
63d7f24774bdc95465206323a257aa73_237_player_rebounds_assists_Over_11.5_betmgm_2026-03-03 21:47,2026-03-03T21:47:52.121323-05:00,LAL Lakers vs NOP Pelicans (10:40 PM EST),LeBron James,Rebounds Assists,Over,11.5,-110,BetMGM,3.41,60.0,10,False,"FanDuel at -132, DraftKings at -125, theScore at -150",237,63d7f24774bdc95465206323a257aa73,2026-03-04T03:40:00+00:00,player_rebounds_assists,False,Pending,,,
63d7f24774bdc95465206323a257aa73_237_player_rebounds_assists_Over_11.5_hardrockbet_2026-03-03 21:47,2026-03-03T21:47:56.894558-05:00,LAL Lakers vs NOP Pelicans (10:40 PM EST),LeBron James,Rebounds Assists,Over,11.5,-110,HardRockBet,3.41,60.0,10,False,"FanDuel at -132, DraftKings at -125, theScore at -150",237,63d7f24774bdc95465206323a257aa73,2026-03-04T03:40:00+00:00,player_rebounds_assists,False,Pending,,,
63d7f24774bdc95465206323a257aa73_18677986_player_rebounds_alternate_Over_3.5_hardrockbet_2026-03-03 21:48,2026-03-03T21:48:10.330205-05:00,LAL Lakers vs NOP Pelicans (10:40 PM EST),Trey Murphy III,Rebounds Alternate,Over,3.5,-125,HardRockBet,2.47,60.0,10,False,FanDuel at -154,18677986,63d7f24774bdc95465206323a257aa73,2026-03-04T03:40:00+00:00,player_rebounds_alternate,False,Pending,,,
63d7f24774bdc95465206323a257aa73_22_player_rebounds_alternate_Over_7.5_hardrockbet_2026-03-03 21:48,2026-03-03T21:48:14.816224-05:00,LAL Lakers vs NOP Pelicans (10:40 PM EST),Deandre Ayton,Rebounds Alternate,Over,7.5,110,HardRockBet,4.78,40.0,10,False,FanDuel at -113,22,63d7f24774bdc95465206323a257aa73,2026-03-04T03:40:00+00:00,player_rebounds_alternate,False,Pending,,,
63d7f24774bdc95465206323a257aa73_22_player_rebounds_alternate_Over_6.5_hardrockbet_2026-03-03 21:48,2026-03-03T21:48:19.198758-05:00,LAL Lakers vs NOP Pelicans (10:40 PM EST),Deandre Ayton,Rebounds Alternate,Over,6.5,-155,HardRockBet,4.05,60.0,10,False,FanDuel at -210,22,63d7f24774bdc95465206323a257aa73,2026-03-04T03:40:00+00:00,player_rebounds_alternate,False,Pending,,,
63d7f24774bdc95465206323a257aa73_666609_player_rebounds_Over_2.5_betmgm_2026-03-03 22:08,2026-03-03T22:08:59.063143-05:00,LAL Lakers vs NOP Pelicans (10:40 PM EST),Rui Hachimura,Rebounds,Over,2.5,-110,BetMGM,2.73,50.0,10,False,"DraftKings at -129, theScore at -140",666609,63d7f24774bdc95465206323a257aa73,2026-03-04T03:40:00+00:00,player_rebounds,False,Pending,,,
63d7f24774bdc95465206323a257aa73_666609_player_rebounds_Over_2.5_hardrockbet_2026-03-03 22:09,2026-03-03T22:09:07.986550-05:00,LAL Lakers vs NOP Pelicans (10:40 PM EST),Rui Hachimura,Rebounds,Over,2.5,-110,HardRockBet,2.73,50.0,10,False,"DraftKings at -129, theScore at -140",666609,63d7f24774bdc95465206323a257aa73,2026-03-04T03:40:00+00:00,player_rebounds,False,Pending,,,
63d7f24774bdc95465206323a257aa73_3547256_player_points_alternate_Over_14.5_draftkings_2026-03-03 22:09,2026-03-03T22:09:20.701860-05:00,LAL Lakers vs NOP Pelicans (10:40 PM EST),Saddiq Bey,Points Alternate,Over,14.5,-155,DraftKings,3.44,70.0,10,False,FanDuel at -205,3547256,63d7f24774bdc95465206323a257aa73,2026-03-04T03:40:00+00:00,player_points_alternate,False,Pending,,,
63d7f24774bdc95465206323a257aa73_3547256_player_points_alternate_Over_14.5_fanatics_2026-03-03 22:09,2026-03-03T22:09:26.466248-05:00,LAL Lakers vs NOP Pelicans (10:40 PM EST),Saddiq Bey,Points Alternate,Over,14.5,-150,Fanatics,4.8,70.0,10,False,FanDuel at -205,3547256,63d7f24774bdc95465206323a257aa73,2026-03-04T03:40:00+00:00,player_points_alternate,False,Pending,,,
63d7f24774bdc95465206323a257aa73_3547256_player_points_alternate_Over_15.5_fanatics_2026-03-03 22:09,2026-03-03T22:09:31.108058-05:00,LAL Lakers vs NOP Pelicans (10:40 PM EST),Saddiq Bey,Points Alternate,Over,15.5,-120,Fanatics,3.95,70.0,10,False,FanDuel at -154,3547256,63d7f24774bdc95465206323a257aa73,2026-03-04T03:40:00+00:00,player_points_alternate,False,Pending,,,
63d7f24774bdc95465206323a257aa73_17553995_player_rebounds_alternate_Over_3.5_espnbet_2026-03-03 22:09,2026-03-03T22:09:39.648421-05:00,LAL Lakers vs NOP Pelicans (10:40 PM EST),Austin Reaves,Rebounds Alternate,Over,3.5,-140,theScore,2.46,50.0,10,False,FanDuel at -178,17553995,63d7f24774bdc95465206323a257aa73,2026-03-04T03:40:00+00:00,player_rebounds_alternate,False,Pending,,,
1da265a6a1035935a4d2f806af7c3a74_3547249_player_points_Under_11.5_betmgm_2026-03-03 22:09,2026-03-03T22:09:48.736296-05:00,SAC Kings vs PHX Suns (11:10 PM EST),Precious Achiuwa,Points,Under,11.5,-115,BetMGM,3.49,60.0,10,False,"DraftKings at -130, theScore at -160, Pinnacle at -131",3547249,1da265a6a1035935a4d2f806af7c3a74,2026-03-04T04:10:00+00:00,player_points,False,Pending,,,
1da265a6a1035935a4d2f806af7c3a74_3547249_player_points_Under_11.5_hardrockbet_2026-03-03 22:09,2026-03-03T22:09:54.614503-05:00,SAC Kings vs PHX Suns (11:10 PM EST),Precious Achiuwa,Points,Under,11.5,-115,HardRockBet,3.49,60.0,10,False,"DraftKings at -130, theScore at -160, Pinnacle at -131",3547249,1da265a6a1035935a4d2f806af7c3a74,2026-03-04T04:10:00+00:00,player_points,False,Pending,,,
1da265a6a1035935a4d2f806af7c3a74_3547249_player_points_Under_10.5_betparx_2026-03-03 22:10,2026-03-03T22:10:04.905552-05:00,SAC Kings vs PHX Suns (11:10 PM EST),Precious Achiuwa,Points,Under,10.5,104,BetParx,2.0,60.0,10,False,"FanDuel at -113, theScore at -115",3547249,1da265a6a1035935a4d2f806af7c3a74,2026-03-04T04:10:00+00:00,player_points,False,Pending,,,
1da265a6a1035935a4d2f806af7c3a74_1057390745_player_rebounds_Under_10.5_hardrockbet_2026-03-03 22:10,2026-03-03T22:10:21.894031-05:00,SAC Kings vs PHX Suns (11:10 PM EST),Maxime Raynaud,Rebounds,Under,10.5,-125,HardRockBet,5.43,50.0,10,False,"theScore at -170, Pinnacle at -157",1057390745,1da265a6a1035935a4d2f806af7c3a74,2026-03-04T04:10:00+00:00,player_rebounds,False,Pending,,,
63d7f24774bdc95465206323a257aa73_18677986_player_rebounds_assists_Over_7.5_betmgm_2026-03-03 22:31,2026-03-03T22:31:01.415732-05:00,LAL Lakers vs NOP Pelicans (10:40 PM EST),Trey Murphy III,Rebounds Assists,Over,7.5,-105,BetMGM,2.06,70.0,10,False,"FanDuel at -122, DraftKings at -134, theScore at -125",18677986,63d7f24774bdc95465206323a257aa73,2026-03-04T03:40:00+00:00,player_rebounds_assists,False,Pending,,,
63d7f24774bdc95465206323a257aa73_666969_player_rebounds_assists_Over_8.5_betmgm_2026-03-03 22:31,2026-03-03T22:31:10.947479-05:00,LAL Lakers vs NOP Pelicans (10:40 PM EST),Zion Williamson,Rebounds Assists,Over,8.5,-115,BetMGM,3.9,40.0,10,False,"DraftKings at -138, theScore at -150",666969,63d7f24774bdc95465206323a257aa73,2026-03-04T03:40:00+00:00,player_rebounds_assists,False,Pending,,,
63d7f24774bdc95465206323a257aa73_18677986_player_rebounds_assists_Over_7.5_hardrockbet_2026-03-03 22:31,2026-03-03T22:31:15.306850-05:00,LAL Lakers vs NOP Pelicans (10:40 PM EST),Trey Murphy III,Rebounds Assists,Over,7.5,-105,HardRockBet,2.06,70.0,10,False,"FanDuel at -122, DraftKings at -134, theScore at -125",18677986,63d7f24774bdc95465206323a257aa73,2026-03-04T03:40:00+00:00,player_rebounds_assists,False,Pending,,,
63d7f24774bdc95465206323a257aa73_17553995_player_rebounds_alternate_Over_3.5_espnbet_2026-03-03 22:31,2026-03-03T22:31:33.120481-05:00,LAL Lakers vs NOP Pelicans (10:40 PM EST),Austin Reaves,Rebounds Alternate,Over,3.5,-140,theScore,2.97,50.0,10,False,FanDuel at -180,17553995,63d7f24774bdc95465206323a257aa73,2026-03-04T03:40:00+00:00,player_rebounds_alternate,False,Pending,,,
1da265a6a1035935a4d2f806af7c3a74_38017727_player_rebounds_Under_4.5_hardrockbet_2026-03-03 22:52,2026-03-03T22:52:32.872913-05:00,SAC Kings vs PHX Suns (11:10 PM EST),Collin Gillespie,Rebounds,Under,4.5,-125,HardRockBet,5.79,70.0,10,False,"FanDuel at -174, DraftKings at -160, theScore at -160",38017727,1da265a6a1035935a4d2f806af7c3a74,2026-03-04T04:10:00+00:00,player_rebounds,False,Pending,,,
1da265a6a1035935a4d2f806af7c3a74_38017727_player_points_alternate_Over_14.5_fanatics_2026-03-03 22:52,2026-03-03T22:52:45.962415-05:00,SAC Kings vs PHX Suns (11:10 PM EST),Collin Gillespie,Points Alternate,Over,14.5,-105,Fanatics,3.12,50.0,10,False,FanDuel at -130,38017727,1da265a6a1035935a4d2f806af7c3a74,2026-03-04T04:10:00+00:00,player_points_alternate,False,Pending,,,
5e27bbc527b9df8725ac9fcf03174b8c_89_player_points_Under_6.5_betmgm_2026-03-04 12:29,2026-03-04T12:29:18.982376-05:00,NYK Knicks vs OKC Thunder (7:10 PM EST),Alex Caruso,Points,Under,6.5,-110,BetMGM,5.08,40.0,10,False,"DraftKings at -128, theScore at -150",89,5e27bbc527b9df8725ac9fcf03174b8c,2026-03-05T00:10:00+00:00,player_points,False,Pending,,,
205af1eb3893119c935c720bddf95254_17553967_player_rebounds_Under_7.5_betrivers_2026-03-04 12:29,2026-03-04T12:29:32.877986-05:00,BOS Celtics vs CHA Hornets (7:40 PM EST),Neemias Queta,Rebounds,Under,7.5,108,BetRivers,4.25,50.0,10,False,"FanDuel at -118, DraftKings at -112, theScore at -115, Pinnacle at -114",17553967,205af1eb3893119c935c720bddf95254,2026-03-05T00:40:00+00:00,player_rebounds,False,Pending,,,
205af1eb3893119c935c720bddf95254_17553967_player_rebounds_Under_7.5_betparx_2026-03-04 12:29,2026-03-04T12:29:39.256634-05:00,BOS Celtics vs CHA Hornets (7:40 PM EST),Neemias Queta,Rebounds,Under,7.5,110,BetParx,5.25,50.0,10,False,"FanDuel at -118, DraftKings at -112, theScore at -115, Pinnacle at -114",17553967,205af1eb3893119c935c720bddf95254,2026-03-05T00:40:00+00:00,player_rebounds,False,Pending,,,
e94b132f71de8a19ec817d79677921d9_666849_player_rebounds_Over_4.5_betmgm_2026-03-04 12:30,2026-03-04T12:30:15.109658-05:00,MIL Bucks vs ATL Hawks (9:40 PM EST),Kevin Porter Jr.,Rebounds,Over,4.5,100,BetMGM,6.22,50.0,10,False,"FanDuel at -130, DraftKings at -136, theScore at -130",666849,e94b132f71de8a19ec817d79677921d9,2026-03-05T02:40:00+00:00,player_rebounds,False,Pending,,,
e94b132f71de8a19ec817d79677921d9_666849_player_rebounds_Over_4.5_hardrockbet_2026-03-04 12:30,2026-03-04T12:30:20.269282-05:00,MIL Bucks vs ATL Hawks (9:40 PM EST),Kevin Porter Jr.,Rebounds,Over,4.5,-105,HardRockBet,3.69,50.0,10,False,"FanDuel at -130, DraftKings at -136, theScore at -130",666849,e94b132f71de8a19ec817d79677921d9,2026-03-05T02:40:00+00:00,player_rebounds,False,Pending,,,
e94b132f71de8a19ec817d79677921d9_303_player_points_rebounds_assists_Under_23.5_betmgm_2026-03-04 12:30,2026-03-04T12:30:30.528806-05:00,MIL Bucks vs ATL Hawks (9:40 PM EST),C.J. McCollum,Points Rebounds Assists,Under,23.5,110,BetMGM,4.6,40.0,10,False,"DraftKings at -112, theScore at -115",303,e94b132f71de8a19ec817d79677921d9,2026-03-05T02:40:00+00:00,player_points_rebounds_assists,False,Pending,,,
e94b132f71de8a19ec817d79677921d9_3547244_player_rebounds_Under_7.5_betrivers_2026-03-04 12:35,2026-03-04T12:35:49.568574-05:00,MIL Bucks vs ATL Hawks (9:40 PM EST),Onyeka Okongwu,Rebounds,Under,7.5,-117,BetRivers,2.97,50.0,10,False,"FanDuel at -160, DraftKings at -141, theScore at -140, Pinnacle at -127",3547244,e94b132f71de8a19ec817d79677921d9,2026-03-05T02:40:00+00:00,player_rebounds,False,Pending,,,
e94b132f71de8a19ec817d79677921d9_3547244_player_rebounds_Under_7.5_betparx_2026-03-04 12:35,2026-03-04T12:35:54.785496-05:00,MIL Bucks vs ATL Hawks (9:40 PM EST),Onyeka Okongwu,Rebounds,Under,7.5,-115,BetParx,3.8,50.0,10,False,"FanDuel at -160, DraftKings at -141, theScore at -140, Pinnacle at -127",3547244,e94b132f71de8a19ec817d79677921d9,2026-03-05T02:40:00+00:00,player_rebounds,False,Pending,,,
e94b132f71de8a19ec817d79677921d9_3547244_player_points_rebounds_assists_Under_24.5_betparx_2026-03-04 12:36,2026-03-04T12:36:00.389331-05:00,MIL Bucks vs ATL Hawks (9:40 PM EST),Onyeka Okongwu,Points Rebounds Assists,Under,24.5,100,BetParx,3.6,50.0,10,False,"DraftKings at -122, theScore at -125",3547244,e94b132f71de8a19ec817d79677921d9,2026-03-05T02:40:00+00:00,player_points_rebounds_assists,False,Pending,,,
e94b132f71de8a19ec817d79677921d9_666400_player_points_rebounds_assists_Under_24.5_betparx_2026-03-04 12:41,2026-03-04T12:41:46.392330-05:00,MIL Bucks vs ATL Hawks (9:40 PM EST),Nickeil Alexander-Walker,Points Rebounds Assists,Under,24.5,102,BetParx,2.51,40.0,10,False,"DraftKings at -116, theScore at -120",666400,e94b132f71de8a19ec817d79677921d9,2026-03-05T02:40:00+00:00,player_points_rebounds_assists,False,Pending,,,
205af1eb3893119c935c720bddf95254_1028028434_player_rebounds_Under_4.5_draftkings_2026-03-04 12:47,2026-03-04T12:47:06.596230-05:00,BOS Celtics vs CHA Hornets (7:40 PM EST),Baylor Scheierman,Rebounds,Under,4.5,-115,DraftKings,2.73,40.0,10,False,"FanDuel at -148, theScore at -130",1028028434,205af1eb3893119c935c720bddf95254,2026-03-05T00:40:00+00:00,player_rebounds,False,Pending,,,
417802e27d447db450466ad4fd7a4f8d_1028025362_player_points_Under_13.5_hardrockbet_2026-03-04 12:47,2026-03-04T12:47:23.758627-05:00,PHI 76ers vs UTA Jazz (7:40 PM EST),Isaiah Collier,Points,Under,13.5,-120,HardRockBet,2.34,40.0,10,False,"DraftKings at -125, theScore at -165, Pinnacle at -141",1028025362,417802e27d447db450466ad4fd7a4f8d,2026-03-05T00:40:00+00:00,player_points,False,Pending,,,
417802e27d447db450466ad4fd7a4f8d_1028025362_player_points_Under_13.5_draftkings_2026-03-04 12:47,2026-03-04T12:47:28.432061-05:00,PHI 76ers vs UTA Jazz (7:40 PM EST),Isaiah Collier,Points,Under,13.5,-125,DraftKings,3.13,40.0,10,False,"theScore at -165, Pinnacle at -141",1028025362,417802e27d447db450466ad4fd7a4f8d,2026-03-05T00:40:00+00:00,player_points,False,Pending,,,
417802e27d447db450466ad4fd7a4f8d_1028025362_player_points_Under_13.5_betmgm_2026-03-04 12:47,2026-03-04T12:47:33.053364-05:00,PHI 76ers vs UTA Jazz (7:40 PM EST),Isaiah Collier,Points,Under,13.5,-120,BetMGM,2.34,40.0,10,False,"DraftKings at -125, theScore at -165, Pinnacle at -141",1028025362,417802e27d447db450466ad4fd7a4f8d,2026-03-05T00:40:00+00:00,player_points,False,Pending,,,
417802e27d447db450466ad4fd7a4f8d_1028025362_player_points_Under_13.5_hardrockbet_2026-03-04 12:53,2026-03-04T12:53:13.222867-05:00,PHI 76ers vs UTA Jazz (7:40 PM EST),Isaiah Collier,Points,Under,13.5,-120,HardRockBet,3.95,40.0,10,False,"theScore at -160, Pinnacle at -141",1028025362,417802e27d447db450466ad4fd7a4f8d,2026-03-05T00:40:00+00:00,player_points,False,Pending,,,
417802e27d447db450466ad4fd7a4f8d_1028025362_player_points_Under_13.5_betmgm_2026-03-04 12:53,2026-03-04T12:53:18.213690-05:00,PHI 76ers vs UTA Jazz (7:40 PM EST),Isaiah Collier,Points,Under,13.5,-120,BetMGM,3.95,40.0,10,False,"theScore at -160, Pinnacle at -141",1028025362,417802e27d447db450466ad4fd7a4f8d,2026-03-05T00:40:00+00:00,player_points,False,Pending,,,
417802e27d447db450466ad4fd7a4f8d_17895858_player_points_Under_16.5_betparx_2026-03-04 12:53,2026-03-04T12:53:27.032009-05:00,PHI 76ers vs UTA Jazz (7:40 PM EST),Quentin Grimes,Points,Under,16.5,-107,BetParx,2.82,90.0,10,False,"FanDuel at -125, DraftKings at -125, theScore at -145, Pinnacle at -130",17895858,417802e27d447db450466ad4fd7a4f8d,2026-03-05T00:40:00+00:00,player_points,False,Pending,,,
417802e27d447db450466ad4fd7a4f8d_17895858_player_points_Under_16.5_betrivers_2026-03-04 12:53,2026-03-04T12:53:31.708699-05:00,PHI 76ers vs UTA Jazz (7:40 PM EST),Quentin Grimes,Points,Under,16.5,-108,BetRivers,2.36,90.0,10,False,"FanDuel at -125, DraftKings at -125, theScore at -145, Pinnacle at -130",17895858,417802e27d447db450466ad4fd7a4f8d,2026-03-05T00:40:00+00:00,player_points,False,Pending,,,
417802e27d447db450466ad4fd7a4f8d_1028025362_player_points_Under_13.5_betmgm_2026-03-04 13:25,2026-03-04T13:25:52.371602-05:00,PHI 76ers vs UTA Jazz (7:40 PM EST),Isaiah Collier,Points,Under,13.5,-118,BetMGM,5.85,40.0,10,False,"theScore at -165, Pinnacle at -141",1028025362,417802e27d447db450466ad4fd7a4f8d,2026-03-05T00:40:00+00:00,player_points,False,Pending,,,
e94b132f71de8a19ec817d79677921d9_3547244_player_rebounds_Under_7.5_betmgm_2026-03-04 13:26,2026-03-04T13:26:22.864889-05:00,MIL Bucks vs ATL Hawks (9:40 PM EST),Onyeka Okongwu,Rebounds,Under,7.5,-120,BetMGM,3.48,50.0,10,False,"FanDuel at -160, DraftKings at -153, theScore at -150, Pinnacle at -126",3547244,e94b132f71de8a19ec817d79677921d9,2026-03-05T02:40:00+00:00,player_rebounds,False,Pending,,,
e94b132f71de8a19ec817d79677921d9_666400_player_points_rebounds_assists_Under_24.5_betrivers_2026-03-04 13:31,2026-03-04T13:31:37.553089-05:00,MIL Bucks vs ATL Hawks (9:40 PM EST),Nickeil Alexander-Walker,Points Rebounds Assists,Under,24.5,100,BetRivers,3.6,40.0,10,False,"DraftKings at -122, theScore at -125",666400,e94b132f71de8a19ec817d79677921d9,2026-03-05T02:40:00+00:00,player_points_rebounds_assists,False,Pending,,,
e94b132f71de8a19ec817d79677921d9_666400_player_points_rebounds_assists_Under_24.5_betparx_2026-03-04 13:31,2026-03-04T13:31:42.063409-05:00,MIL Bucks vs ATL Hawks (9:40 PM EST),Nickeil Alexander-Walker,Points Rebounds Assists,Under,24.5,102,BetParx,4.64,40.0,10,False,"DraftKings at -122, theScore at -125",666400,e94b132f71de8a19ec817d79677921d9,2026-03-05T02:40:00+00:00,player_points_rebounds_assists,False,Pending,,,
e94b132f71de8a19ec817d79677921d9_666400_player_points_rebounds_assists_Under_24.5_betparx_2026-03-04 13:37,2026-03-04T13:37:37.825821-05:00,MIL Bucks vs ATL Hawks (9:40 PM EST),Nickeil Alexander-Walker,Points Rebounds Assists,Under,24.5,100,BetParx,2.33,40.0,10,False,"DraftKings at -122, theScore at -120",666400,e94b132f71de8a19ec817d79677921d9,2026-03-05T02:40:00+00:00,player_points_rebounds_assists,False,Pending,,,
4a6dcac94e4279ba0acbd1f6376b6df2_1057396055_player_points_Under_6.5_betmgm_2026-03-04 13:37,2026-03-04T13:37:46.772424-05:00,LAC Clippers vs IND Pacers (10:40 PM EST),Kobe Sanders,Points,Under,6.5,100,BetMGM,2.52,40.0,10,False,"FanDuel at -125, DraftKings at -113, theScore at -120",1057396055,4a6dcac94e4279ba0acbd1f6376b6df2,2026-03-05T03:40:00+00:00,player_points,False,Pending,,,
417802e27d447db450466ad4fd7a4f8d_137_player_rebounds_Under_10.5_betparx_2026-03-04 13:43,2026-03-04T13:43:13.956947-05:00,PHI 76ers vs UTA Jazz (7:40 PM EST),Andre Drummond,Rebounds,Under,10.5,104,BetParx,2.5,60.0,10,False,"FanDuel at -118, DraftKings at -113, theScore at -115, Pinnacle at -119",137,417802e27d447db450466ad4fd7a4f8d,2026-03-05T00:40:00+00:00,player_rebounds,False,Pending,,,
417802e27d447db450466ad4fd7a4f8d_137_player_rebounds_Under_10.5_betrivers_2026-03-04 13:49,2026-03-04T13:49:00.446734-05:00,PHI 76ers vs UTA Jazz (7:40 PM EST),Andre Drummond,Rebounds,Under,10.5,104,BetRivers,2.58,60.0,10,False,"FanDuel at -118, DraftKings at -113, theScore at -115, Pinnacle at -121",137,417802e27d447db450466ad4fd7a4f8d,2026-03-05T00:40:00+00:00,player_rebounds,False,Pending,,,
5e27bbc527b9df8725ac9fcf03174b8c_201_player_rebounds_assists_Under_11.5_betmgm_2026-03-04 13:58,2026-03-04T13:58:41.689603-05:00,NYK Knicks vs OKC Thunder (7:10 PM EST),Isaiah Hartenstein,Rebounds Assists,Under,11.5,110,BetMGM,9.19,50.0,10,False,"FanDuel at -130, DraftKings at -122, theScore at -120",201,5e27bbc527b9df8725ac9fcf03174b8c,2026-03-05T00:10:00+00:00,player_rebounds_assists,False,Pending,,,
e94b132f71de8a19ec817d79677921d9_303_player_threes_Under_2.5_betparx_2026-03-04 13:59,2026-03-04T13:59:41.131902-05:00,MIL Bucks vs ATL Hawks (9:40 PM EST),C.J. McCollum,Threes,Under,2.5,-105,BetParx,2.25,60.0,10,False,"FanDuel at -130, DraftKings at -123, theScore at -125, Pinnacle at -132",303,e94b132f71de8a19ec817d79677921d9,2026-03-05T02:40:00+00:00,player_threes,False,Pending,,,
5e27bbc527b9df8725ac9fcf03174b8c_175_player_points_Over_30.5_betmgm_2026-03-04 14:04,2026-03-04T14:04:59.786813-05:00,NYK Knicks vs OKC Thunder (7:10 PM EST),Shai Gilgeous-Alexander,Points,Over,30.5,-105,BetMGM,2.39,40.0,10,False,"FanDuel at -125, theScore at -140, Pinnacle at -108",175,5e27bbc527b9df8725ac9fcf03174b8c,2026-03-05T00:10:00+00:00,player_points,False,Pending,,,
5e27bbc527b9df8725ac9fcf03174b8c_201_player_rebounds_assists_Under_11.5_betmgm_2026-03-04 14:05,2026-03-04T14:05:05.337290-05:00,NYK Knicks vs OKC Thunder (7:10 PM EST),Isaiah Hartenstein,Rebounds Assists,Under,11.5,100,BetMGM,4.4,50.0,10,False,"FanDuel at -132, DraftKings at -122, theScore at -120",201,5e27bbc527b9df8725ac9fcf03174b8c,2026-03-05T00:10:00+00:00,player_rebounds_assists,False,Pending,,,
2a2434eaef59c9cbb34c5410c32f2529_3547242_player_threes_Over_1.5_hardrockbet_2026-03-04 14:05,2026-03-04T14:05:15.918289-05:00,MEM Grizzlies vs POR Blazers (8:10 PM EST),Deni Avdija,Threes,Over,1.5,-130,HardRockBet,2.47,60.0,10,False,"FanDuel at -174, DraftKings at -154, theScore at -150",3547242,2a2434eaef59c9cbb34c5410c32f2529,2026-03-05T01:10:00+00:00,player_threes,False,Pending,,,
5e27bbc527b9df8725ac9fcf03174b8c_201_player_rebounds_assists_Under_11.5_betmgm_2026-03-04 14:16,2026-03-04T14:16:23.605868-05:00,NYK Knicks vs OKC Thunder (7:10 PM EST),Isaiah Hartenstein,Rebounds Assists,Under,11.5,100,BetMGM,4.97,50.0,10,False,"FanDuel at -136, DraftKings at -122, theScore at -120",201,5e27bbc527b9df8725ac9fcf03174b8c,2026-03-05T00:10:00+00:00,player_rebounds_assists,False,Pending,,,
e94b132f71de8a19ec817d79677921d9_15_player_rebounds_Under_10.5_betmgm_2026-03-04 14:16,2026-03-04T14:16:45.280764-05:00,MIL Bucks vs ATL Hawks (9:40 PM EST),Giannis Antetokounmpo,Rebounds,Under,10.5,-125,BetMGM,3.19,50.0,10,False,"theScore at -165, Pinnacle at -141",15,e94b132f71de8a19ec817d79677921d9,2026-03-05T02:40:00+00:00,player_rebounds,False,Pending,,,
5e27bbc527b9df8725ac9fcf03174b8c_201_player_rebounds_assists_Under_11.5_betmgm_2026-03-04 14:27,2026-03-04T14:27:46.617280-05:00,NYK Knicks vs OKC Thunder (7:10 PM EST),Isaiah Hartenstein,Rebounds Assists,Under,11.5,100,BetMGM,4.4,50.0,10,False,"FanDuel at -132, DraftKings at -122, theScore at -120",201,5e27bbc527b9df8725ac9fcf03174b8c,2026-03-05T00:10:00+00:00,player_rebounds_assists,False,Pending,,,
2a2434eaef59c9cbb34c5410c32f2529_476_player_points_Under_6.5_betparx_2026-03-04 14:28,2026-03-04T14:28:17.535680-05:00,MEM Grizzlies vs POR Blazers (8:10 PM EST),Robert Williams,Points,Under,6.5,-125,BetParx,2.17,50.0,10,False,"DraftKings at -143, theScore at -160",476,2a2434eaef59c9cbb34c5410c32f2529,2026-03-05T01:10:00+00:00,player_points,False,Pending,,,
2a2434eaef59c9cbb34c5410c32f2529_476_player_points_Under_6.5_betrivers_2026-03-04 14:28,2026-03-04T14:28:22.465845-05:00,MEM Grizzlies vs POR Blazers (8:10 PM EST),Robert Williams,Points,Under,6.5,-125,BetRivers,2.17,50.0,10,False,"DraftKings at -143, theScore at -160",476,2a2434eaef59c9cbb34c5410c32f2529,2026-03-05T01:10:00+00:00,player_points,False,Pending,,,
205af1eb3893119c935c720bddf95254_17553967_player_points_Over_8.5_betmgm_2026-03-04 14:39,2026-03-04T14:39:21.497118-05:00,BOS Celtics vs CHA Hornets (7:40 PM EST),Neemias Queta,Points,Over,8.5,-125,BetMGM,2.86,60.0,10,False,"theScore at -170, Pinnacle at -126",17553967,205af1eb3893119c935c720bddf95254,2026-03-05T00:40:00+00:00,player_points,False,Pending,,,
205af1eb3893119c935c720bddf95254_17553967_player_points_Over_8.5_hardrockbet_2026-03-04 14:39,2026-03-04T14:39:25.966577-05:00,BOS Celtics vs CHA Hornets (7:40 PM EST),Neemias Queta,Points,Over,8.5,-125,HardRockBet,2.86,60.0,10,False,"theScore at -170, Pinnacle at -126",17553967,205af1eb3893119c935c720bddf95254,2026-03-05T00:40:00+00:00,player_points,False,Pending,,,
5e27bbc527b9df8725ac9fcf03174b8c_666541_player_rebounds_Over_3.5_betmgm_2026-03-04 14:45,2026-03-04T14:45:07.179953-05:00,NYK Knicks vs OKC Thunder (7:10 PM EST),Luguentz Dort,Rebounds,Over,3.5,110,BetMGM,3.62,50.0,10,False,"FanDuel at -120, DraftKings at -109, theScore at 100",666541,5e27bbc527b9df8725ac9fcf03174b8c,2026-03-05T00:10:00+00:00,player_rebounds,False,Pending,,,
205af1eb3893119c935c720bddf95254_17553967_player_points_Over_8.5_betmgm_2026-03-04 14:45,2026-03-04T14:45:12.096992-05:00,BOS Celtics vs CHA Hornets (7:40 PM EST),Neemias Queta,Points,Over,8.5,-125,BetMGM,2.29,60.0,10,False,"theScore at -165, Pinnacle at -131",17553967,205af1eb3893119c935c720bddf95254,2026-03-05T00:40:00+00:00,player_points,False,Pending,,,
205af1eb3893119c935c720bddf95254_17553967_player_points_Over_8.5_hardrockbet_2026-03-04 14:45,2026-03-04T14:45:16.431932-05:00,BOS Celtics vs CHA Hornets (7:40 PM EST),Neemias Queta,Points,Over,8.5,-125,HardRockBet,2.29,60.0,10,False,"theScore at -165, Pinnacle at -131",17553967,205af1eb3893119c935c720bddf95254,2026-03-05T00:40:00+00:00,player_points,False,Pending,,,
205af1eb3893119c935c720bddf95254_62_player_rebounds_Over_5.5_espnbet_2026-03-04 14:51,2026-03-04T14:51:01.103743-05:00,BOS Celtics vs CHA Hornets (7:40 PM EST),Miles Bridges,Rebounds,Over,5.5,110,theScore,8.3,60.0,10,False,"FanDuel at -125, DraftKings at -118",62,205af1eb3893119c935c720bddf95254,2026-03-05T00:40:00+00:00,player_rebounds,False,Pending,,,
2a2434eaef59c9cbb34c5410c32f2529_476_player_rebounds_Under_6.5_hardrockbet_2026-03-04 14:51,2026-03-04T14:51:18.497759-05:00,MEM Grizzlies vs POR Blazers (8:10 PM EST),Robert Williams,Rebounds,Under,6.5,105,HardRockBet,2.47,50.0,10,False,"FanDuel at -125, DraftKings at -109, theScore at -110, Pinnacle at -103",476,2a2434eaef59c9cbb34c5410c32f2529,2026-03-05T01:10:00+00:00,player_rebounds,False,Pending,,,
205af1eb3893119c935c720bddf95254_62_player_rebounds_Over_5.5_betrivers_2026-03-04 14:56,2026-03-04T14:56:38.550500-05:00,BOS Celtics vs CHA Hornets (7:40 PM EST),Miles Bridges,Rebounds,Over,5.5,102,BetRivers,4.45,60.0,10,False,"FanDuel at -125, DraftKings at -118, theScore at -125",62,205af1eb3893119c935c720bddf95254,2026-03-05T00:40:00+00:00,player_rebounds,False,Pending,,,
205af1eb3893119c935c720bddf95254_62_player_rebounds_Over_5.5_ballybet_2026-03-04 14:56,2026-03-04T14:56:43.065106-05:00,BOS Celtics vs CHA Hornets (7:40 PM EST),Miles Bridges,Rebounds,Over,5.5,104,BallyBet,5.49,60.0,10,False,"FanDuel at -125, DraftKings at -118, theScore at -125",62,205af1eb3893119c935c720bddf95254,2026-03-05T00:40:00+00:00,player_rebounds,False,Pending,,,
205af1eb3893119c935c720bddf95254_62_player_rebounds_Over_5.5_betparx_2026-03-04 14:56,2026-03-04T14:56:47.420262-05:00,BOS Celtics vs CHA Hornets (7:40 PM EST),Miles Bridges,Rebounds,Over,5.5,104,BetParx,5.49,60.0,10,False,"FanDuel at -125, DraftKings at -118, theScore at -125",62,205af1eb3893119c935c720bddf95254,2026-03-05T00:40:00+00:00,player_rebounds,False,Pending,,,
2a2434eaef59c9cbb34c5410c32f2529_214_player_points_rebounds_assists_Over_27.5_ballybet_2026-03-04 14:57,2026-03-04T14:57:04.964898-05:00,MEM Grizzlies vs POR Blazers (8:10 PM EST),Jrue Holiday,Points Rebounds Assists,Over,27.5,110,BallyBet,3.77,50.0,10,False,"FanDuel at -112, DraftKings at -108, theScore at -115",214,2a2434eaef59c9cbb34c5410c32f2529,2026-03-05T01:10:00+00:00,player_points_rebounds_assists,False,Pending,,,
2a2434eaef59c9cbb34c5410c32f2529_214_player_points_rebounds_assists_Over_27.5_betparx_2026-03-04 14:57,2026-03-04T14:57:10.333506-05:00,MEM Grizzlies vs POR Blazers (8:10 PM EST),Jrue Holiday,Points Rebounds Assists,Over,27.5,110,BetParx,3.77,50.0,10,False,"FanDuel at -112, DraftKings at -108, theScore at -115",214,2a2434eaef59c9cbb34c5410c32f2529,2026-03-05T01:10:00+00:00,player_points_rebounds_assists,False,Pending,,,
2a2434eaef59c9cbb34c5410c32f2529_214_player_points_rebounds_assists_Over_27.5_betrivers_2026-03-04 14:57,2026-03-04T14:57:15.551527-05:00,MEM Grizzlies vs POR Blazers (8:10 PM EST),Jrue Holiday,Points Rebounds Assists,Over,27.5,110,BetRivers,3.77,50.0,10,False,"FanDuel at -112, DraftKings at -108, theScore at -115",214,2a2434eaef59c9cbb34c5410c32f2529,2026-03-05T01:10:00+00:00,player_points_rebounds_assists,False,Pending,,,
5e27bbc527b9df8725ac9fcf03174b8c_666541_player_rebounds_Over_3.5_betmgm_2026-03-04 15:02,2026-03-04T15:02:36.689774-05:00,NYK Knicks vs OKC Thunder (7:10 PM EST),Luguentz Dort,Rebounds,Over,3.5,110,BetMGM,3.85,50.0,10,False,"FanDuel at -114, DraftKings at -109, theScore at -110",666541,5e27bbc527b9df8725ac9fcf03174b8c,2026-03-05T00:10:00+00:00,player_rebounds,False,Pending,,,
205af1eb3893119c935c720bddf95254_17553967_player_points_Under_9.5_betparx_2026-03-04 15:02,2026-03-04T15:02:56.034674-05:00,BOS Celtics vs CHA Hornets (7:40 PM EST),Neemias Queta,Points,Under,9.5,104,BetParx,2.77,50.0,10,False,"FanDuel at -112, DraftKings at -117, theScore at -120, Pinnacle at -123",17553967,205af1eb3893119c935c720bddf95254,2026-03-05T00:40:00+00:00,player_points,False,Pending,,,
417802e27d447db450466ad4fd7a4f8d_1028025362_player_points_Over_12.5_hardrockbet_2026-03-04 15:03,2026-03-04T15:03:08.809104-05:00,PHI 76ers vs UTA Jazz (7:40 PM EST),Isaiah Collier,Points,Over,12.5,-105,HardRockBet,2.45,70.0,10,False,"FanDuel at -132, DraftKings at -120, theScore at -125, Pinnacle at -130",1028025362,417802e27d447db450466ad4fd7a4f8d,2026-03-05T00:40:00+00:00,player_points,False,Pending,,,
5e27bbc527b9df8725ac9fcf03174b8c_666541_player_rebounds_Over_3.5_betmgm_2026-03-04 15:14,2026-03-04T15:14:14.992299-05:00,NYK Knicks vs OKC Thunder (7:10 PM EST),Luguentz Dort,Rebounds,Over,3.5,110,BetMGM,3.85,50.0,10,False,"FanDuel at -113, DraftKings at -109, theScore at -110",666541,5e27bbc527b9df8725ac9fcf03174b8c,2026-03-05T00:10:00+00:00,player_rebounds,False,Pending,,,
2a2434eaef59c9cbb34c5410c32f2529_476_player_rebounds_Under_7.5_betparx_2026-03-04 15:14,2026-03-04T15:14:50.016335-05:00,MEM Grizzlies vs POR Blazers (8:10 PM EST),Robert Williams,Rebounds,Under,7.5,-139,BetParx,3.61,60.0,10,False,"theScore at -195, Pinnacle at -152",476,2a2434eaef59c9cbb34c5410c32f2529,2026-03-05T01:10:00+00:00,player_rebounds,False,Pending,,,
2a2434eaef59c9cbb34c5410c32f2529_476_player_rebounds_Under_7.5_betrivers_2026-03-04 15:14,2026-03-04T15:14:54.712958-05:00,MEM Grizzlies vs POR Blazers (8:10 PM EST),Robert Williams,Rebounds,Under,7.5,-139,BetRivers,3.61,60.0,10,False,"theScore at -195, Pinnacle at -152",476,2a2434eaef59c9cbb34c5410c32f2529,2026-03-05T01:10:00+00:00,player_rebounds,False,Pending,,,
5e27bbc527b9df8725ac9fcf03174b8c_201_player_rebounds_assists_Under_11.5_betmgm_2026-03-04 15:20,2026-03-04T15:20:24.866265-05:00,NYK Knicks vs OKC Thunder (7:10 PM EST),Isaiah Hartenstein,Rebounds Assists,Under,11.5,100,BetMGM,5.09,50.0,10,False,"FanDuel at -130, DraftKings at -122, theScore at -125",201,5e27bbc527b9df8725ac9fcf03174b8c,2026-03-05T00:10:00+00:00,player_rebounds_assists,False,Pending,,,
205af1eb3893119c935c720bddf95254_473_player_points_rebounds_assists_Under_26.5_betrivers_2026-03-04 15:20,2026-03-04T15:20:39.446143-05:00,BOS Celtics vs CHA Hornets (7:40 PM EST),Derrick White,Points Rebounds Assists,Under,26.5,108,BetRivers,3.79,50.0,10,False,"FanDuel at -114, DraftKings at -112, theScore at -115",473,205af1eb3893119c935c720bddf95254,2026-03-05T00:40:00+00:00,player_points_rebounds_assists,False,Pending,,,
205af1eb3893119c935c720bddf95254_473_player_points_rebounds_assists_Under_26.5_betparx_2026-03-04 15:20,2026-03-04T15:20:44.337961-05:00,BOS Celtics vs CHA Hornets (7:40 PM EST),Derrick White,Points Rebounds Assists,Under,26.5,108,BetParx,3.79,50.0,10,False,"FanDuel at -114, DraftKings at -112, theScore at -115",473,205af1eb3893119c935c720bddf95254,2026-03-05T00:40:00+00:00,player_points_rebounds_assists,False,Pending,,,
2a2434eaef59c9cbb34c5410c32f2529_476_player_rebounds_Under_7.5_hardrockbet_2026-03-04 15:20,2026-03-04T15:20:49.603850-05:00,MEM Grizzlies vs POR Blazers (8:10 PM EST),Robert Williams,Rebounds,Under,7.5,-145,HardRockBet,2.63,60.0,10,False,"theScore at -200, Pinnacle at -152",476,2a2434eaef59c9cbb34c5410c32f2529,2026-03-05T01:10:00+00:00,player_rebounds,False,Pending,,,
2a2434eaef59c9cbb34c5410c32f2529_476_player_rebounds_Under_7.5_betparx_2026-03-04 15:20,2026-03-04T15:20:54.020274-05:00,MEM Grizzlies vs POR Blazers (8:10 PM EST),Robert Williams,Rebounds,Under,7.5,-139,BetParx,4.44,60.0,10,False,"theScore at -200, Pinnacle at -152",476,2a2434eaef59c9cbb34c5410c32f2529,2026-03-05T01:10:00+00:00,player_rebounds,False,Pending,,,
2a2434eaef59c9cbb34c5410c32f2529_476_player_rebounds_Under_7.5_betrivers_2026-03-04 15:20,2026-03-04T15:20:58.496783-05:00,MEM Grizzlies vs POR Blazers (8:10 PM EST),Robert Williams,Rebounds,Under,7.5,-139,BetRivers,4.44,60.0,10,False,"theScore at -200, Pinnacle at -152",476,2a2434eaef59c9cbb34c5410c32f2529,2026-03-05T01:10:00+00:00,player_rebounds,False,Pending,,,
2a2434eaef59c9cbb34c5410c32f2529_476_player_rebounds_Under_7.5_betmgm_2026-03-04 15:21,2026-03-04T15:21:03.925595-05:00,MEM Grizzlies vs POR Blazers (8:10 PM EST),Robert Williams,Rebounds,Under,7.5,-145,BetMGM,2.63,60.0,10,False,"theScore at -200, Pinnacle at -152",476,2a2434eaef59c9cbb34c5410c32f2529,2026-03-05T01:10:00+00:00,player_rebounds,False,Pending,,,
2a2434eaef59c9cbb34c5410c32f2529_56677747_player_points_assists_Under_18.5_hardrockbet_2026-03-04 15:32,2026-03-04T15:32:29.475647-05:00,MEM Grizzlies vs POR Blazers (8:10 PM EST),Scoot Henderson,Points Assists,Under,18.5,100,HardRockBet,2.67,50.0,10,False,"FanDuel at -122, DraftKings at -123, theScore at -120",56677747,2a2434eaef59c9cbb34c5410c32f2529,2026-03-05T01:10:00+00:00,player_points_assists,False,Pending,,,
5e27bbc527b9df8725ac9fcf03174b8c_201_player_rebounds_assists_Under_11.5_betmgm_2026-03-04 15:43,2026-03-04T15:43:39.152184-05:00,NYK Knicks vs OKC Thunder (7:10 PM EST),Isaiah Hartenstein,Rebounds Assists,Under,11.5,100,BetMGM,4.07,50.0,10,False,"FanDuel at -128, DraftKings at -122, theScore at -120",201,5e27bbc527b9df8725ac9fcf03174b8c,2026-03-05T00:10:00+00:00,player_rebounds_assists,False,Pending,,,
205af1eb3893119c935c720bddf95254_17553967_player_rebounds_Under_7.5_betrivers_2026-03-04 15:43,2026-03-04T15:43:58.034639-05:00,BOS Celtics vs CHA Hornets (7:40 PM EST),Neemias Queta,Rebounds,Under,7.5,107,BetRivers,3.84,50.0,10,False,"FanDuel at -115, DraftKings at -113, theScore at -115, Pinnacle at -118",17553967,205af1eb3893119c935c720bddf95254,2026-03-05T00:40:00+00:00,player_rebounds,False,Pending,,,
205af1eb3893119c935c720bddf95254_17553967_player_rebounds_Under_7.5_betparx_2026-03-04 15:44,2026-03-04T15:44:03.407806-05:00,BOS Celtics vs CHA Hornets (7:40 PM EST),Neemias Queta,Rebounds,Under,7.5,108,BetParx,4.34,50.0,10,False,"FanDuel at -115, DraftKings at -113, theScore at -115, Pinnacle at -118",17553967,205af1eb3893119c935c720bddf95254,2026-03-05T00:40:00+00:00,player_rebounds,False,Pending,,,
2a2434eaef59c9cbb34c5410c32f2529_214_player_points_Over_17.5_betparx_2026-03-04 15:55,2026-03-04T15:55:31.407672-05:00,MEM Grizzlies vs POR Blazers (8:10 PM EST),Jrue Holiday,Points,Over,17.5,106,BetParx,2.12,70.0,10,False,"FanDuel at -112, DraftKings at -110, theScore at -115, Pinnacle at -112",214,2a2434eaef59c9cbb34c5410c32f2529,2026-03-05T01:10:00+00:00,player_points,False,Pending,,,
5e27bbc527b9df8725ac9fcf03174b8c_201_player_rebounds_assists_Under_11.5_betmgm_2026-03-04 16:00,2026-03-04T16:00:55.942472-05:00,NYK Knicks vs OKC Thunder (7:10 PM EST),Isaiah Hartenstein,Rebounds Assists,Under,11.5,100,BetMGM,3.88,50.0,10,False,"FanDuel at -130, DraftKings at -122, theScore at -115",201,5e27bbc527b9df8725ac9fcf03174b8c,2026-03-05T00:10:00+00:00,player_rebounds_assists,False,Pending,,,
2a2434eaef59c9cbb34c5410c32f2529_214_player_points_Over_17.5_ballybet_2026-03-04 16:12,2026-03-04T16:12:43.361940-05:00,MEM Grizzlies vs POR Blazers (8:10 PM EST),Jrue Holiday,Points,Over,17.5,106,BallyBet,2.19,70.0,10,False,"FanDuel at -111, DraftKings at -110, theScore at -115, Pinnacle at -110",214,2a2434eaef59c9cbb34c5410c32f2529,2026-03-05T01:10:00+00:00,player_points,False,Pending,,,
2a2434eaef59c9cbb34c5410c32f2529_214_player_points_Over_17.5_betparx_2026-03-04 16:12,2026-03-04T16:12:48.512247-05:00,MEM Grizzlies vs POR Blazers (8:10 PM EST),Jrue Holiday,Points,Over,17.5,106,BetParx,2.19,70.0,10,False,"FanDuel at -111, DraftKings at -110, theScore at -115, Pinnacle at -110",214,2a2434eaef59c9cbb34c5410c32f2529,2026-03-05T01:10:00+00:00,player_points,False,Pending,,,
2a2434eaef59c9cbb34c5410c32f2529_214_player_points_Over_17.5_betrivers_2026-03-04 16:12,2026-03-04T16:12:53.310443-05:00,MEM Grizzlies vs POR Blazers (8:10 PM EST),Jrue Holiday,Points,Over,17.5,106,BetRivers,2.19,70.0,10,False,"FanDuel at -111, DraftKings at -110, theScore at -115, Pinnacle at -110",214,2a2434eaef59c9cbb34c5410c32f2529,2026-03-05T01:10:00+00:00,player_points,False,Pending,,,
2a2434eaef59c9cbb34c5410c32f2529_56677747_player_points_assists_Under_18.5_hardrockbet_2026-03-04 16:35,2026-03-04T16:35:41.231675-05:00,MEM Grizzlies vs POR Blazers (8:10 PM EST),Scoot Henderson,Points Assists,Under,18.5,100,HardRockBet,3.78,50.0,10,False,"FanDuel at -125, DraftKings at -123, theScore at -125",56677747,2a2434eaef59c9cbb34c5410c32f2529,2026-03-05T01:10:00+00:00,player_points_assists,False,Pending,,,
417802e27d447db450466ad4fd7a4f8d_1028025362_player_points_Over_12.5_hardrockbet_2026-03-04 16:52,2026-03-04T16:52:54.317458-05:00,PHI 76ers vs UTA Jazz (7:40 PM EST),Isaiah Collier,Points,Over,12.5,100,HardRockBet,4.12,70.0,10,False,"FanDuel at -128, DraftKings at -120, theScore at -120, Pinnacle at -132",1028025362,417802e27d447db450466ad4fd7a4f8d,2026-03-05T00:40:00+00:00,player_points,False,Pending,,,
417802e27d447db450466ad4fd7a4f8d_17895858_player_assists_Under_4.5_williamhill_us_2026-03-04 17:04,2026-03-04T17:04:55.685962-05:00,PHI 76ers vs UTA Jazz (7:40 PM EST),Quentin Grimes,Assists,Under,4.5,-121,Caesars,4.22,90.0,10,False,"DraftKings at -146, theScore at -170, Pinnacle at -138",17895858,417802e27d447db450466ad4fd7a4f8d,2026-03-05T00:40:00+00:00,player_assists,False,Pending,,,
4a6dcac94e4279ba0acbd1f6376b6df2_38017507_player_rebounds_Over_2.5_betmgm_2026-03-04 17:05,2026-03-04T17:05:27.893838-05:00,LAC Clippers vs IND Pacers (10:40 PM EST),Andrew Nembhard,Rebounds,Over,2.5,105,BetMGM,2.58,50.0,10,False,"FanDuel at -114, DraftKings at -116, theScore at -115",38017507,4a6dcac94e4279ba0acbd1f6376b6df2,2026-03-05T03:40:00+00:00,player_rebounds,False,Pending,,,
e94b132f71de8a19ec817d79677921d9_38017677_player_points_Under_9.5_draftkings_2026-03-04 17:11,2026-03-04T17:11:17.546648-05:00,MIL Bucks vs ATL Hawks (9:40 PM EST),Dyson Daniels,Points,Under,9.5,106,DraftKings,2.16,40.0,10,False,"FanDuel at -110, theScore at -120, Pinnacle at -108",38017677,e94b132f71de8a19ec817d79677921d9,2026-03-05T02:40:00+00:00,player_points,False,Pending,,,
4a6dcac94e4279ba0acbd1f6376b6df2_1057396055_player_points_Over_6.5_draftkings_2026-03-04 17:11,2026-03-04T17:11:26.767593-05:00,LAC Clippers vs IND Pacers (10:40 PM EST),Kobe Sanders,Points,Over,6.5,-108,DraftKings,2.39,60.0,10,False,"FanDuel at -132, theScore at -130",1057396055,4a6dcac94e4279ba0acbd1f6376b6df2,2026-03-05T03:40:00+00:00,player_points,False,Pending,,,
4a6dcac94e4279ba0acbd1f6376b6df2_139_player_points_Over_7.5_hardrockbet_2026-03-04 17:11,2026-03-04T17:11:34.340205-05:00,LAC Clippers vs IND Pacers (10:40 PM EST),Kris Dunn,Points,Over,7.5,-105,HardRockBet,2.4,70.0,10,False,"FanDuel at -132, DraftKings at -111, theScore at -130",139,4a6dcac94e4279ba0acbd1f6376b6df2,2026-03-05T03:40:00+00:00,player_points,False,Pending,,,
4a6dcac94e4279ba0acbd1f6376b6df2_139_player_points_Over_7.5_betmgm_2026-03-04 17:11,2026-03-04T17:11:52.292079-05:00,LAC Clippers vs IND Pacers (10:40 PM EST),Kris Dunn,Points,Over,7.5,-105,BetMGM,2.4,70.0,10,False,"FanDuel at -132, DraftKings at -111, theScore at -130",139,4a6dcac94e4279ba0acbd1f6376b6df2,2026-03-05T03:40:00+00:00,player_points,False,Pending,,,
5e27bbc527b9df8725ac9fcf03174b8c_38017685_player_points_rebounds_assists_Under_25.5_betparx_2026-03-04 17:17,2026-03-04T17:17:15.810980-05:00,NYK Knicks vs OKC Thunder (7:10 PM EST),Chet Holmgren,Points Rebounds Assists,Under,25.5,104,BetParx,2.0,50.0,10,False,"FanDuel at -113, DraftKings at -116, theScore at -115, Pinnacle at -112",38017685,5e27bbc527b9df8725ac9fcf03174b8c,2026-03-05T00:10:00+00:00,player_points_rebounds_assists,False,Pending,,,
205af1eb3893119c935c720bddf95254_17553967_player_rebounds_Under_7.5_betparx_2026-03-04 17:17,2026-03-04T17:17:34.218941-05:00,BOS Celtics vs CHA Hornets (7:40 PM EST),Neemias Queta,Rebounds,Under,7.5,-104,BetParx,2.13,50.0,10,False,"FanDuel at -128, DraftKings at -117, theScore at -120, Pinnacle at -143",17553967,205af1eb3893119c935c720bddf95254,2026-03-05T00:40:00+00:00,player_rebounds,False,Pending,,,
417802e27d447db450466ad4fd7a4f8d_3547254_player_assists_Under_7.5_hardrockbet_2026-03-04 17:17,2026-03-04T17:17:54.889108-05:00,PHI 76ers vs UTA Jazz (7:40 PM EST),Tyrese Maxey,Assists,Under,7.5,-135,HardRockBet,2.91,60.0,10,False,"theScore at -165, Pinnacle at -188",3547254,417802e27d447db450466ad4fd7a4f8d,2026-03-05T00:40:00+00:00,player_assists,False,Pending,,,
4a6dcac94e4279ba0acbd1f6376b6df2_283_player_points_Over_9.5_draftkings_2026-03-04 17:18,2026-03-04T17:18:21.141184-05:00,LAC Clippers vs IND Pacers (10:40 PM EST),Brook Lopez,Points,Over,9.5,100,DraftKings,3.44,50.0,10,False,"FanDuel at -125, theScore at -125, Pinnacle at -115",283,4a6dcac94e4279ba0acbd1f6376b6df2,2026-03-05T03:40:00+00:00,player_points,False,Pending,,,
4a6dcac94e4279ba0acbd1f6376b6df2_283_player_points_Over_9.5_draftkings_2026-03-04 17:29,2026-03-04T17:29:54.726810-05:00,LAC Clippers vs IND Pacers (10:40 PM EST),Brook Lopez,Points,Over,9.5,100,DraftKings,2.53,50.0,10,False,"FanDuel at -120, theScore at -125, Pinnacle at -115",283,4a6dcac94e4279ba0acbd1f6376b6df2,2026-03-05T03:40:00+00:00,player_points,False,Pending,,,
e94b132f71de8a19ec817d79677921d9_38017677_player_points_Under_9.5_draftkings_2026-03-04 17:35,2026-03-04T17:35:41.963490-05:00,MIL Bucks vs ATL Hawks (9:40 PM EST),Dyson Daniels,Points,Under,9.5,106,DraftKings,2.77,40.0,10,False,"FanDuel at -112, theScore at -120, Pinnacle at -108",38017677,e94b132f71de8a19ec817d79677921d9,2026-03-05T02:40:00+00:00,player_points,False,Pending,,,
2a2434eaef59c9cbb34c5410c32f2529_56677850_player_rebounds_Under_5.5_betmgm_2026-03-04 17:41,2026-03-04T17:41:06.001092-05:00,MEM Grizzlies vs POR Blazers (8:10 PM EST),Toumani Camara,Rebounds,Under,5.5,-125,BetMGM,3.14,50.0,10,False,"FanDuel at -162, DraftKings at -151, theScore at -150",56677850,2a2434eaef59c9cbb34c5410c32f2529,2026-03-05T01:10:00+00:00,player_rebounds,False,Pending,,,
e94b132f71de8a19ec817d79677921d9_377_player_points_Under_12.5_hardrockbet_2026-03-04 17:41,2026-03-04T17:41:20.663657-05:00,MIL Bucks vs ATL Hawks (9:40 PM EST),Bobby Portis,Points,Under,12.5,-105,HardRockBet,3.15,50.0,10,False,"FanDuel at -136, DraftKings at -116, theScore at -125, Pinnacle at -148",377,e94b132f71de8a19ec817d79677921d9,2026-03-05T02:40:00+00:00,player_points,False,Pending,,,
205af1eb3893119c935c720bddf95254_38017725_player_points_Under_7.5_betrivers_2026-03-04 17:47,2026-03-04T17:47:01.604054-05:00,BOS Celtics vs CHA Hornets (7:40 PM EST),Moussa Diabate,Points,Under,7.5,106,BetRivers,4.62,40.0,10,False,"DraftKings at -115, theScore at -120",38017725,205af1eb3893119c935c720bddf95254,2026-03-05T00:40:00+00:00,player_points,False,Pending,,,
205af1eb3893119c935c720bddf95254_38017725_player_points_Under_7.5_betparx_2026-03-04 17:47,2026-03-04T17:47:06.993345-05:00,BOS Celtics vs CHA Hornets (7:40 PM EST),Moussa Diabate,Points,Under,7.5,107,BetParx,5.13,40.0,10,False,"DraftKings at -115, theScore at -120",38017725,205af1eb3893119c935c720bddf95254,2026-03-05T00:40:00+00:00,player_points,False,Pending,,,
e94b132f71de8a19ec817d79677921d9_38017677_player_points_Under_9.5_draftkings_2026-03-04 17:47,2026-03-04T17:47:24.129180-05:00,MIL Bucks vs ATL Hawks (9:40 PM EST),Dyson Daniels,Points,Under,9.5,106,DraftKings,3.25,40.0,10,False,"FanDuel at -111, theScore at -120",38017677,e94b132f71de8a19ec817d79677921d9,2026-03-05T02:40:00+00:00,player_points,False,Pending,,,
e94b132f71de8a19ec817d79677921d9_377_player_points_Under_12.5_betmgm_2026-03-04 17:47,2026-03-04T17:47:28.953283-05:00,MIL Bucks vs ATL Hawks (9:40 PM EST),Bobby Portis,Points,Under,12.5,-105,BetMGM,2.61,50.0,10,False,"DraftKings at -116, theScore at -130, Pinnacle at -138",377,e94b132f71de8a19ec817d79677921d9,2026-03-05T02:40:00+00:00,player_points,False,Pending,,,
e94b132f71de8a19ec817d79677921d9_377_player_points_Under_12.5_hardrockbet_2026-03-04 17:47,2026-03-04T17:47:33.292974-05:00,MIL Bucks vs ATL Hawks (9:40 PM EST),Bobby Portis,Points,Under,12.5,-105,HardRockBet,2.61,50.0,10,False,"DraftKings at -116, theScore at -130, Pinnacle at -138",377,e94b132f71de8a19ec817d79677921d9,2026-03-05T02:40:00+00:00,player_points,False,Pending,,,
5e27bbc527b9df8725ac9fcf03174b8c_38017685_player_points_rebounds_assists_Under_25.5_betparx_2026-03-04 17:58,2026-03-04T17:58:26.111259-05:00,NYK Knicks vs OKC Thunder (7:10 PM EST),Chet Holmgren,Points Rebounds Assists,Under,25.5,102,BetParx,2.15,50.0,10,False,"FanDuel at -122, DraftKings at -111, theScore at -115, Pinnacle at -114",38017685,5e27bbc527b9df8725ac9fcf03174b8c,2026-03-05T00:10:00+00:00,player_points_rebounds_assists,False,Pending,,,
4a6dcac94e4279ba0acbd1f6376b6df2_283_player_points_Over_9.5_draftkings_2026-03-04 18:04,2026-03-04T18:04:54.777301-05:00,LAC Clippers vs IND Pacers (10:40 PM EST),Brook Lopez,Points,Over,9.5,100,DraftKings,2.18,50.0,10,False,"FanDuel at -122, theScore at -120, Pinnacle at -115",283,4a6dcac94e4279ba0acbd1f6376b6df2,2026-03-05T03:40:00+00:00,player_points,False,Pending,,,
e94b132f71de8a19ec817d79677921d9_38017677_player_points_Under_9.5_draftkings_2026-03-04 18:10,2026-03-04T18:10:50.042379-05:00,MIL Bucks vs ATL Hawks (9:40 PM EST),Dyson Daniels,Points,Under,9.5,106,DraftKings,4.57,40.0,10,False,"FanDuel at -113, theScore at -125",38017677,e94b132f71de8a19ec817d79677921d9,2026-03-05T02:40:00+00:00,player_points,False,Pending,,,
e94b132f71de8a19ec817d79677921d9_38017677_player_points_Under_9.5_betmgm_2026-03-04 18:10,2026-03-04T18:10:55.000657-05:00,MIL Bucks vs ATL Hawks (9:40 PM EST),Dyson Daniels,Points,Under,9.5,105,BetMGM,2.03,40.0,10,False,"FanDuel at -113, DraftKings at 106, theScore at -125",38017677,e94b132f71de8a19ec817d79677921d9,2026-03-05T02:40:00+00:00,player_points,False,Pending,,,
e94b132f71de8a19ec817d79677921d9_38017677_player_points_Under_9.5_hardrockbet_2026-03-04 18:10,2026-03-04T18:10:59.476850-05:00,MIL Bucks vs ATL Hawks (9:40 PM EST),Dyson Daniels,Points,Under,9.5,105,HardRockBet,2.03,40.0,10,False,"FanDuel at -113, DraftKings at 106, theScore at -125",38017677,e94b132f71de8a19ec817d79677921d9,2026-03-05T02:40:00+00:00,player_points,False,Pending,,,
e94b132f71de8a19ec817d79677921d9_377_player_points_Under_12.5_draftkings_2026-03-04 18:22,2026-03-04T18:22:03.068626-05:00,MIL Bucks vs ATL Hawks (9:40 PM EST),Bobby Portis,Points,Under,12.5,-108,DraftKings,3.13,50.0,10,False,"theScore at -130, Pinnacle at -141",377,e94b132f71de8a19ec817d79677921d9,2026-03-05T02:40:00+00:00,player_points,False,Pending,,,
4a6dcac94e4279ba0acbd1f6376b6df2_283_player_points_Over_9.5_draftkings_2026-03-04 18:28,2026-03-04T18:28:00.179879-05:00,LAC Clippers vs IND Pacers (10:40 PM EST),Brook Lopez,Points,Over,9.5,100,DraftKings,3.44,50.0,10,False,"FanDuel at -125, theScore at -125, Pinnacle at -115",283,4a6dcac94e4279ba0acbd1f6376b6df2,2026-03-05T03:40:00+00:00,player_points,False,Pending,,,
5e27bbc527b9df8725ac9fcf03174b8c_202_player_points_assists_Over_16.5_betmgm_2026-03-04 18:33,2026-03-04T18:33:13.453210-05:00,NYK Knicks vs OKC Thunder (7:10 PM EST),Josh Hart,Points Assists,Over,16.5,100,BetMGM,2.85,40.0,10,False,"FanDuel at -125, DraftKings at -119, theScore at -120",202,5e27bbc527b9df8725ac9fcf03174b8c,2026-03-05T00:10:00+00:00,player_points_assists,False,Pending,,,
5e27bbc527b9df8725ac9fcf03174b8c_202_player_points_assists_Over_16.5_hardrockbet_2026-03-04 18:33,2026-03-04T18:33:17.931504-05:00,NYK Knicks vs OKC Thunder (7:10 PM EST),Josh Hart,Points Assists,Over,16.5,100,HardRockBet,2.85,40.0,10,False,"FanDuel at -125, DraftKings at -119, theScore at -120",202,5e27bbc527b9df8725ac9fcf03174b8c,2026-03-05T00:10:00+00:00,player_points_assists,False,Pending,,,
5e27bbc527b9df8725ac9fcf03174b8c_202_player_rebounds_assists_Over_12.5_betmgm_2026-03-04 18:33,2026-03-04T18:33:26.575039-05:00,NYK Knicks vs OKC Thunder (7:10 PM EST),Josh Hart,Rebounds Assists,Over,12.5,-105,BetMGM,3.36,40.0,10,False,"DraftKings at -117, theScore at -140",202,5e27bbc527b9df8725ac9fcf03174b8c,2026-03-05T00:10:00+00:00,player_rebounds_assists,False,Pending,,,
e94b132f71de8a19ec817d79677921d9_303_player_points_Under_17.5_draftkings_2026-03-04 18:33,2026-03-04T18:33:48.634634-05:00,MIL Bucks vs ATL Hawks (9:40 PM EST),C.J. McCollum,Points,Under,17.5,-104,DraftKings,4.39,50.0,10,False,"FanDuel at -130, theScore at -130",303,e94b132f71de8a19ec817d79677921d9,2026-03-05T02:40:00+00:00,player_points,False,Pending,,,
e94b132f71de8a19ec817d79677921d9_666400_player_points_Under_17.5_draftkings_2026-03-04 18:33,2026-03-04T18:33:57.574090-05:00,MIL Bucks vs ATL Hawks (9:40 PM EST),Nickeil Alexander-Walker,Points,Under,17.5,-112,DraftKings,2.15,60.0,10,False,"theScore at -140, Pinnacle at -129",666400,e94b132f71de8a19ec817d79677921d9,2026-03-05T02:40:00+00:00,player_points,False,Pending,,,
e94b132f71de8a19ec817d79677921d9_3547244_player_points_Under_14.5_hardrockbet_2026-03-04 18:34,2026-03-04T18:34:02.631306-05:00,MIL Bucks vs ATL Hawks (9:40 PM EST),Onyeka Okongwu,Points,Under,14.5,-120,HardRockBet,3.56,50.0,10,False,"theScore at -165, Pinnacle at -124",3547244,e94b132f71de8a19ec817d79677921d9,2026-03-05T02:40:00+00:00,player_points,False,Pending,,,
e94b132f71de8a19ec817d79677921d9_17553979_player_points_Under_14.5_hardrockbet_2026-03-04 18:34,2026-03-04T18:34:09.095167-05:00,MIL Bucks vs ATL Hawks (9:40 PM EST),Jonathan Kuminga,Points,Under,14.5,-105,HardRockBet,4.86,60.0,10,False,"DraftKings at -125, theScore at -145, Pinnacle at -122",17553979,e94b132f71de8a19ec817d79677921d9,2026-03-05T02:40:00+00:00,player_points,False,Pending,,,
e94b132f71de8a19ec817d79677921d9_303_player_points_rebounds_assists_Over_24.5_betrivers_2026-03-04 18:34,2026-03-04T18:34:30.250318-05:00,MIL Bucks vs ATL Hawks (9:40 PM EST),C.J. McCollum,Points Rebounds Assists,Over,24.5,102,BetRivers,3.66,60.0,10,False,"DraftKings at -124, theScore at -120",303,e94b132f71de8a19ec817d79677921d9,2026-03-05T02:40:00+00:00,player_points_rebounds_assists,False,Pending,,,
e94b132f71de8a19ec817d79677921d9_303_player_points_rebounds_assists_Over_24.5_betparx_2026-03-04 18:34,2026-03-04T18:34:35.387841-05:00,MIL Bucks vs ATL Hawks (9:40 PM EST),C.J. McCollum,Points Rebounds Assists,Over,24.5,104,BetParx,4.69,60.0,10,False,"DraftKings at -124, theScore at -120",303,e94b132f71de8a19ec817d79677921d9,2026-03-05T02:40:00+00:00,player_points_rebounds_assists,False,Pending,,,
e94b132f71de8a19ec817d79677921d9_303_player_points_rebounds_assists_Over_24.5_ballybet_2026-03-04 18:34,2026-03-04T18:34:39.789906-05:00,MIL Bucks vs ATL Hawks (9:40 PM EST),C.J. McCollum,Points Rebounds Assists,Over,24.5,102,BallyBet,3.66,60.0,10,False,"DraftKings at -124, theScore at -120",303,e94b132f71de8a19ec817d79677921d9,2026-03-05T02:40:00+00:00,player_points_rebounds_assists,False,Pending,,,
4a6dcac94e4279ba0acbd1f6376b6df2_283_player_points_Over_9.5_draftkings_2026-03-04 18:34,2026-03-04T18:34:44.605765-05:00,LAC Clippers vs IND Pacers (10:40 PM EST),Brook Lopez,Points,Over,9.5,100,DraftKings,2.18,50.0,10,False,"FanDuel at -122, theScore at -120, Pinnacle at -115",283,4a6dcac94e4279ba0acbd1f6376b6df2,2026-03-05T03:40:00+00:00,player_points,False,Pending,,,
5e27bbc527b9df8725ac9fcf03174b8c_73_player_points_Under_24.5_betmgm_2026-03-04 18:39,2026-03-04T18:39:55.038075-05:00,NYK Knicks vs OKC Thunder (7:10 PM EST),Jalen Brunson,Points,Under,24.5,-115,BetMGM,2.4,50.0,10,False,"DraftKings at -124, theScore at -150",73,5e27bbc527b9df8725ac9fcf03174b8c,2026-03-05T00:10:00+00:00,player_points,False,Pending,,,
5e27bbc527b9df8725ac9fcf03174b8c_73_player_points_Under_24.5_hardrockbet_2026-03-04 18:40,2026-03-04T18:40:00.035985-05:00,NYK Knicks vs OKC Thunder (7:10 PM EST),Jalen Brunson,Points,Under,24.5,-115,HardRockBet,2.4,50.0,10,False,"DraftKings at -124, theScore at -150",73,5e27bbc527b9df8725ac9fcf03174b8c,2026-03-05T00:10:00+00:00,player_points,False,Pending,,,
5e27bbc527b9df8725ac9fcf03174b8c_202_player_points_assists_Over_16.5_betmgm_2026-03-04 18:40,2026-03-04T18:40:05.078497-05:00,NYK Knicks vs OKC Thunder (7:10 PM EST),Josh Hart,Points Assists,Over,16.5,100,BetMGM,3.34,40.0,10,False,"FanDuel at -128, DraftKings at -119, theScore at -120",202,5e27bbc527b9df8725ac9fcf03174b8c,2026-03-05T00:10:00+00:00,player_points_assists,False,Pending,,,
5e27bbc527b9df8725ac9fcf03174b8c_202_player_points_assists_Over_16.5_hardrockbet_2026-03-04 18:40,2026-03-04T18:40:09.775640-05:00,NYK Knicks vs OKC Thunder (7:10 PM EST),Josh Hart,Points Assists,Over,16.5,100,HardRockBet,3.34,40.0,10,False,"FanDuel at -128, DraftKings at -119, theScore at -120",202,5e27bbc527b9df8725ac9fcf03174b8c,2026-03-05T00:10:00+00:00,player_points_assists,False,Pending,,,
5e27bbc527b9df8725ac9fcf03174b8c_73_player_threes_Under_2.5_draftkings_2026-03-04 18:40,2026-03-04T18:40:18.369928-05:00,NYK Knicks vs OKC Thunder (7:10 PM EST),Jalen Brunson,Threes,Under,2.5,-101,DraftKings,3.07,40.0,10,False,"FanDuel at -130, theScore at -115, Pinnacle at -121",73,5e27bbc527b9df8725ac9fcf03174b8c,2026-03-05T00:10:00+00:00,player_threes,False,Pending,,,
5e27bbc527b9df8725ac9fcf03174b8c_202_player_points_assists_Over_16.5_betmgm_2026-03-04 18:46,2026-03-04T18:46:12.238300-05:00,NYK Knicks vs OKC Thunder (7:10 PM EST),Josh Hart,Points Assists,Over,16.5,100,BetMGM,3.46,40.0,10,False,"FanDuel at -125, DraftKings at -119, theScore at -125",202,5e27bbc527b9df8725ac9fcf03174b8c,2026-03-05T00:10:00+00:00,player_points_assists,False,Pending,,,
5e27bbc527b9df8725ac9fcf03174b8c_202_player_points_assists_Over_16.5_hardrockbet_2026-03-04 18:46,2026-03-04T18:46:16.549069-05:00,NYK Knicks vs OKC Thunder (7:10 PM EST),Josh Hart,Points Assists,Over,16.5,100,HardRockBet,3.46,40.0,10,False,"FanDuel at -125, DraftKings at -119, theScore at -125",202,5e27bbc527b9df8725ac9fcf03174b8c,2026-03-05T00:10:00+00:00,player_points_assists,False,Pending,,,
4a6dcac94e4279ba0acbd1f6376b6df2_283_player_points_Over_9.5_draftkings_2026-03-04 18:46,2026-03-04T18:46:34.337401-05:00,LAC Clippers vs IND Pacers (10:40 PM EST),Brook Lopez,Points,Over,9.5,100,DraftKings,2.22,50.0,10,False,"FanDuel at -120, theScore at -120, Pinnacle at -115",283,4a6dcac94e4279ba0acbd1f6376b6df2,2026-03-05T03:40:00+00:00,player_points,False,Pending,,,
4a6dcac94e4279ba0acbd1f6376b6df2_38017507_player_rebounds_Over_2.5_betmgm_2026-03-04 18:46,2026-03-04T18:46:39.136583-05:00,LAC Clippers vs IND Pacers (10:40 PM EST),Andrew Nembhard,Rebounds,Over,2.5,105,BetMGM,3.25,50.0,10,False,"FanDuel at -113, DraftKings at -124, theScore at -115",38017507,4a6dcac94e4279ba0acbd1f6376b6df2,2026-03-05T03:40:00+00:00,player_rebounds,False,Pending,,,
e94b132f71de8a19ec817d79677921d9_38017712_player_rebounds_Under_4.5_draftkings_2026-03-04 18:52,2026-03-04T18:52:18.218650-05:00,MIL Bucks vs ATL Hawks (9:40 PM EST),Ryan Rollins,Rebounds,Under,4.5,106,DraftKings,2.22,70.0,10,False,"FanDuel at -113, theScore at -110",38017712,e94b132f71de8a19ec817d79677921d9,2026-03-05T02:40:00+00:00,player_rebounds,False,Pending,,,
5e27bbc527b9df8725ac9fcf03174b8c_38017685_player_points_Under_15.5_draftkings_2026-03-04 18:57,2026-03-04T18:57:39.176405-05:00,NYK Knicks vs OKC Thunder (7:10 PM EST),Chet Holmgren,Points,Under,15.5,-109,DraftKings,2.27,60.0,10,False,"FanDuel at -136, theScore at -130, Pinnacle at -117",38017685,5e27bbc527b9df8725ac9fcf03174b8c,2026-03-05T00:10:00+00:00,player_points,False,Pending,,,
5e27bbc527b9df8725ac9fcf03174b8c_201_player_points_Under_8.5_draftkings_2026-03-04 18:57,2026-03-04T18:57:44.298107-05:00,NYK Knicks vs OKC Thunder (7:10 PM EST),Isaiah Hartenstein,Points,Under,8.5,-102,DraftKings,2.49,40.0,10,False,"FanDuel at -120, theScore at -130, Pinnacle at -110",201,5e27bbc527b9df8725ac9fcf03174b8c,2026-03-05T00:10:00+00:00,player_points,False,Pending,,,
417802e27d447db450466ad4fd7a4f8d_1028025362_player_points_Over_12.5_hardrockbet_2026-03-04 18:57,2026-03-04T18:57:58.808689-05:00,PHI 76ers vs UTA Jazz (7:40 PM EST),Isaiah Collier,Points,Over,12.5,100,HardRockBet,2.76,70.0,10,False,"FanDuel at -125, DraftKings at -122, theScore at -120, Pinnacle at -103",1028025362,417802e27d447db450466ad4fd7a4f8d,2026-03-05T00:40:00+00:00,player_points,False,Pending,,,
e94b132f71de8a19ec817d79677921d9_3547244_player_points_Under_14.5_draftkings_2026-03-04 18:58,2026-03-04T18:58:23.558487-05:00,MIL Bucks vs ATL Hawks (9:40 PM EST),Onyeka Okongwu,Points,Under,14.5,-121,DraftKings,2.23,50.0,10,False,"theScore at -160, Pinnacle at -126",3547244,e94b132f71de8a19ec817d79677921d9,2026-03-05T02:40:00+00:00,player_points,False,Pending,,,
5e27bbc527b9df8725ac9fcf03174b8c_202_player_points_assists_Over_16.5_betmgm_2026-03-04 19:03,2026-03-04T19:03:33.664334-05:00,NYK Knicks vs OKC Thunder (7:10 PM EST),Josh Hart,Points Assists,Over,16.5,100,BetMGM,4.77,40.0,10,False,"FanDuel at -132, DraftKings at -119, theScore at -125",202,5e27bbc527b9df8725ac9fcf03174b8c,2026-03-05T00:10:00+00:00,player_points_assists,False,Pending,,,
5e27bbc527b9df8725ac9fcf03174b8c_202_player_points_assists_Over_16.5_hardrockbet_2026-03-04 19:03,2026-03-04T19:03:39.052913-05:00,NYK Knicks vs OKC Thunder (7:10 PM EST),Josh Hart,Points Assists,Over,16.5,100,HardRockBet,4.77,40.0,10,False,"FanDuel at -132, DraftKings at -119, theScore at -125",202,5e27bbc527b9df8725ac9fcf03174b8c,2026-03-05T00:10:00+00:00,player_points_assists,False,Pending,,,
2a2434eaef59c9cbb34c5410c32f2529_56677850_player_points_Under_13.5_hardrockbet_2026-03-04 19:04,2026-03-04T19:04:05.783928-05:00,MEM Grizzlies vs POR Blazers (8:10 PM EST),Toumani Camara,Points,Under,13.5,-105,HardRockBet,4.23,70.0,10,False,"theScore at -140, Pinnacle at -119",56677850,2a2434eaef59c9cbb34c5410c32f2529,2026-03-05T01:10:00+00:00,player_points,False,Pending,,,
2a2434eaef59c9cbb34c5410c32f2529_56677850_player_points_Under_13.5_betmgm_2026-03-04 19:04,2026-03-04T19:04:10.700131-05:00,MEM Grizzlies vs POR Blazers (8:10 PM EST),Toumani Camara,Points,Under,13.5,-105,BetMGM,4.23,70.0,10,False,"theScore at -140, Pinnacle at -119",56677850,2a2434eaef59c9cbb34c5410c32f2529,2026-03-05T01:10:00+00:00,player_points,False,Pending,,,
2a2434eaef59c9cbb34c5410c32f2529_182_player_threes_Under_2.5_hardrockbet_2026-03-04 19:04,2026-03-04T19:04:21.845641-05:00,MEM Grizzlies vs POR Blazers (8:10 PM EST),Jerami Grant,Threes,Under,2.5,-115,HardRockBet,5.65,50.0,10,False,"theScore at -160, Pinnacle at -137",182,2a2434eaef59c9cbb34c5410c32f2529,2026-03-05T01:10:00+00:00,player_threes,False,Pending,,,
e94b132f71de8a19ec817d79677921d9_377_player_points_Under_12.5_betmgm_2026-03-04 19:04,2026-03-04T19:04:30.279487-05:00,MIL Bucks vs ATL Hawks (9:40 PM EST),Bobby Portis,Points,Under,12.5,-110,BetMGM,2.3,50.0,10,False,"DraftKings at -119, theScore at -140, Pinnacle at -143",377,e94b132f71de8a19ec817d79677921d9,2026-03-05T02:40:00+00:00,player_points,False,Pending,,,
e94b132f71de8a19ec817d79677921d9_377_player_points_Under_12.5_hardrockbet_2026-03-04 19:04,2026-03-04T19:04:35.541878-05:00,MIL Bucks vs ATL Hawks (9:40 PM EST),Bobby Portis,Points,Under,12.5,-110,HardRockBet,2.3,50.0,10,False,"DraftKings at -119, theScore at -140, Pinnacle at -143",377,e94b132f71de8a19ec817d79677921d9,2026-03-05T02:40:00+00:00,player_points,False,Pending,,,
e94b132f71de8a19ec817d79677921d9_3547244_player_assists_Over_2.5_betmgm_2026-03-04 19:04,2026-03-04T19:04:44.829782-05:00,MIL Bucks vs ATL Hawks (9:40 PM EST),Onyeka Okongwu,Assists,Over,2.5,105,BetMGM,4.6,60.0,10,False,"DraftKings at -129, theScore at -115",3547244,e94b132f71de8a19ec817d79677921d9,2026-03-05T02:40:00+00:00,player_assists,False,Pending,,,
e94b132f71de8a19ec817d79677921d9_3547244_player_assists_Over_2.5_hardrockbet_2026-03-04 19:04,2026-03-04T19:04:49.662291-05:00,MIL Bucks vs ATL Hawks (9:40 PM EST),Onyeka Okongwu,Assists,Over,2.5,105,HardRockBet,4.6,60.0,10,False,"DraftKings at -129, theScore at -115",3547244,e94b132f71de8a19ec817d79677921d9,2026-03-05T02:40:00+00:00,player_assists,False,Pending,,,
5e27bbc527b9df8725ac9fcf03174b8c_202_player_points_assists_Over_16.5_betmgm_2026-03-04 19:10,2026-03-04T19:10:11.433366-05:00,NYK Knicks vs OKC Thunder (7:12 PM EST),Josh Hart,Points Assists,Over,16.5,100,BetMGM,3.95,40.0,10,False,"FanDuel at -128, DraftKings at -119, theScore at -125",202,5e27bbc527b9df8725ac9fcf03174b8c,2026-03-05T00:12:00+00:00,player_points_assists,False,Pending,,,
5e27bbc527b9df8725ac9fcf03174b8c_202_player_points_assists_Over_16.5_hardrockbet_2026-03-04 19:10,2026-03-04T19:10:16.462867-05:00,NYK Knicks vs OKC Thunder (7:12 PM EST),Josh Hart,Points Assists,Over,16.5,100,HardRockBet,3.95,40.0,10,False,"FanDuel at -128, DraftKings at -119, theScore at -125",202,5e27bbc527b9df8725ac9fcf03174b8c,2026-03-05T00:12:00+00:00,player_points_assists,False,Pending,,,
417802e27d447db450466ad4fd7a4f8d_137_player_points_Under_8.5_espnbet_2026-03-04 19:10,2026-03-04T19:10:25.488770-05:00,PHI 76ers vs UTA Jazz (7:40 PM EST),Andre Drummond,Points,Under,8.5,105,theScore,6.38,60.0,10,False,"FanDuel at -128, Pinnacle at -105",137,417802e27d447db450466ad4fd7a4f8d,2026-03-05T00:40:00+00:00,player_points,False,Pending,,,
2a2434eaef59c9cbb34c5410c32f2529_56677747_player_threes_Over_1.5_espnbet_2026-03-04 19:10,2026-03-04T19:10:43.341681-05:00,MEM Grizzlies vs POR Blazers (8:10 PM EST),Scoot Henderson,Threes,Over,1.5,-140,theScore,7.21,40.0,10,False,"FanDuel at -200, DraftKings at -192",56677747,2a2434eaef59c9cbb34c5410c32f2529,2026-03-05T01:10:00+00:00,player_threes,False,Pending,,,
2a2434eaef59c9cbb34c5410c32f2529_56677850_player_rebounds_Over_5.5_fanatics_2026-03-04 19:16,2026-03-04T19:16:19.739639-05:00,MEM Grizzlies vs POR Blazers (8:10 PM EST),Toumani Camara,Rebounds,Over,5.5,110,Fanatics,3.56,50.0,10,False,"FanDuel at -115, DraftKings at -108, theScore at -105",56677850,2a2434eaef59c9cbb34c5410c32f2529,2026-03-05T01:10:00+00:00,player_rebounds,False,Pending,,,
2a2434eaef59c9cbb34c5410c32f2529_56677747_player_assists_Under_5.5_hardrockbet_2026-03-04 19:16,2026-03-04T19:16:31.727367-05:00,MEM Grizzlies vs POR Blazers (8:10 PM EST),Scoot Henderson,Assists,Under,5.5,-110,HardRockBet,4.65,70.0,10,False,"DraftKings at 104, theScore at -180",56677747,2a2434eaef59c9cbb34c5410c32f2529,2026-03-05T01:10:00+00:00,player_assists,False,Pending,,,
2a2434eaef59c9cbb34c5410c32f2529_56677747_player_assists_Under_5.5_betmgm_2026-03-04 19:16,2026-03-04T19:16:36.737889-05:00,MEM Grizzlies vs POR Blazers (8:10 PM EST),Scoot Henderson,Assists,Under,5.5,-110,BetMGM,4.65,70.0,10,False,"DraftKings at 104, theScore at -180",56677747,2a2434eaef59c9cbb34c5410c32f2529,2026-03-05T01:10:00+00:00,player_assists,False,Pending,,,
2a2434eaef59c9cbb34c5410c32f2529_214_player_rebounds_Over_4.5_draftkings_2026-03-04 19:22,2026-03-04T19:22:54.253927-05:00,MEM Grizzlies vs POR Blazers (8:10 PM EST),Jrue Holiday,Rebounds,Over,4.5,-121,DraftKings,2.87,60.0,10,False,"FanDuel at -148, theScore at -150",214,2a2434eaef59c9cbb34c5410c32f2529,2026-03-05T01:10:00+00:00,player_rebounds,False,Pending,,,
e94b132f71de8a19ec817d79677921d9_38017716_player_rebounds_Under_3.5_draftkings_2026-03-04 19:28,2026-03-04T19:28:49.417006-05:00,MIL Bucks vs ATL Hawks (9:40 PM EST),Ousmane Dieng,Rebounds,Under,3.5,108,DraftKings,5.52,70.0,10,False,"FanDuel at -125, theScore at -105",38017716,e94b132f71de8a19ec817d79677921d9,2026-03-05T02:40:00+00:00,player_rebounds,False,Pending,,,
2a2434eaef59c9cbb34c5410c32f2529_56677850_player_rebounds_Over_5.5_draftkings_2026-03-04 19:34,2026-03-04T19:34:12.752239-05:00,MEM Grizzlies vs POR Blazers (8:10 PM EST),Toumani Camara,Rebounds,Over,5.5,105,DraftKings,3.81,50.0,10,False,"FanDuel at -115, theScore at -120",56677850,2a2434eaef59c9cbb34c5410c32f2529,2026-03-05T01:10:00+00:00,player_rebounds,False,Pending,,,
e94b132f71de8a19ec817d79677921d9_3547244_player_assists_Over_2.5_betrivers_2026-03-04 19:34,2026-03-04T19:34:30.285180-05:00,MIL Bucks vs ATL Hawks (9:40 PM EST),Onyeka Okongwu,Assists,Over,2.5,100,BetRivers,2.05,60.0,10,False,"DraftKings at -129, theScore at -115",3547244,e94b132f71de8a19ec817d79677921d9,2026-03-05T02:40:00+00:00,player_assists,False,Pending,,,
e94b132f71de8a19ec817d79677921d9_3547244_player_assists_Over_2.5_betparx_2026-03-04 19:34,2026-03-04T19:34:35.509113-05:00,MIL Bucks vs ATL Hawks (9:40 PM EST),Onyeka Okongwu,Assists,Over,2.5,102,BetParx,3.07,60.0,10,False,"DraftKings at -129, theScore at -115",3547244,e94b132f71de8a19ec817d79677921d9,2026-03-05T02:40:00+00:00,player_assists,False,Pending,,,
e94b132f71de8a19ec817d79677921d9_3547244_player_assists_Over_2.5_ballybet_2026-03-04 19:34,2026-03-04T19:34:40.630537-05:00,MIL Bucks vs ATL Hawks (9:40 PM EST),Onyeka Okongwu,Assists,Over,2.5,100,BallyBet,2.05,60.0,10,False,"DraftKings at -129, theScore at -115",3547244,e94b132f71de8a19ec817d79677921d9,2026-03-05T02:40:00+00:00,player_assists,False,Pending,,,
e94b132f71de8a19ec817d79677921d9_377_player_points_Under_12.5_betmgm_2026-03-04 19:40,2026-03-04T19:40:13.286785-05:00,MIL Bucks vs ATL Hawks (9:40 PM EST),Bobby Portis,Points,Under,12.5,-105,BetMGM,3.16,50.0,10,False,"DraftKings at -119, theScore at -130, Pinnacle at -141",377,e94b132f71de8a19ec817d79677921d9,2026-03-05T02:40:00+00:00,player_points,False,Pending,,,
e94b132f71de8a19ec817d79677921d9_377_player_points_Under_12.5_hardrockbet_2026-03-04 19:40,2026-03-04T19:40:18.619955-05:00,MIL Bucks vs ATL Hawks (9:40 PM EST),Bobby Portis,Points,Under,12.5,-105,HardRockBet,3.16,50.0,10,False,"DraftKings at -119, theScore at -130, Pinnacle at -141",377,e94b132f71de8a19ec817d79677921d9,2026-03-05T02:40:00+00:00,player_points,False,Pending,,,
2a2434eaef59c9cbb34c5410c32f2529_182_player_rebounds_Over_3.5_draftkings_2026-03-04 19:45,2026-03-04T19:45:31.796813-05:00,MEM Grizzlies vs POR Blazers (8:10 PM EST),Jerami Grant,Rebounds,Over,3.5,-110,DraftKings,2.21,50.0,10,False,"FanDuel at -140, theScore at -120",182,2a2434eaef59c9cbb34c5410c32f2529,2026-03-05T01:10:00+00:00,player_rebounds,False,Pending,,,
2a2434eaef59c9cbb34c5410c32f2529_182_player_rebounds_Over_3.5_betmgm_2026-03-04 19:45,2026-03-04T19:45:36.945136-05:00,MEM Grizzlies vs POR Blazers (8:10 PM EST),Jerami Grant,Rebounds,Over,3.5,-105,BetMGM,2.75,50.0,10,False,"FanDuel at -140, DraftKings at -110, theScore at -120",182,2a2434eaef59c9cbb34c5410c32f2529,2026-03-05T01:10:00+00:00,player_rebounds,False,Pending,,,
e94b132f71de8a19ec817d79677921d9_377_player_points_Under_12.5_betmgm_2026-03-04 19:56,2026-03-04T19:56:25.739514-05:00,MIL Bucks vs ATL Hawks (9:40 PM EST),Bobby Portis,Points,Under,12.5,-105,BetMGM,6.43,50.0,10,False,"theScore at -140, Pinnacle at -141",377,e94b132f71de8a19ec817d79677921d9,2026-03-05T02:40:00+00:00,player_points,False,Pending,,,
e94b132f71de8a19ec817d79677921d9_38017716_player_rebounds_Under_3.5_hardrockbet_2026-03-04 19:56,2026-03-04T19:56:30.194904-05:00,MIL Bucks vs ATL Hawks (9:40 PM EST),Ousmane Dieng,Rebounds,Under,3.5,105,HardRockBet,2.88,70.0,10,False,"FanDuel at -113, DraftKings at -119, theScore at -115",38017716,e94b132f71de8a19ec817d79677921d9,2026-03-05T02:40:00+00:00,player_rebounds,False,Pending,,,
2a2434eaef59c9cbb34c5410c32f2529_1028025344_player_points_Under_13.5_draftkings_2026-03-04 20:01,2026-03-04T20:01:45.605060-05:00,MEM Grizzlies vs POR Blazers (8:10 PM EST),Donovan Clingan,Points,Under,13.5,100,DraftKings,2.82,40.0,10,False,"FanDuel at -120, Pinnacle at -121",1028025344,2a2434eaef59c9cbb34c5410c32f2529,2026-03-05T01:10:00+00:00,player_points,False,Pending,,,
e94b132f71de8a19ec817d79677921d9_3547244_player_points_Under_14.5_draftkings_2026-03-04 20:01,2026-03-04T20:01:58.756955-05:00,MIL Bucks vs ATL Hawks (9:40 PM EST),Onyeka Okongwu,Points,Under,14.5,-104,DraftKings,7.4,50.0,10,False,"theScore at -150, Pinnacle at -119",3547244,e94b132f71de8a19ec817d79677921d9,2026-03-05T02:40:00+00:00,player_points,False,Pending,,,
e94b132f71de8a19ec817d79677921d9_666400_player_points_Under_17.5_hardrockbet_2026-03-04 20:02,2026-03-04T20:02:04.371491-05:00,MIL Bucks vs ATL Hawks (9:40 PM EST),Nickeil Alexander-Walker,Points,Under,17.5,-105,HardRockBet,3.05,60.0,10,False,"theScore at -140, Pinnacle at -108",666400,e94b132f71de8a19ec817d79677921d9,2026-03-05T02:40:00+00:00,player_points,False,Pending,,,
e94b132f71de8a19ec817d79677921d9_303_player_points_Over_17.5_espnbet_2026-03-04 20:02,2026-03-04T20:02:13.963440-05:00,MIL Bucks vs ATL Hawks (9:40 PM EST),C.J. McCollum,Points,Over,17.5,100,theScore,4.63,50.0,10,False,"FanDuel at -128, DraftKings at -120, Pinnacle at -124",303,e94b132f71de8a19ec817d79677921d9,2026-03-05T02:40:00+00:00,player_points,False,Pending,,,
e94b132f71de8a19ec817d79677921d9_38017677_player_rebounds_Under_6.5_draftkings_2026-03-04 20:02,2026-03-04T20:02:22.853284-05:00,MIL Bucks vs ATL Hawks (9:40 PM EST),Dyson Daniels,Rebounds,Under,6.5,-116,DraftKings,6.73,60.0,10,False,"FanDuel at -162, Pinnacle at -133",38017677,e94b132f71de8a19ec817d79677921d9,2026-03-05T02:40:00+00:00,player_rebounds,False,Pending,,,
e94b132f71de8a19ec817d79677921d9_38017716_player_assists_Under_2.5_hardrockbet_2026-03-04 20:02,2026-03-04T20:02:31.949919-05:00,MIL Bucks vs ATL Hawks (9:40 PM EST),Ousmane Dieng,Assists,Under,2.5,-105,HardRockBet,2.34,80.0,10,False,"FanDuel at -128, theScore at -125",38017716,e94b132f71de8a19ec817d79677921d9,2026-03-05T02:40:00+00:00,player_assists,False,Pending,,,
e94b132f71de8a19ec817d79677921d9_666400_player_rebounds_assists_Over_7.5_betmgm_2026-03-04 20:02,2026-03-04T20:02:40.523032-05:00,MIL Bucks vs ATL Hawks (9:40 PM EST),Nickeil Alexander-Walker,Rebounds Assists,Over,7.5,110,BetMGM,4.2,50.0,10,False,"FanDuel at -113, DraftKings at -108",666400,e94b132f71de8a19ec817d79677921d9,2026-03-05T02:40:00+00:00,player_rebounds_assists,False,Pending,,,
e94b132f71de8a19ec817d79677921d9_666400_player_rebounds_assists_Over_7.5_hardrockbet_2026-03-04 20:02,2026-03-04T20:02:45.645086-05:00,MIL Bucks vs ATL Hawks (9:40 PM EST),Nickeil Alexander-Walker,Rebounds Assists,Over,7.5,110,HardRockBet,4.2,50.0,10,False,"FanDuel at -113, DraftKings at -108",666400,e94b132f71de8a19ec817d79677921d9,2026-03-05T02:40:00+00:00,player_rebounds_assists,False,Pending,,,
e94b132f71de8a19ec817d79677921d9_3547244_player_rebounds_Under_7.5_draftkings_2026-03-04 20:08,2026-03-04T20:08:06.191637-05:00,MIL Bucks vs ATL Hawks (9:40 PM EST),Onyeka Okongwu,Rebounds,Under,7.5,-108,DraftKings,2.69,50.0,10,False,"FanDuel at -132, Pinnacle at -124",3547244,e94b132f71de8a19ec817d79677921d9,2026-03-05T02:40:00+00:00,player_rebounds,False,Pending,,,
e94b132f71de8a19ec817d79677921d9_666400_player_rebounds_assists_Over_7.5_betmgm_2026-03-04 20:08,2026-03-04T20:08:11.100072-05:00,MIL Bucks vs ATL Hawks (9:40 PM EST),Nickeil Alexander-Walker,Rebounds Assists,Over,7.5,105,BetMGM,3.07,50.0,10,False,"FanDuel at -118, DraftKings at -116, theScore at -110",666400,e94b132f71de8a19ec817d79677921d9,2026-03-05T02:40:00+00:00,player_rebounds_assists,False,Pending,,,
e94b132f71de8a19ec817d79677921d9_666400_player_rebounds_assists_Over_7.5_hardrockbet_2026-03-04 20:08,2026-03-04T20:08:20.263080-05:00,MIL Bucks vs ATL Hawks (9:40 PM EST),Nickeil Alexander-Walker,Rebounds Assists,Over,7.5,105,HardRockBet,3.07,50.0,10,False,"FanDuel at -118, DraftKings at -116, theScore at -110",666400,e94b132f71de8a19ec817d79677921d9,2026-03-05T02:40:00+00:00,player_rebounds_assists,False,Pending,,,
e94b132f71de8a19ec817d79677921d9_3547244_player_assists_Over_2.5_betmgm_2026-03-04 20:13,2026-03-04T20:13:42.482181-05:00,MIL Bucks vs ATL Hawks (9:40 PM EST),Onyeka Okongwu,Assists,Over,2.5,100,BetMGM,7.69,60.0,10,False,"DraftKings at -143, theScore at -130",3547244,e94b132f71de8a19ec817d79677921d9,2026-03-05T02:40:00+00:00,player_assists,False,Pending,,,
e94b132f71de8a19ec817d79677921d9_3547244_player_assists_Over_2.5_hardrockbet_2026-03-04 20:13,2026-03-04T20:13:51.230926-05:00,MIL Bucks vs ATL Hawks (9:40 PM EST),Onyeka Okongwu,Assists,Over,2.5,100,HardRockBet,7.69,60.0,10,False,"DraftKings at -143, theScore at -130",3547244,e94b132f71de8a19ec817d79677921d9,2026-03-05T02:40:00+00:00,player_assists,False,Pending,,,
e94b132f71de8a19ec817d79677921d9_3547244_player_assists_Over_2.5_betmgm_2026-03-04 20:19,2026-03-04T20:19:06.648816-05:00,MIL Bucks vs ATL Hawks (9:40 PM EST),Onyeka Okongwu,Assists,Over,2.5,100,BetMGM,3.87,60.0,10,False,"DraftKings at -143, theScore at -115",3547244,e94b132f71de8a19ec817d79677921d9,2026-03-05T02:40:00+00:00,player_assists,False,Pending,,,
e94b132f71de8a19ec817d79677921d9_3547244_player_assists_Over_2.5_hardrockbet_2026-03-04 20:19,2026-03-04T20:19:12.079659-05:00,MIL Bucks vs ATL Hawks (9:40 PM EST),Onyeka Okongwu,Assists,Over,2.5,100,HardRockBet,3.87,60.0,10,False,"DraftKings at -143, theScore at -115",3547244,e94b132f71de8a19ec817d79677921d9,2026-03-05T02:40:00+00:00,player_assists,False,Pending,,,
e94b132f71de8a19ec817d79677921d9_3547244_player_assists_Over_2.5_betmgm_2026-03-04 20:24,2026-03-04T20:24:36.920274-05:00,MIL Bucks vs ATL Hawks (9:40 PM EST),Onyeka Okongwu,Assists,Over,2.5,100,BetMGM,4.59,60.0,10,False,"DraftKings at -120, theScore at -130",3547244,e94b132f71de8a19ec817d79677921d9,2026-03-05T02:40:00+00:00,player_assists,False,Pending,,,
e94b132f71de8a19ec817d79677921d9_3547244_player_assists_Over_2.5_hardrockbet_2026-03-04 20:24,2026-03-04T20:24:46.895861-05:00,MIL Bucks vs ATL Hawks (9:40 PM EST),Onyeka Okongwu,Assists,Over,2.5,100,HardRockBet,4.59,60.0,10,False,"DraftKings at -120, theScore at -130",3547244,e94b132f71de8a19ec817d79677921d9,2026-03-05T02:40:00+00:00,player_assists,False,Pending,,,
e94b132f71de8a19ec817d79677921d9_666400_player_rebounds_assists_Over_7.5_hardrockbet_2026-03-04 20:46,2026-03-04T20:46:01.998451-05:00,MIL Bucks vs ATL Hawks (9:40 PM EST),Nickeil Alexander-Walker,Rebounds Assists,Over,7.5,110,HardRockBet,4.37,50.0,10,False,"FanDuel at -115, DraftKings at -110, theScore at -110",666400,e94b132f71de8a19ec817d79677921d9,2026-03-05T02:40:00+00:00,player_rebounds_assists,False,Pending,,,
e94b132f71de8a19ec817d79677921d9_303_player_rebounds_assists_Over_6.5_betmgm_2026-03-04 21:12,2026-03-04T21:12:37.728500-05:00,MIL Bucks vs ATL Hawks (9:40 PM EST),C.J. McCollum,Rebounds Assists,Over,6.5,-110,BetMGM,2.58,40.0,10,False,"FanDuel at -130, DraftKings at -147, theScore at -130",303,e94b132f71de8a19ec817d79677921d9,2026-03-05T02:40:00+00:00,player_rebounds_assists,False,Pending,,,
e94b132f71de8a19ec817d79677921d9_666400_player_rebounds_assists_Over_7.5_betmgm_2026-03-04 21:12,2026-03-04T21:12:42.475863-05:00,MIL Bucks vs ATL Hawks (9:40 PM EST),Nickeil Alexander-Walker,Rebounds Assists,Over,7.5,110,BetMGM,4.76,50.0,10,False,"FanDuel at -115, DraftKings at -114, theScore at -110",666400,e94b132f71de8a19ec817d79677921d9,2026-03-05T02:40:00+00:00,player_rebounds_assists,False,Pending,,,
e94b132f71de8a19ec817d79677921d9_666400_player_rebounds_assists_Over_7.5_betmgm_2026-03-04 21:23,2026-03-04T21:23:23.423804-05:00,MIL Bucks vs ATL Hawks (9:40 PM EST),Nickeil Alexander-Walker,Rebounds Assists,Over,7.5,110,BetMGM,4.74,50.0,10,False,"FanDuel at -113, DraftKings at -114, theScore at -115",666400,e94b132f71de8a19ec817d79677921d9,2026-03-05T02:40:00+00:00,player_rebounds_assists,False,Pending,,,
e94b132f71de8a19ec817d79677921d9_666400_player_rebounds_assists_Over_7.5_betmgm_2026-03-04 21:28,2026-03-04T21:28:46.049397-05:00,MIL Bucks vs ATL Hawks (9:40 PM EST),Nickeil Alexander-Walker,Rebounds Assists,Over,7.5,110,BetMGM,4.76,50.0,10,False,"FanDuel at -115, DraftKings at -114, theScore at -110",666400,e94b132f71de8a19ec817d79677921d9,2026-03-05T02:40:00+00:00,player_rebounds_assists,False,Pending,,,
e94b132f71de8a19ec817d79677921d9_15_player_assists_Under_5.5_betparx_2026-03-04 21:34,2026-03-04T21:34:18.697222-05:00,MIL Bucks vs ATL Hawks (9:40 PM EST),Giannis Antetokounmpo,Assists,Under,5.5,-110,BetParx,2.01,60.0,10,False,"FanDuel at -132, DraftKings at -134, theScore at -130, Pinnacle at -131",15,e94b132f71de8a19ec817d79677921d9,2026-03-05T02:40:00+00:00,player_assists,False,Pending,,,
e94b132f71de8a19ec817d79677921d9_666400_player_rebounds_assists_Over_7.5_betmgm_2026-03-04 21:34,2026-03-04T21:34:28.664484-05:00,MIL Bucks vs ATL Hawks (9:40 PM EST),Nickeil Alexander-Walker,Rebounds Assists,Over,7.5,110,BetMGM,6.49,50.0,10,False,"FanDuel at -120, DraftKings at -114, theScore at -115",666400,e94b132f71de8a19ec817d79677921d9,2026-03-05T02:40:00+00:00,player_rebounds_assists,False,Pending,,,
e94b132f71de8a19ec817d79677921d9_666400_player_rebounds_assists_Over_7.5_betmgm_2026-03-04 21:39,2026-03-04T21:39:51.495907-05:00,MIL Bucks vs ATL Hawks (9:41 PM EST),Nickeil Alexander-Walker,Rebounds Assists,Over,7.5,110,BetMGM,5.39,50.0,10,False,"FanDuel at -115, DraftKings at -114, theScore at -115",666400,e94b132f71de8a19ec817d79677921d9,2026-03-05T02:41:00+00:00,player_rebounds_assists,False,Pending,,,
4a6dcac94e4279ba0acbd1f6376b6df2_1057279105_player_rebounds_Over_5.5_hardrockbet_2026-03-04 21:45,2026-03-04T21:45:09.221285-05:00,LAC Clippers vs IND Pacers (10:40 PM EST),Yanic Konan Niederhauser,Rebounds,Over,5.5,-120,HardRockBet,2.14,40.0,10,False,"FanDuel at -156, DraftKings at -144, theScore at -130",1057279105,4a6dcac94e4279ba0acbd1f6376b6df2,2026-03-05T03:40:00+00:00,player_rebounds,False,Pending,,,
4a6dcac94e4279ba0acbd1f6376b6df2_1057279105_player_rebounds_Over_5.5_betmgm_2026-03-04 21:45,2026-03-04T21:45:13.758016-05:00,LAC Clippers vs IND Pacers (10:40 PM EST),Yanic Konan Niederhauser,Rebounds,Over,5.5,-118,BetMGM,2.93,40.0,10,False,"FanDuel at -156, DraftKings at -144, theScore at -130",1057279105,4a6dcac94e4279ba0acbd1f6376b6df2,2026-03-05T03:40:00+00:00,player_rebounds,False,Pending,,,
4a6dcac94e4279ba0acbd1f6376b6df2_17896103_player_rebounds_Under_4.5_betparx_2026-03-04 21:55,2026-03-04T21:55:32.408581-05:00,LAC Clippers vs IND Pacers (10:40 PM EST),Jay Huff,Rebounds,Under,4.5,102,BetParx,2.05,80.0,10,True,"FanDuel at -118, DraftKings at -115, theScore at -115",17896103,4a6dcac94e4279ba0acbd1f6376b6df2,2026-03-05T03:40:00+00:00,player_rebounds,False,Pending,,,
4a6dcac94e4279ba0acbd1f6376b6df2_1057279105_player_rebounds_Over_5.5_betmgm_2026-03-04 22:21,2026-03-04T22:21:38.597547-05:00,LAC Clippers vs IND Pacers (10:40 PM EST),Yanic Konan Niederhauser,Rebounds,Over,5.5,-115,BetMGM,2.51,40.0,10,False,"FanDuel at -140, theScore at -140",1057279105,4a6dcac94e4279ba0acbd1f6376b6df2,2026-03-05T03:40:00+00:00,player_rebounds,False,Pending,,,
4a6dcac94e4279ba0acbd1f6376b6df2_274_player_points_Over_26.5_hardrockbet_2026-03-04 22:37,2026-03-04T22:37:28.315817-05:00,LAC Clippers vs IND Pacers (10:40 PM EST),Kawhi Leonard,Points,Over,26.5,-120,HardRockBet,2.83,50.0,10,False,"theScore at -160, Pinnacle at -128",274,4a6dcac94e4279ba0acbd1f6376b6df2,2026-03-05T03:40:00+00:00,player_points,False,Pending,,,
4a6dcac94e4279ba0acbd1f6376b6df2_274_player_points_Over_26.5_betmgm_2026-03-04 22:37,2026-03-04T22:37:32.646481-05:00,LAC Clippers vs IND Pacers (10:40 PM EST),Kawhi Leonard,Points,Over,26.5,-120,BetMGM,2.83,50.0,10,False,"theScore at -160, Pinnacle at -128",274,4a6dcac94e4279ba0acbd1f6376b6df2,2026-03-05T03:40:00+00:00,player_points,False,Pending,,,
bc0cdadc5e95e588b0a1ea210243fa52_1028025235_player_rebounds_assists_Under_8.5_hardrockbet_2026-03-05 08:29,2026-03-05T08:29:50.234155-05:00,WAS Wizards vs UTA Jazz (7:10 PM EST),Carlton Carrington,Rebounds Assists,Under,8.5,100,HardRockBet,3.62,60.0,10,False,"FanDuel at -125, DraftKings at -129, theScore at -120",1028025235,bc0cdadc5e95e588b0a1ea210243fa52,2026-03-06T00:10:00+00:00,player_rebounds_assists,False,Pending,,,
9096d55ba6f3120da3126b404e48d023_1028036986_player_points_assists_Under_15.5_hardrockbet_2026-03-05 08:30,2026-03-05T08:30:03.591027-05:00,MIA Heat vs BKN Nets (7:40 PM EST),Pelle Larsson,Points Assists,Under,15.5,100,HardRockBet,2.08,60.0,10,False,"FanDuel at -125, DraftKings at -117, theScore at -115",1028036986,9096d55ba6f3120da3126b404e48d023,2026-03-06T00:40:00+00:00,player_points_assists,False,Pending,,,
f7585c5c396d85403879fd5cd3097302_795959473_player_rebounds_Under_2.5_hardrockbet_2026-03-05 08:30,2026-03-05T08:30:23.320222-05:00,HOU Rockets vs GSW Warriors (7:40 PM EST),Pat Spencer,Rebounds,Under,2.5,100,HardRockBet,5.13,50.0,10,False,"FanDuel at -130, DraftKings at -129, theScore at -125",795959473,f7585c5c396d85403879fd5cd3097302,2026-03-06T00:40:00+00:00,player_rebounds,False,Pending,,,
405300ced4b3e611f8d6cc145e5cc9da_38017649_player_points_rebounds_Over_15.5_betmgm_2026-03-05 08:30,2026-03-05T08:30:54.403922-05:00,SAS Spurs vs DET Pistons (8:10 PM EST),Julian Champagnie,Points Rebounds,Over,15.5,-105,BetMGM,2.62,40.0,10,False,"FanDuel at -130, DraftKings at -129, theScore at -125",38017649,405300ced4b3e611f8d6cc145e5cc9da,2026-03-06T01:10:00+00:00,player_points_rebounds,False,Pending,,,
2bcbbf1e576480f97be0401eb089cd5a_132_player_rebounds_assists_Under_15.5_hardrockbet_2026-03-05 08:31,2026-03-05T08:31:39.051208-05:00,DEN Nuggets vs LAL Lakers (10:10 PM EST),Luka Doncic,Rebounds Assists,Under,15.5,110,HardRockBet,2.39,50.0,10,False,"FanDuel at -104, DraftKings at -121, theScore at -110",132,2bcbbf1e576480f97be0401eb089cd5a,2026-03-06T03:10:00+00:00,player_rebounds_assists,False,Pending,,,
3a3ada953e9680525dd22a739ea65ffd_1057276634_player_assists_Over_3.5_hardrockbet_2026-03-05 08:31,2026-03-05T08:31:48.355263-05:00,SAC Kings vs NOP Pelicans (10:10 PM EST),Nique Clifford,Assists,Over,3.5,-110,HardRockBet,4.56,80.0,10,True,"FanDuel at -144, DraftKings at -139, theScore at -140",1057276634,3a3ada953e9680525dd22a739ea65ffd,2026-03-06T03:10:00+00:00,player_assists,False,Pending,,,
9096d55ba6f3120da3126b404e48d023_1028036986_player_points_rebounds_assists_Under_19.5_betmgm_2026-03-05 08:37,2026-03-05T08:37:10.815760-05:00,MIA Heat vs BKN Nets (7:40 PM EST),Pelle Larsson,Points Rebounds Assists,Under,19.5,100,BetMGM,3.75,50.0,10,False,"DraftKings at -123, theScore at -125",1028036986,9096d55ba6f3120da3126b404e48d023,2026-03-06T00:40:00+00:00,player_points_rebounds_assists,False,Pending,,,
9096d55ba6f3120da3126b404e48d023_1028036986_player_points_rebounds_assists_Under_19.5_hardrockbet_2026-03-05 08:37,2026-03-05T08:37:15.474592-05:00,MIA Heat vs BKN Nets (7:40 PM EST),Pelle Larsson,Points Rebounds Assists,Under,19.5,100,HardRockBet,3.75,50.0,10,False,"DraftKings at -123, theScore at -125",1028036986,9096d55ba6f3120da3126b404e48d023,2026-03-06T00:40:00+00:00,player_points_rebounds_assists,False,Pending,,,
2bcbbf1e576480f97be0401eb089cd5a_132_player_assists_Under_8.5_betparx_2026-03-05 08:38,2026-03-05T08:38:27.512663-05:00,DEN Nuggets vs LAL Lakers (10:10 PM EST),Luka Doncic,Assists,Under,8.5,-114,BetParx,2.08,70.0,10,False,"FanDuel at -136, DraftKings at -138, theScore at -145",132,2bcbbf1e576480f97be0401eb089cd5a,2026-03-06T03:10:00+00:00,player_assists,False,Pending,,,
2bcbbf1e576480f97be0401eb089cd5a_132_player_rebounds_assists_Under_15.5_hardrockbet_2026-03-05 08:38,2026-03-05T08:38:35.320517-05:00,DEN Nuggets vs LAL Lakers (10:10 PM EST),Luka Doncic,Rebounds Assists,Under,15.5,110,HardRockBet,2.57,50.0,10,False,"FanDuel at -106, DraftKings at -117, theScore at -110",132,2bcbbf1e576480f97be0401eb089cd5a,2026-03-06T03:10:00+00:00,player_rebounds_assists,False,Pending,,,
3a3ada953e9680525dd22a739ea65ffd_1057276634_player_assists_Over_3.5_hardrockbet_2026-03-05 08:50,2026-03-05T08:50:09.859384-05:00,SAC Kings vs NOP Pelicans (10:10 PM EST),Nique Clifford,Assists,Over,3.5,-110,HardRockBet,5.46,80.0,10,True,"FanDuel at -146, DraftKings at -139, theScore at -145",1057276634,3a3ada953e9680525dd22a739ea65ffd,2026-03-06T03:10:00+00:00,player_assists,False,Pending,,,
3a3ada953e9680525dd22a739ea65ffd_1057276634_player_assists_Over_3.5_hardrockbet_2026-03-05 08:55,2026-03-05T08:55:16.237535-05:00,SAC Kings vs NOP Pelicans (10:10 PM EST),Nique Clifford,Assists,Over,3.5,-110,HardRockBet,5.63,80.0,10,True,"FanDuel at -144, DraftKings at -139, theScore at -150",1057276634,3a3ada953e9680525dd22a739ea65ffd,2026-03-06T03:10:00+00:00,player_assists,False,Pending,,,
3a3ada953e9680525dd22a739ea65ffd_18677986_player_rebounds_assists_Under_9.5_hardrockbet_2026-03-05 08:55,2026-03-05T08:55:26.337531-05:00,SAC Kings vs NOP Pelicans (10:10 PM EST),Trey Murphy III,Rebounds Assists,Under,9.5,-110,HardRockBet,4.82,40.0,10,False,"DraftKings at -128, theScore at -150",18677986,3a3ada953e9680525dd22a739ea65ffd,2026-03-06T03:10:00+00:00,player_rebounds_assists,False,Pending,,,
bc0cdadc5e95e588b0a1ea210243fa52_1028025235_player_rebounds_assists_Under_8.5_hardrockbet_2026-03-05 09:00,2026-03-05T09:00:35.676366-05:00,WAS Wizards vs UTA Jazz (7:10 PM EST),Carlton Carrington,Rebounds Assists,Under,8.5,100,HardRockBet,2.52,60.0,10,False,"FanDuel at -118, DraftKings at -129, theScore at -120",1028025235,bc0cdadc5e95e588b0a1ea210243fa52,2026-03-06T00:10:00+00:00,player_rebounds_assists,False,Pending,,,
9096d55ba6f3120da3126b404e48d023_56677843_player_points_rebounds_Under_15.5_betmgm_2026-03-05 09:00,2026-03-05T09:00:49.172295-05:00,MIA Heat vs BKN Nets (7:40 PM EST),Noah Clowney,Points Rebounds,Under,15.5,100,BetMGM,2.63,50.0,10,False,"FanDuel at -120, DraftKings at -128, theScore at -120",56677843,9096d55ba6f3120da3126b404e48d023,2026-03-06T00:40:00+00:00,player_points_rebounds,False,Pending,,,
9433b263c495c0f5968b95317cc639f6_17896073_player_points_rebounds_assists_Over_22.5_betparx_2026-03-05 09:07,2026-03-05T09:07:13.788403-05:00,ORL Magic vs DAL Mavericks (7:10 PM EST),Jalen Suggs,Points Rebounds Assists,Over,22.5,-103,BetParx,2.06,40.0,10,False,"FanDuel at -122, DraftKings at -127, theScore at -125",17896073,9433b263c495c0f5968b95317cc639f6,2026-03-06T00:10:00+00:00,player_points_rebounds_assists,False,Pending,,,
bc0cdadc5e95e588b0a1ea210243fa52_1028025235_player_rebounds_assists_Under_8.5_hardrockbet_2026-03-05 09:12,2026-03-05T09:12:27.638642-05:00,WAS Wizards vs UTA Jazz (7:10 PM EST),Carlton Carrington,Rebounds Assists,Under,8.5,100,HardRockBet,3.73,60.0,10,False,"FanDuel at -122, DraftKings at -129, theScore at -125",1028025235,bc0cdadc5e95e588b0a1ea210243fa52,2026-03-06T00:10:00+00:00,player_rebounds_assists,False,Pending,,,
2bcbbf1e576480f97be0401eb089cd5a_132_player_rebounds_assists_Under_15.5_hardrockbet_2026-03-05 09:19,2026-03-05T09:19:00.910987-05:00,DEN Nuggets vs LAL Lakers (10:10 PM EST),Luka Doncic,Rebounds Assists,Under,15.5,110,HardRockBet,4.96,50.0,10,False,"FanDuel at -114, DraftKings at -114, theScore at -115",132,2bcbbf1e576480f97be0401eb089cd5a,2026-03-06T03:10:00+00:00,player_rebounds_assists,False,Pending,,,
405300ced4b3e611f8d6cc145e5cc9da_1028025261_player_assists_Under_6.5_betmgm_2026-03-05 09:48,2026-03-05T09:48:02.061827-05:00,SAS Spurs vs DET Pistons (8:10 PM EST),Stephon Castle,Assists,Under,6.5,100,BetMGM,2.84,60.0,10,False,"FanDuel at -122, DraftKings at -125, theScore at -120",1028025261,405300ced4b3e611f8d6cc145e5cc9da,2026-03-06T01:10:00+00:00,player_assists,False,Pending,,,
3a3ada953e9680525dd22a739ea65ffd_18677986_player_rebounds_assists_Under_9.5_hardrockbet_2026-03-05 09:48,2026-03-05T09:48:34.625357-05:00,SAC Kings vs NOP Pelicans (10:10 PM EST),Trey Murphy III,Rebounds Assists,Under,9.5,-110,HardRockBet,4.05,40.0,10,False,"DraftKings at -140, theScore at -140",18677986,3a3ada953e9680525dd22a739ea65ffd,2026-03-06T03:10:00+00:00,player_rebounds_assists,False,Pending,,,
f7585c5c396d85403879fd5cd3097302_795959473_player_rebounds_Over_2.5_betmgm_2026-03-05 09:53,2026-03-05T09:53:43.446808-05:00,HOU Rockets vs GSW Warriors (7:40 PM EST),Pat Spencer,Rebounds,Over,2.5,100,BetMGM,3.58,50.0,10,False,"FanDuel at -128, DraftKings at -122, theScore at -120",795959473,f7585c5c396d85403879fd5cd3097302,2026-03-06T00:40:00+00:00,player_rebounds,False,Pending,,,
3a3ada953e9680525dd22a739ea65ffd_18677986_player_rebounds_assists_Under_9.5_hardrockbet_2026-03-05 09:54,2026-03-05T09:54:05.501285-05:00,SAC Kings vs NOP Pelicans (10:10 PM EST),Trey Murphy III,Rebounds Assists,Under,9.5,-110,HardRockBet,5.19,40.0,10,False,"DraftKings at -140, theScore at -145",18677986,3a3ada953e9680525dd22a739ea65ffd,2026-03-06T03:10:00+00:00,player_rebounds_assists,False,Pending,,,
f7585c5c396d85403879fd5cd3097302_140_player_assists_Under_4.5_hardrockbet_2026-03-05 09:59,2026-03-05T09:59:23.239932-05:00,HOU Rockets vs GSW Warriors (7:40 PM EST),Kevin Durant,Assists,Under,4.5,110,HardRockBet,5.45,60.0,10,False,"FanDuel at -118, DraftKings at -119, theScore at -115, Pinnacle at -105",140,f7585c5c396d85403879fd5cd3097302,2026-03-06T00:40:00+00:00,player_assists,False,Pending,,,
9096d55ba6f3120da3126b404e48d023_666508_player_rebounds_assists_Under_10.5_hardrockbet_2026-03-05 10:05,2026-03-05T10:05:09.918000-05:00,MIA Heat vs BKN Nets (7:40 PM EST),Nicolas Claxton,Rebounds Assists,Under,10.5,100,HardRockBet,7.47,70.0,10,False,"DraftKings at -128, theScore at -140",666508,9096d55ba6f3120da3126b404e48d023,2026-03-06T00:40:00+00:00,player_rebounds_assists,False,Pending,,,
f7585c5c396d85403879fd5cd3097302_140_player_assists_Under_4.5_hardrockbet_2026-03-05 10:05,2026-03-05T10:05:14.829536-05:00,HOU Rockets vs GSW Warriors (7:40 PM EST),Kevin Durant,Assists,Under,4.5,110,HardRockBet,5.54,60.0,10,False,"FanDuel at -120, DraftKings at -119, theScore at -115, Pinnacle at 100",140,f7585c5c396d85403879fd5cd3097302,2026-03-06T00:40:00+00:00,player_assists,False,Pending,,,
f7585c5c396d85403879fd5cd3097302_140_player_rebounds_assists_Under_10.5_hardrockbet_2026-03-05 10:05,2026-03-05T10:05:19.886236-05:00,HOU Rockets vs GSW Warriors (7:40 PM EST),Kevin Durant,Rebounds Assists,Under,10.5,100,HardRockBet,6.02,50.0,10,False,"FanDuel at -136, DraftKings at -128, theScore at -125",140,f7585c5c396d85403879fd5cd3097302,2026-03-06T00:40:00+00:00,player_rebounds_assists,False,Pending,,,
2bcbbf1e576480f97be0401eb089cd5a_132_player_rebounds_assists_Under_15.5_hardrockbet_2026-03-05 10:05,2026-03-05T10:05:38.091010-05:00,DEN Nuggets vs LAL Lakers (10:10 PM EST),Luka Doncic,Rebounds Assists,Under,15.5,110,HardRockBet,5.25,50.0,10,False,"FanDuel at -118, DraftKings at -110, theScore at -115",132,2bcbbf1e576480f97be0401eb089cd5a,2026-03-06T03:10:00+00:00,player_rebounds_assists,False,Pending,,,
9096d55ba6f3120da3126b404e48d023_375_player_assists_Under_2.5_betparx_2026-03-05 10:10,2026-03-05T10:10:59.373178-05:00,MIA Heat vs BKN Nets (7:40 PM EST),Michael Porter Jr,Assists,Under,2.5,-109,BetParx,2.69,50.0,10,False,"FanDuel at -136, DraftKings at -135, theScore at -130",375,9096d55ba6f3120da3126b404e48d023,2026-03-06T00:40:00+00:00,player_assists,False,Pending,,,
9096d55ba6f3120da3126b404e48d023_375_player_assists_Under_2.5_betrivers_2026-03-05 10:11,2026-03-05T10:11:04.229567-05:00,MIA Heat vs BKN Nets (7:40 PM EST),Michael Porter Jr,Assists,Under,2.5,-110,BetRivers,2.24,50.0,10,False,"FanDuel at -136, DraftKings at -135, theScore at -130",375,9096d55ba6f3120da3126b404e48d023,2026-03-06T00:40:00+00:00,player_assists,False,Pending,,,
9096d55ba6f3120da3126b404e48d023_666508_player_points_rebounds_assists_Over_21.5_betparx_2026-03-05 10:11,2026-03-05T10:11:19.174843-05:00,MIA Heat vs BKN Nets (7:40 PM EST),Nicolas Claxton,Points Rebounds Assists,Over,21.5,105,BetParx,2.5,50.0,10,False,"DraftKings at -115, theScore at -115",666508,9096d55ba6f3120da3126b404e48d023,2026-03-06T00:40:00+00:00,player_points_rebounds_assists,False,Pending,,,
9096d55ba6f3120da3126b404e48d023_666508_player_points_rebounds_assists_Over_21.5_betrivers_2026-03-05 10:11,2026-03-05T10:11:24.144024-05:00,MIA Heat vs BKN Nets (7:40 PM EST),Nicolas Claxton,Points Rebounds Assists,Over,21.5,105,BetRivers,2.5,50.0,10,False,"DraftKings at -115, theScore at -115",666508,9096d55ba6f3120da3126b404e48d023,2026-03-06T00:40:00+00:00,player_points_rebounds_assists,False,Pending,,,
9096d55ba6f3120da3126b404e48d023_666508_player_points_rebounds_assists_Over_21.5_ballybet_2026-03-05 10:11,2026-03-05T10:11:30.526259-05:00,MIA Heat vs BKN Nets (7:40 PM EST),Nicolas Claxton,Points Rebounds Assists,Over,21.5,105,BallyBet,2.5,50.0,10,False,"DraftKings at -115, theScore at -115",666508,9096d55ba6f3120da3126b404e48d023,2026-03-06T00:40:00+00:00,player_points_rebounds_assists,False,Pending,,,
2bcbbf1e576480f97be0401eb089cd5a_17553995_player_rebounds_assists_Over_7.5_betmgm_2026-03-05 10:17,2026-03-05T10:17:35.152504-05:00,DEN Nuggets vs LAL Lakers (10:10 PM EST),Austin Reaves,Rebounds Assists,Over,7.5,-120,BetMGM,2.34,60.0,10,False,"DraftKings at -142, theScore at -150",17553995,2bcbbf1e576480f97be0401eb089cd5a,2026-03-06T03:10:00+00:00,player_rebounds_assists,False,Pending,,,
2bcbbf1e576480f97be0401eb089cd5a_17553995_player_rebounds_assists_Over_7.5_hardrockbet_2026-03-05 10:17,2026-03-05T10:17:39.997894-05:00,DEN Nuggets vs LAL Lakers (10:10 PM EST),Austin Reaves,Rebounds Assists,Over,7.5,-120,HardRockBet,2.34,60.0,10,False,"DraftKings at -142, theScore at -150",17553995,2bcbbf1e576480f97be0401eb089cd5a,2026-03-06T03:10:00+00:00,player_rebounds_assists,False,Pending,,,
405300ced4b3e611f8d6cc145e5cc9da_1028025261_player_points_Under_15.5_hardrockbet_2026-03-05 10:23,2026-03-05T10:23:31.001549-05:00,SAS Spurs vs DET Pistons (8:10 PM EST),Stephon Castle,Points,Under,15.5,100,HardRockBet,2.42,50.0,10,False,"FanDuel at -125, DraftKings at -121, theScore at -120, Pinnacle at -106",1028025261,405300ced4b3e611f8d6cc145e5cc9da,2026-03-06T01:10:00+00:00,player_points,False,Pending,,,
405300ced4b3e611f8d6cc145e5cc9da_1028025261_player_points_Under_15.5_betmgm_2026-03-05 10:23,2026-03-05T10:23:38.668009-05:00,SAS Spurs vs DET Pistons (8:10 PM EST),Stephon Castle,Points,Under,15.5,100,BetMGM,2.42,50.0,10,False,"FanDuel at -125, DraftKings at -121, theScore at -120, Pinnacle at -106",1028025261,405300ced4b3e611f8d6cc145e5cc9da,2026-03-06T01:10:00+00:00,player_points,False,Pending,,,
2838ee4e0a7f60e2fb0fb134a84c3a76_351_player_rebounds_assists_Under_8.5_hardrockbet_2026-03-05 10:57,2026-03-05T10:57:43.003128-05:00,PHX Suns vs CHI Bulls (9:10 PM EST),Royce O'Neale,Rebounds Assists,Under,8.5,110,HardRockBet,2.06,60.0,10,False,"FanDuel at -110, DraftKings at -108, theScore at -105",351,2838ee4e0a7f60e2fb0fb134a84c3a76,2026-03-06T02:10:00+00:00,player_rebounds_assists,False,Pending,,,
9433b263c495c0f5968b95317cc639f6_38017697_player_points_rebounds_assists_Over_19.5_betparx_2026-03-05 11:14,2026-03-05T11:14:11.265482-05:00,ORL Magic vs DAL Mavericks (7:10 PM EST),Max Christie,Points Rebounds Assists,Over,19.5,107,BetParx,2.89,60.0,10,False,"DraftKings at -113, theScore at -115, Pinnacle at -110",38017697,9433b263c495c0f5968b95317cc639f6,2026-03-06T00:10:00+00:00,player_points_rebounds_assists,False,Pending,,,
2bcbbf1e576480f97be0401eb089cd5a_132_player_rebounds_assists_Under_15.5_hardrockbet_2026-03-05 11:42,2026-03-05T11:42:36.083301-05:00,DEN Nuggets vs LAL Lakers (10:10 PM EST),Luka Doncic,Rebounds Assists,Under,15.5,110,HardRockBet,3.34,50.0,10,False,"FanDuel at -112, DraftKings at -110, theScore at -110",132,2bcbbf1e576480f97be0401eb089cd5a,2026-03-06T03:10:00+00:00,player_rebounds_assists,False,Pending,,,
9433b263c495c0f5968b95317cc639f6_38017697_player_points_rebounds_assists_Over_19.5_betparx_2026-03-05 11:58,2026-03-05T11:58:41.011875-05:00,ORL Magic vs DAL Mavericks (7:10 PM EST),Max Christie,Points Rebounds Assists,Over,19.5,104,BetParx,2.51,60.0,10,False,"DraftKings at -109, theScore at -120, Pinnacle at -117",38017697,9433b263c495c0f5968b95317cc639f6,2026-03-06T00:10:00+00:00,player_points_rebounds_assists,False,Pending,,,
405300ced4b3e611f8d6cc145e5cc9da_17896075_player_assists_Under_9.5_betmgm_2026-03-05 11:58,2026-03-05T11:58:59.400604-05:00,SAS Spurs vs DET Pistons (8:10 PM EST),Cade Cunningham,Assists,Under,9.5,110,BetMGM,3.55,40.0,10,False,"FanDuel at -114, DraftKings at -111, theScore at -115, Pinnacle at 110",17896075,405300ced4b3e611f8d6cc145e5cc9da,2026-03-06T01:10:00+00:00,player_assists,False,Pending,,,
405300ced4b3e611f8d6cc145e5cc9da_17896075_player_assists_Under_9.5_betrivers_2026-03-05 11:59,2026-03-05T11:59:04.654106-05:00,SAS Spurs vs DET Pistons (8:10 PM EST),Cade Cunningham,Assists,Under,9.5,110,BetRivers,3.55,40.0,10,False,"FanDuel at -114, DraftKings at -111, theScore at -115, Pinnacle at 110",17896075,405300ced4b3e611f8d6cc145e5cc9da,2026-03-06T01:10:00+00:00,player_assists,False,Pending,,,
2bcbbf1e576480f97be0401eb089cd5a_132_player_rebounds_assists_Under_15.5_hardrockbet_2026-03-05 12:15,2026-03-05T12:15:50.765911-05:00,DEN Nuggets vs LAL Lakers (10:10 PM EST),Luka Doncic,Rebounds Assists,Under,15.5,105,HardRockBet,2.37,50.0,10,False,"FanDuel at -114, DraftKings at -113, theScore at -115",132,2bcbbf1e576480f97be0401eb089cd5a,2026-03-06T03:10:00+00:00,player_rebounds_assists,False,Pending,,,
2838ee4e0a7f60e2fb0fb134a84c3a76_8_player_rebounds_Under_3.5_betrivers_2026-03-05 12:21,2026-03-05T12:21:33.156395-05:00,PHX Suns vs CHI Bulls (9:10 PM EST),Grayson Allen,Rebounds,Under,3.5,104,BetRivers,2.17,70.0,10,False,"FanDuel at -120, DraftKings at -112, theScore at -110",8,2838ee4e0a7f60e2fb0fb134a84c3a76,2026-03-06T02:10:00+00:00,player_rebounds,False,Pending,,,
2838ee4e0a7f60e2fb0fb134a84c3a76_8_player_rebounds_Under_3.5_betparx_2026-03-05 12:21,2026-03-05T12:21:37.846601-05:00,PHX Suns vs CHI Bulls (9:10 PM EST),Grayson Allen,Rebounds,Under,3.5,106,BetParx,3.17,70.0,10,False,"FanDuel at -120, DraftKings at -112, theScore at -110",8,2838ee4e0a7f60e2fb0fb134a84c3a76,2026-03-06T02:10:00+00:00,player_rebounds,False,Pending,,,
405300ced4b3e611f8d6cc145e5cc9da_17896075_player_points_Under_26.5_draftkings_2026-03-05 12:32,2026-03-05T12:32:46.638712-05:00,SAS Spurs vs DET Pistons (8:10 PM EST),Cade Cunningham,Points,Under,26.5,-112,DraftKings,2.08,50.0,10,False,"theScore at -140, Pinnacle at -129",17896075,405300ced4b3e611f8d6cc145e5cc9da,2026-03-06T01:10:00+00:00,player_points,False,Pending,,,
9433b263c495c0f5968b95317cc639f6_38017697_player_points_rebounds_assists_Over_19.5_betparx_2026-03-05 12:38,2026-03-05T12:38:12.550748-05:00,ORL Magic vs DAL Mavericks (7:10 PM EST),Max Christie,Points Rebounds Assists,Over,19.5,104,BetParx,2.35,60.0,10,False,"DraftKings at -115, theScore at -115, Pinnacle at -119",38017697,9433b263c495c0f5968b95317cc639f6,2026-03-06T00:10:00+00:00,player_points_rebounds_assists,False,Pending,,,
0aac7c0b9b7350238d921ab4c6faf26d_176_player_points_rebounds_assists_Over_23.5_betmgm_2026-03-05 12:38,2026-03-05T12:38:36.297320-05:00,MIN Timberwolves vs TOR Raptors (8:10 PM EST),Rudy Gobert,Points Rebounds Assists,Over,23.5,110,BetMGM,5.02,70.0,10,False,"FanDuel at -122, DraftKings at -120, theScore at -110, Pinnacle at 106",176,0aac7c0b9b7350238d921ab4c6faf26d,2026-03-06T01:10:00+00:00,player_points_rebounds_assists,False,Pending,,,
2838ee4e0a7f60e2fb0fb134a84c3a76_351_player_rebounds_assists_Under_8.5_hardrockbet_2026-03-05 12:38,2026-03-05T12:38:52.934303-05:00,PHX Suns vs CHI Bulls (9:10 PM EST),Royce O'Neale,Rebounds Assists,Under,8.5,110,HardRockBet,3.13,60.0,10,False,"FanDuel at -112, DraftKings at -108, theScore at -110",351,2838ee4e0a7f60e2fb0fb134a84c3a76,2026-03-06T02:10:00+00:00,player_rebounds_assists,False,Pending,,,
9433b263c495c0f5968b95317cc639f6_38017697_player_points_rebounds_assists_Over_19.5_betrivers_2026-03-05 12:44,2026-03-05T12:44:17.763057-05:00,ORL Magic vs DAL Mavericks (7:10 PM EST),Max Christie,Points Rebounds Assists,Over,19.5,102,BetRivers,2.02,60.0,10,False,"DraftKings at -121, theScore at -115, Pinnacle at -119",38017697,9433b263c495c0f5968b95317cc639f6,2026-03-06T00:10:00+00:00,player_points_rebounds_assists,False,Pending,,,
9433b263c495c0f5968b95317cc639f6_38017697_player_points_rebounds_assists_Over_19.5_ballybet_2026-03-05 12:44,2026-03-05T12:44:22.421062-05:00,ORL Magic vs DAL Mavericks (7:10 PM EST),Max Christie,Points Rebounds Assists,Over,19.5,102,BallyBet,2.02,60.0,10,False,"DraftKings at -121, theScore at -115, Pinnacle at -119",38017697,9433b263c495c0f5968b95317cc639f6,2026-03-06T00:10:00+00:00,player_points_rebounds_assists,False,Pending,,,
9433b263c495c0f5968b95317cc639f6_38017697_player_points_rebounds_assists_Over_19.5_betparx_2026-03-05 12:49,2026-03-05T12:49:57.786500-05:00,ORL Magic vs DAL Mavericks (7:10 PM EST),Max Christie,Points Rebounds Assists,Over,19.5,106,BetParx,5.29,60.0,10,False,"DraftKings at -121, theScore at -120, Pinnacle at -121",38017697,9433b263c495c0f5968b95317cc639f6,2026-03-06T00:10:00+00:00,player_points_rebounds_assists,False,Pending,,,
9433b263c495c0f5968b95317cc639f6_38017697_player_points_rebounds_assists_Over_19.5_betrivers_2026-03-05 12:50,2026-03-05T12:50:02.954551-05:00,ORL Magic vs DAL Mavericks (7:10 PM EST),Max Christie,Points Rebounds Assists,Over,19.5,104,BetRivers,4.27,60.0,10,False,"DraftKings at -121, theScore at -120, Pinnacle at -121",38017697,9433b263c495c0f5968b95317cc639f6,2026-03-06T00:10:00+00:00,player_points_rebounds_assists,False,Pending,,,
9433b263c495c0f5968b95317cc639f6_38017697_player_points_rebounds_assists_Over_19.5_ballybet_2026-03-05 12:50,2026-03-05T12:50:08.500604-05:00,ORL Magic vs DAL Mavericks (7:10 PM EST),Max Christie,Points Rebounds Assists,Over,19.5,104,BallyBet,4.27,60.0,10,False,"DraftKings at -121, theScore at -120, Pinnacle at -121",38017697,9433b263c495c0f5968b95317cc639f6,2026-03-06T00:10:00+00:00,player_points_rebounds_assists,False,Pending,,,
9433b263c495c0f5968b95317cc639f6_3547293_player_points_rebounds_assists_Over_25.5_betparx_2026-03-05 13:01,2026-03-05T13:01:16.422706-05:00,ORL Magic vs DAL Mavericks (7:10 PM EST),Naji Marshall,Points Rebounds Assists,Over,25.5,102,BetParx,2.76,40.0,10,False,"DraftKings at -118, theScore at -120, Pinnacle at -120",3547293,9433b263c495c0f5968b95317cc639f6,2026-03-06T00:10:00+00:00,player_points_rebounds_assists,False,Pending,,,
405300ced4b3e611f8d6cc145e5cc9da_1028025261_player_assists_Under_6.5_hardrockbet_2026-03-05 13:23,2026-03-05T13:23:42.032861-05:00,SAS Spurs vs DET Pistons (8:10 PM EST),Stephon Castle,Assists,Under,6.5,105,HardRockBet,6.77,60.0,10,False,"FanDuel at -125, DraftKings at -137, theScore at -120",1028025261,405300ced4b3e611f8d6cc145e5cc9da,2026-03-06T01:10:00+00:00,player_assists,False,Pending,,,
9096d55ba6f3120da3126b404e48d023_666508_player_assists_Under_3.5_espnbet_2026-03-05 13:51,2026-03-05T13:51:41.398992-05:00,MIA Heat vs BKN Nets (7:40 PM EST),Nicolas Claxton,Assists,Under,3.5,-115,theScore,2.17,60.0,10,False,"FanDuel at -158, DraftKings at -124, Pinnacle at -116",666508,9096d55ba6f3120da3126b404e48d023,2026-03-06T00:40:00+00:00,player_assists,False,Pending,,,
9096d55ba6f3120da3126b404e48d023_375_player_assists_Under_2.5_betparx_2026-03-05 14:03,2026-03-05T14:03:15.603282-05:00,MIA Heat vs BKN Nets (7:40 PM EST),Michael Porter Jr,Assists,Under,2.5,-107,BetParx,3.1,50.0,10,False,"FanDuel at -138, DraftKings at -130, theScore at -125",375,9096d55ba6f3120da3126b404e48d023,2026-03-06T00:40:00+00:00,player_assists,False,Pending,,,
9096d55ba6f3120da3126b404e48d023_375_player_assists_Under_2.5_betrivers_2026-03-05 14:03,2026-03-05T14:03:20.477210-05:00,MIA Heat vs BKN Nets (7:40 PM EST),Michael Porter Jr,Assists,Under,2.5,-109,BetRivers,2.18,50.0,10,False,"FanDuel at -138, DraftKings at -130, theScore at -125",375,9096d55ba6f3120da3126b404e48d023,2026-03-06T00:40:00+00:00,player_assists,False,Pending,,,
0aac7c0b9b7350238d921ab4c6faf26d_3547269_player_points_Over_17.5_hardrockbet_2026-03-05 14:03,2026-03-05T14:03:35.135787-05:00,MIN Timberwolves vs TOR Raptors (8:10 PM EST),Immanuel Quickley,Points,Over,17.5,-105,HardRockBet,2.03,60.0,10,False,"FanDuel at -130, DraftKings at -122, theScore at -125, Pinnacle at -124",3547269,0aac7c0b9b7350238d921ab4c6faf26d,2026-03-06T01:10:00+00:00,player_points,False,Pending,,,
9096d55ba6f3120da3126b404e48d023_375_player_points_rebounds_assists_Under_30.5_betparx_2026-03-05 14:20,2026-03-05T14:20:41.522591-05:00,MIA Heat vs BKN Nets (7:40 PM EST),Michael Porter Jr,Points Rebounds Assists,Under,30.5,107,BetParx,2.77,50.0,10,False,"FanDuel at -114, theScore at -110, Pinnacle at -116",375,9096d55ba6f3120da3126b404e48d023,2026-03-06T00:40:00+00:00,player_points_rebounds_assists,False,Pending,,,
405300ced4b3e611f8d6cc145e5cc9da_161_player_rebounds_assists_Under_9.5_hardrockbet_2026-03-05 14:20,2026-03-05T14:20:52.418208-05:00,SAS Spurs vs DET Pistons (8:10 PM EST),De'Aaron Fox,Rebounds Assists,Under,9.5,-120,HardRockBet,2.28,70.0,10,False,"FanDuel at -152, DraftKings at -142, theScore at -145",161,405300ced4b3e611f8d6cc145e5cc9da,2026-03-06T01:10:00+00:00,player_rebounds_assists,False,Pending,,,
bc0cdadc5e95e588b0a1ea210243fa52_1028025235_player_rebounds_Under_3.5_hardrockbet_2026-03-05 14:26,2026-03-05T14:26:29.355100-05:00,WAS Wizards vs UTA Jazz (7:10 PM EST),Carlton Carrington,Rebounds,Under,3.5,110,HardRockBet,3.43,50.0,10,False,"FanDuel at -110, DraftKings at -109, theScore at -115",1028025235,bc0cdadc5e95e588b0a1ea210243fa52,2026-03-06T00:10:00+00:00,player_rebounds,False,Pending,,,
405300ced4b3e611f8d6cc145e5cc9da_1028025261_player_assists_Under_6.5_hardrockbet_2026-03-05 14:26,2026-03-05T14:26:42.758571-05:00,SAS Spurs vs DET Pistons (8:10 PM EST),Stephon Castle,Assists,Under,6.5,100,HardRockBet,3.34,60.0,10,False,"FanDuel at -122, DraftKings at -133, theScore at -120, Pinnacle at -121",1028025261,405300ced4b3e611f8d6cc145e5cc9da,2026-03-06T01:10:00+00:00,player_assists,False,Pending,,,
0aac7c0b9b7350238d921ab4c6faf26d_3547269_player_points_rebounds_assists_Over_27.5_hardrockbet_2026-03-05 14:27,2026-03-05T14:27:01.051485-05:00,MIN Timberwolves vs TOR Raptors (8:10 PM EST),Immanuel Quickley,Points Rebounds Assists,Over,27.5,-105,HardRockBet,2.09,50.0,10,False,"FanDuel at -130, theScore at -130, Pinnacle at -105",3547269,0aac7c0b9b7350238d921ab4c6faf26d,2026-03-06T01:10:00+00:00,player_points_rebounds_assists,False,Pending,,,
0aac7c0b9b7350238d921ab4c6faf26d_3547269_player_points_rebounds_assists_Over_27.5_betmgm_2026-03-05 14:27,2026-03-05T14:27:07.780114-05:00,MIN Timberwolves vs TOR Raptors (8:10 PM EST),Immanuel Quickley,Points Rebounds Assists,Over,27.5,-105,BetMGM,2.09,50.0,10,False,"FanDuel at -130, theScore at -130, Pinnacle at -105",3547269,0aac7c0b9b7350238d921ab4c6faf26d,2026-03-06T01:10:00+00:00,player_points_rebounds_assists,False,Pending,,,
405300ced4b3e611f8d6cc145e5cc9da_1028025261_player_assists_Under_6.5_hardrockbet_2026-03-05 14:32,2026-03-05T14:32:39.310024-05:00,SAS Spurs vs DET Pistons (8:10 PM EST),Stephon Castle,Assists,Under,6.5,100,HardRockBet,3.73,60.0,10,False,"FanDuel at -125, DraftKings at -133, theScore at -120, Pinnacle at -121",1028025261,405300ced4b3e611f8d6cc145e5cc9da,2026-03-06T01:10:00+00:00,player_assists,False,Pending,,,
405300ced4b3e611f8d6cc145e5cc9da_397_player_assists_Over_1.5_betmgm_2026-03-05 14:32,2026-03-05T14:32:50.028951-05:00,SAS Spurs vs DET Pistons (8:10 PM EST),Duncan Robinson,Assists,Over,1.5,-130,BetMGM,2.2,80.0,10,True,"DraftKings at -164, theScore at -160",397,405300ced4b3e611f8d6cc145e5cc9da,2026-03-06T01:10:00+00:00,player_assists,False,Pending,,,
9096d55ba6f3120da3126b404e48d023_1028036986_player_points_assists_Under_15.5_hardrockbet_2026-03-05 14:50,2026-03-05T14:50:04.608931-05:00,MIA Heat vs BKN Nets (7:40 PM EST),Pelle Larsson,Points Assists,Under,15.5,100,HardRockBet,3.06,60.0,10,False,"FanDuel at -132, DraftKings at -113, theScore at -115",1028036986,9096d55ba6f3120da3126b404e48d023,2026-03-06T00:40:00+00:00,player_points_assists,False,Pending,,,
9096d55ba6f3120da3126b404e48d023_1028036986_player_points_assists_Under_15.5_betmgm_2026-03-05 14:55,2026-03-05T14:55:48.700248-05:00,MIA Heat vs BKN Nets (7:40 PM EST),Pelle Larsson,Points Assists,Under,15.5,100,BetMGM,3.06,60.0,10,False,"FanDuel at -132, DraftKings at -113, theScore at -115",1028036986,9096d55ba6f3120da3126b404e48d023,2026-03-06T00:40:00+00:00,player_points_assists,False,Pending,,,
405300ced4b3e611f8d6cc145e5cc9da_1028025261_player_assists_Under_6.5_hardrockbet_2026-03-05 14:55,2026-03-05T14:55:58.294648-05:00,SAS Spurs vs DET Pistons (8:10 PM EST),Stephon Castle,Assists,Under,6.5,100,HardRockBet,3.51,60.0,10,False,"FanDuel at -122, DraftKings at -137, theScore at -120, Pinnacle at -118",1028025261,405300ced4b3e611f8d6cc145e5cc9da,2026-03-06T01:10:00+00:00,player_assists,False,Pending,,,
3a3ada953e9680525dd22a739ea65ffd_3547249_player_points_Under_12.5_betparx_2026-03-05 15:02,2026-03-05T15:02:19.890929-05:00,SAC Kings vs NOP Pelicans (10:10 PM EST),Precious Achiuwa,Points,Under,12.5,102,BetParx,2.46,50.0,10,False,"FanDuel at -122, DraftKings at -106, theScore at -120",3547249,3a3ada953e9680525dd22a739ea65ffd,2026-03-06T03:10:00+00:00,player_points,False,Pending,,,
3a3ada953e9680525dd22a739ea65ffd_3547249_player_points_Under_12.5_betrivers_2026-03-05 15:02,2026-03-05T15:02:25.229868-05:00,SAC Kings vs NOP Pelicans (10:10 PM EST),Precious Achiuwa,Points,Under,12.5,102,BetRivers,2.46,50.0,10,False,"FanDuel at -122, DraftKings at -106, theScore at -120",3547249,3a3ada953e9680525dd22a739ea65ffd,2026-03-06T03:10:00+00:00,player_points,False,Pending,,,
9433b263c495c0f5968b95317cc639f6_3547293_player_assists_Under_3.5_betparx_2026-03-05 15:07,2026-03-05T15:07:38.566331-05:00,ORL Magic vs DAL Mavericks (7:10 PM EST),Naji Marshall,Assists,Under,3.5,-150,BetParx,2.17,60.0,10,False,"FanDuel at -192, theScore at -190",3547293,9433b263c495c0f5968b95317cc639f6,2026-03-06T00:10:00+00:00,player_assists,False,Pending,,,
9433b263c495c0f5968b95317cc639f6_3547293_player_assists_Under_3.5_betrivers_2026-03-05 15:07,2026-03-05T15:07:43.523246-05:00,ORL Magic vs DAL Mavericks (7:10 PM EST),Naji Marshall,Assists,Under,3.5,-150,BetRivers,2.17,60.0,10,False,"FanDuel at -192, theScore at -190",3547293,9433b263c495c0f5968b95317cc639f6,2026-03-06T00:10:00+00:00,player_assists,False,Pending,,,
405300ced4b3e611f8d6cc145e5cc9da_1028025261_player_assists_Under_6.5_hardrockbet_2026-03-05 15:08,2026-03-05T15:08:03.741742-05:00,SAS Spurs vs DET Pistons (8:10 PM EST),Stephon Castle,Assists,Under,6.5,100,HardRockBet,3.91,60.0,10,False,"FanDuel at -125, DraftKings at -137, theScore at -120, Pinnacle at -118",1028025261,405300ced4b3e611f8d6cc145e5cc9da,2026-03-06T01:10:00+00:00,player_assists,False,Pending,,,
bc0cdadc5e95e588b0a1ea210243fa52_1028025235_player_rebounds_Under_3.5_hardrockbet_2026-03-05 15:13,2026-03-05T15:13:51.230558-05:00,WAS Wizards vs UTA Jazz (7:10 PM EST),Carlton Carrington,Rebounds,Under,3.5,110,HardRockBet,3.06,50.0,10,False,"FanDuel at -108, DraftKings at -105, theScore at -115",1028025235,bc0cdadc5e95e588b0a1ea210243fa52,2026-03-06T00:10:00+00:00,player_rebounds,False,Pending,,,
9433b263c495c0f5968b95317cc639f6_38017683_player_points_Over_23.5_draftkings_2026-03-05 15:24,2026-03-05T15:24:49.794817-05:00,ORL Magic vs DAL Mavericks (7:10 PM EST),Paolo Banchero,Points,Over,23.5,-114,DraftKings,2.58,50.0,10,False,"theScore at -145, Pinnacle at -129",38017683,9433b263c495c0f5968b95317cc639f6,2026-03-06T00:10:00+00:00,player_points,False,Pending,,,
9433b263c495c0f5968b95317cc639f6_3547293_player_assists_Under_3.5_betparx_2026-03-05 15:25,2026-03-05T15:25:06.958141-05:00,ORL Magic vs DAL Mavericks (7:10 PM EST),Naji Marshall,Assists,Under,3.5,-143,BetParx,3.49,60.0,10,False,"FanDuel at -186, theScore at -180",3547293,9433b263c495c0f5968b95317cc639f6,2026-03-06T00:10:00+00:00,player_assists,False,Pending,,,
9433b263c495c0f5968b95317cc639f6_3547293_player_assists_Under_3.5_betrivers_2026-03-05 15:25,2026-03-05T15:25:12.719396-05:00,ORL Magic vs DAL Mavericks (7:10 PM EST),Naji Marshall,Assists,Under,3.5,-143,BetRivers,3.49,60.0,10,False,"FanDuel at -186, theScore at -180",3547293,9433b263c495c0f5968b95317cc639f6,2026-03-06T00:10:00+00:00,player_assists,False,Pending,,,
9433b263c495c0f5968b95317cc639f6_3547293_player_points_Over_16.5_draftkings_2026-03-05 15:48,2026-03-05T15:48:23.543789-05:00,ORL Magic vs DAL Mavericks (7:10 PM EST),Naji Marshall,Points,Over,16.5,-101,DraftKings,2.59,60.0,10,False,"FanDuel at -118, theScore at -120, Pinnacle at -144",3547293,9433b263c495c0f5968b95317cc639f6,2026-03-06T00:10:00+00:00,player_points,False,Pending,,,
9096d55ba6f3120da3126b404e48d023_666633_player_assists_Over_3.5_betparx_2026-03-05 15:48,2026-03-05T15:48:46.790984-05:00,MIA Heat vs BKN Nets (7:40 PM EST),Tyler Herro,Assists,Over,3.5,107,BetParx,2.16,40.0,10,False,"FanDuel at -113, DraftKings at -106, theScore at -110, Pinnacle at -116",666633,9096d55ba6f3120da3126b404e48d023,2026-03-06T00:40:00+00:00,player_assists,False,Pending,,,
3a3ada953e9680525dd22a739ea65ffd_125_player_assists_Under_4.5_hardrockbet_2026-03-05 15:49,2026-03-05T15:49:22.403766-05:00,SAC Kings vs NOP Pelicans (10:10 PM EST),DeMar DeRozan,Assists,Under,4.5,-145,HardRockBet,3.73,50.0,10,False,"theScore at -200, Pinnacle at -168",125,3a3ada953e9680525dd22a739ea65ffd,2026-03-06T03:10:00+00:00,player_assists,False,Pending,,,
405300ced4b3e611f8d6cc145e5cc9da_1028025261_player_assists_Under_6.5_hardrockbet_2026-03-05 16:12,2026-03-05T16:12:06.075243-05:00,SAS Spurs vs DET Pistons (8:10 PM EST),Stephon Castle,Assists,Under,6.5,100,HardRockBet,4.49,60.0,10,False,"FanDuel at -122, DraftKings at -137, theScore at -125, Pinnacle at -118",1028025261,405300ced4b3e611f8d6cc145e5cc9da,2026-03-06T01:10:00+00:00,player_assists,False,Pending,,,
9433b263c495c0f5968b95317cc639f6_3547293_player_rebounds_Under_4.5_betparx_2026-03-05 16:23,2026-03-05T16:23:07.979295-05:00,ORL Magic vs DAL Mavericks (7:10 PM EST),Naji Marshall,Rebounds,Under,4.5,110,BetParx,2.37,50.0,10,False,"FanDuel at -104, DraftKings at -112, theScore at -115, Pinnacle at 103",3547293,9433b263c495c0f5968b95317cc639f6,2026-03-06T00:10:00+00:00,player_rebounds,False,Pending,,,
bc0cdadc5e95e588b0a1ea210243fa52_1028025235_player_points_Under_11.5_hardrockbet_2026-03-05 16:23,2026-03-05T16:23:16.842766-05:00,WAS Wizards vs UTA Jazz (7:10 PM EST),Carlton Carrington,Points,Under,11.5,-125,HardRockBet,2.06,70.0,10,False,"theScore at -160, Pinnacle at -141",1028025235,bc0cdadc5e95e588b0a1ea210243fa52,2026-03-06T00:10:00+00:00,player_points,False,Pending,,,
9433b263c495c0f5968b95317cc639f6_666577_player_rebounds_Under_6.5_betparx_2026-03-05 16:29,2026-03-05T16:29:10.338923-05:00,ORL Magic vs DAL Mavericks (7:10 PM EST),Daniel Gafford,Rebounds,Under,6.5,-129,BetParx,2.17,80.0,10,False,"FanDuel at -162, theScore at -150",666577,9433b263c495c0f5968b95317cc639f6,2026-03-06T00:10:00+00:00,player_rebounds,False,Pending,,,
9433b263c495c0f5968b95317cc639f6_3547293_player_rebounds_Under_4.5_betrivers_2026-03-05 16:29,2026-03-05T16:29:14.869180-05:00,ORL Magic vs DAL Mavericks (7:10 PM EST),Naji Marshall,Rebounds,Under,4.5,110,BetRivers,2.08,50.0,10,False,"FanDuel at -104, DraftKings at -116, theScore at -110, Pinnacle at 103",3547293,9433b263c495c0f5968b95317cc639f6,2026-03-06T00:10:00+00:00,player_rebounds,False,Pending,,,
9096d55ba6f3120da3126b404e48d023_666633_player_assists_Over_3.5_betparx_2026-03-05 16:29,2026-03-05T16:29:25.669950-05:00,MIA Heat vs BKN Nets (7:40 PM EST),Tyler Herro,Assists,Over,3.5,106,BetParx,2.37,40.0,10,False,"FanDuel at -111, DraftKings at -110, theScore at -115, Pinnacle at -118",666633,9096d55ba6f3120da3126b404e48d023,2026-03-06T00:40:00+00:00,player_assists,False,Pending,,,
2838ee4e0a7f60e2fb0fb134a84c3a76_1028036515_player_rebounds_Under_7.5_williamhill_us_2026-03-05 16:29,2026-03-05T16:29:48.120370-05:00,PHX Suns vs CHI Bulls (9:10 PM EST),Oso Ighodaro,Rebounds,Under,7.5,108,Caesars,2.62,70.0,10,False,"theScore at -115, Pinnacle at -104",1028036515,2838ee4e0a7f60e2fb0fb134a84c3a76,2026-03-06T02:10:00+00:00,player_rebounds,False,Pending,,,
2838ee4e0a7f60e2fb0fb134a84c3a76_1028036515_player_rebounds_Under_7.5_betrivers_2026-03-05 16:29,2026-03-05T16:29:52.889533-05:00,PHX Suns vs CHI Bulls (9:10 PM EST),Oso Ighodaro,Rebounds,Under,7.5,110,BetRivers,3.61,70.0,10,False,"theScore at -115, Pinnacle at -104",1028036515,2838ee4e0a7f60e2fb0fb134a84c3a76,2026-03-06T02:10:00+00:00,player_rebounds,False,Pending,,,
405300ced4b3e611f8d6cc145e5cc9da_17896075_player_points_Under_26.5_hardrockbet_2026-03-05 16:46,2026-03-05T16:46:42.991783-05:00,SAS Spurs vs DET Pistons (8:10 PM EST),Cade Cunningham,Points,Under,26.5,-115,HardRockBet,2.26,50.0,10,False,"theScore at -140, Pinnacle at -145",17896075,405300ced4b3e611f8d6cc145e5cc9da,2026-03-06T01:10:00+00:00,player_points,False,Pending,,,
2838ee4e0a7f60e2fb0fb134a84c3a76_1028036515_player_points_Over_9.5_draftkings_2026-03-05 16:47,2026-03-05T16:47:00.911167-05:00,PHX Suns vs CHI Bulls (9:10 PM EST),Oso Ighodaro,Points,Over,9.5,-103,DraftKings,2.22,40.0,10,False,"FanDuel at -128, theScore at -125, Pinnacle at -111",1028036515,2838ee4e0a7f60e2fb0fb134a84c3a76,2026-03-06T02:10:00+00:00,player_points,False,Pending,,,
2838ee4e0a7f60e2fb0fb134a84c3a76_1028036515_player_points_Over_9.5_draftkings_2026-03-05 16:52,2026-03-05T16:52:38.538298-05:00,PHX Suns vs CHI Bulls (9:10 PM EST),Oso Ighodaro,Points,Over,9.5,-103,DraftKings,2.4,40.0,10,False,"FanDuel at -125, theScore at -125, Pinnacle at -125",1028036515,2838ee4e0a7f60e2fb0fb134a84c3a76,2026-03-06T02:10:00+00:00,player_points,False,Pending,,,
2838ee4e0a7f60e2fb0fb134a84c3a76_351_player_rebounds_assists_Under_8.5_hardrockbet_2026-03-05 16:52,2026-03-05T16:52:43.363239-05:00,PHX Suns vs CHI Bulls (9:10 PM EST),Royce O'Neale,Rebounds Assists,Under,8.5,105,HardRockBet,6.22,60.0,10,False,"FanDuel at -132, DraftKings at -128, theScore at -110",351,2838ee4e0a7f60e2fb0fb134a84c3a76,2026-03-06T02:10:00+00:00,player_rebounds_assists,False,Pending,,,
405300ced4b3e611f8d6cc145e5cc9da_3547246_player_rebounds_Under_3.5_hardrockbet_2026-03-05 17:03,2026-03-05T17:03:56.173192-05:00,SAS Spurs vs DET Pistons (8:10 PM EST),Devin Vassell,Rebounds,Under,3.5,110,HardRockBet,4.11,40.0,10,False,"FanDuel at -113, DraftKings at -112, theScore at -110",3547246,405300ced4b3e611f8d6cc145e5cc9da,2026-03-06T01:10:00+00:00,player_rebounds,False,Pending,,,
405300ced4b3e611f8d6cc145e5cc9da_1028025261_player_assists_Under_6.5_betparx_2026-03-05 17:09,2026-03-05T17:09:57.995651-05:00,SAS Spurs vs DET Pistons (8:10 PM EST),Stephon Castle,Assists,Under,6.5,-115,BetParx,2.01,60.0,10,False,"FanDuel at -150, DraftKings at -147, theScore at -125, Pinnacle at -122",1028025261,405300ced4b3e611f8d6cc145e5cc9da,2026-03-06T01:10:00+00:00,player_assists,False,Pending,,,
405300ced4b3e611f8d6cc145e5cc9da_3547246_player_rebounds_assists_Under_6.5_betmgm_2026-03-05 17:10,2026-03-05T17:10:06.993472-05:00,SAS Spurs vs DET Pistons (8:10 PM EST),Devin Vassell,Rebounds Assists,Under,6.5,-125,BetMGM,3.06,60.0,10,False,"DraftKings at -154, theScore at -160",3547246,405300ced4b3e611f8d6cc145e5cc9da,2026-03-06T01:10:00+00:00,player_rebounds_assists,False,Pending,,,
9433b263c495c0f5968b95317cc639f6_56677827_player_points_Under_15.5_hardrockbet_2026-03-05 17:15,2026-03-05T17:15:37.493063-05:00,ORL Magic vs DAL Mavericks (7:10 PM EST),Anthony Black,Points,Under,15.5,-125,HardRockBet,2.41,60.0,10,False,"theScore at -150, Pinnacle at -166",56677827,9433b263c495c0f5968b95317cc639f6,2026-03-06T00:10:00+00:00,player_points,False,Pending,,,
405300ced4b3e611f8d6cc145e5cc9da_56677822_player_points_rebounds_assists_Over_38.5_betmgm_2026-03-05 17:16,2026-03-05T17:16:19.858893-05:00,SAS Spurs vs DET Pistons (8:10 PM EST),Victor Wembanyama,Points Rebounds Assists,Over,38.5,100,BetMGM,2.39,50.0,10,False,"DraftKings at -120, theScore at -120, Pinnacle at -125",56677822,405300ced4b3e611f8d6cc145e5cc9da,2026-03-06T01:10:00+00:00,player_points_rebounds_assists,False,Pending,,,
2838ee4e0a7f60e2fb0fb134a84c3a76_8_player_rebounds_Under_3.5_hardrockbet_2026-03-05 17:16,2026-03-05T17:16:34.695123-05:00,PHX Suns vs CHI Bulls (9:10 PM EST),Grayson Allen,Rebounds,Under,3.5,-105,HardRockBet,5.42,70.0,10,False,"FanDuel at -146, DraftKings at -117, theScore at -130",8,2838ee4e0a7f60e2fb0fb134a84c3a76,2026-03-06T02:10:00+00:00,player_rebounds,False,Pending,,,
3a3ada953e9680525dd22a739ea65ffd_1057276634_player_points_Under_15.5_hardrockbet_2026-03-05 17:16,2026-03-05T17:16:55.357987-05:00,SAC Kings vs NOP Pelicans (10:10 PM EST),Nique Clifford,Points,Under,15.5,-130,HardRockBet,2.43,80.0,10,False,"theScore at -160, Pinnacle at -170",1057276634,3a3ada953e9680525dd22a739ea65ffd,2026-03-06T03:10:00+00:00,player_points,False,Pending,,,
3a3ada953e9680525dd22a739ea65ffd_125_player_assists_Under_3.5_betmgm_2026-03-05 17:17,2026-03-05T17:17:07.507572-05:00,SAC Kings vs NOP Pelicans (10:10 PM EST),DeMar DeRozan,Assists,Under,3.5,110,BetMGM,4.14,40.0,10,False,"FanDuel at -114, DraftKings at -114, theScore at -115, Pinnacle at 102",125,3a3ada953e9680525dd22a739ea65ffd,2026-03-06T03:10:00+00:00,player_assists,False,Pending,,,
3a3ada953e9680525dd22a739ea65ffd_125_player_assists_Under_3.5_betparx_2026-03-05 17:17,2026-03-05T17:17:12.033381-05:00,SAC Kings vs NOP Pelicans (10:10 PM EST),DeMar DeRozan,Assists,Under,3.5,110,BetParx,4.14,40.0,10,False,"FanDuel at -114, DraftKings at -114, theScore at -115, Pinnacle at 102",125,3a3ada953e9680525dd22a739ea65ffd,2026-03-06T03:10:00+00:00,player_assists,False,Pending,,,
3a3ada953e9680525dd22a739ea65ffd_125_player_assists_Under_3.5_betrivers_2026-03-05 17:17,2026-03-05T17:17:18.372564-05:00,SAC Kings vs NOP Pelicans (10:10 PM EST),DeMar DeRozan,Assists,Under,3.5,107,BetRivers,2.65,40.0,10,False,"FanDuel at -114, DraftKings at -114, theScore at -115, Pinnacle at 102",125,3a3ada953e9680525dd22a739ea65ffd,2026-03-06T03:10:00+00:00,player_assists,False,Pending,,,
2bcbbf1e576480f97be0401eb089cd5a_17553995_player_rebounds_assists_Over_7.5_betmgm_2026-03-05 17:23,2026-03-05T17:23:12.540271-05:00,DEN Nuggets vs LAL Lakers (10:10 PM EST),Austin Reaves,Rebounds Assists,Over,7.5,-125,BetMGM,2.24,60.0,10,False,"DraftKings at -146, theScore at -160",17553995,2bcbbf1e576480f97be0401eb089cd5a,2026-03-06T03:10:00+00:00,player_rebounds_assists,False,Pending,,,
2bcbbf1e576480f97be0401eb089cd5a_17553995_player_rebounds_assists_Over_7.5_hardrockbet_2026-03-05 17:23,2026-03-05T17:23:17.490294-05:00,DEN Nuggets vs LAL Lakers (10:10 PM EST),Austin Reaves,Rebounds Assists,Over,7.5,-125,HardRockBet,2.24,60.0,10,False,"DraftKings at -146, theScore at -160",17553995,2bcbbf1e576480f97be0401eb089cd5a,2026-03-06T03:10:00+00:00,player_rebounds_assists,False,Pending,,,
bc0cdadc5e95e588b0a1ea210243fa52_1028025235_player_rebounds_Under_3.5_hardrockbet_2026-03-05 17:28,2026-03-05T17:28:58.010923-05:00,WAS Wizards vs UTA Jazz (7:10 PM EST),Carlton Carrington,Rebounds,Under,3.5,105,HardRockBet,3.16,50.0,10,False,"FanDuel at -120, DraftKings at -105, theScore at -115",1028025235,bc0cdadc5e95e588b0a1ea210243fa52,2026-03-06T00:10:00+00:00,player_rebounds,False,Pending,,,
f7585c5c396d85403879fd5cd3097302_140_player_points_rebounds_assists_Over_36.5_betparx_2026-03-05 17:29,2026-03-05T17:29:21.600787-05:00,HOU Rockets vs GSW Warriors (7:40 PM EST),Kevin Durant,Points Rebounds Assists,Over,36.5,106,BetParx,2.76,50.0,10,False,"DraftKings at -113, theScore at -115",140,f7585c5c396d85403879fd5cd3097302,2026-03-06T00:40:00+00:00,player_points_rebounds_assists,False,Pending,,,
bc0cdadc5e95e588b0a1ea210243fa52_1028025235_player_rebounds_Under_3.5_hardrockbet_2026-03-05 17:35,2026-03-05T17:35:46.419922-05:00,WAS Wizards vs UTA Jazz (7:10 PM EST),Carlton Carrington,Rebounds,Under,3.5,105,HardRockBet,2.73,50.0,10,False,"FanDuel at -118, DraftKings at -105, theScore at -115",1028025235,bc0cdadc5e95e588b0a1ea210243fa52,2026-03-06T00:10:00+00:00,player_rebounds,False,Pending,,,
9096d55ba6f3120da3126b404e48d023_666633_player_threes_Under_2.5_hardrockbet_2026-03-05 17:36,2026-03-05T17:36:09.470919-05:00,MIA Heat vs BKN Nets (7:40 PM EST),Tyler Herro,Threes,Under,2.5,-135,HardRockBet,2.36,70.0,10,False,"FanDuel at -186, DraftKings at -160, theScore at -160, Pinnacle at -142",666633,9096d55ba6f3120da3126b404e48d023,2026-03-06T00:40:00+00:00,player_threes,False,Pending,,,
3a3ada953e9680525dd22a739ea65ffd_18677986_player_rebounds_Under_4.5_draftkings_2026-03-05 17:36,2026-03-05T17:36:46.236005-05:00,SAC Kings vs NOP Pelicans (10:10 PM EST),Trey Murphy III,Rebounds,Under,4.5,102,DraftKings,2.5,50.0,10,False,"FanDuel at -128, theScore at -105",18677986,3a3ada953e9680525dd22a739ea65ffd,2026-03-06T03:10:00+00:00,player_rebounds,False,Pending,,,
405300ced4b3e611f8d6cc145e5cc9da_56677826_player_points_rebounds_assists_Under_18.5_hardrockbet_2026-03-05 17:42,2026-03-05T17:42:29.036884-05:00,SAS Spurs vs DET Pistons (8:10 PM EST),Ausar Thompson,Points Rebounds Assists,Under,18.5,-105,HardRockBet,2.03,40.0,10,False,"FanDuel at -128, DraftKings at -120, theScore at -125",56677826,405300ced4b3e611f8d6cc145e5cc9da,2026-03-06T01:10:00+00:00,player_points_rebounds_assists,False,Pending,,,
2838ee4e0a7f60e2fb0fb134a84c3a76_8_player_rebounds_Under_3.5_hardrockbet_2026-03-05 17:42,2026-03-05T17:42:50.327026-05:00,PHX Suns vs CHI Bulls (9:10 PM EST),Grayson Allen,Rebounds,Under,3.5,-105,HardRockBet,2.24,70.0,10,False,"FanDuel at -130, DraftKings at -117, theScore at -125",8,2838ee4e0a7f60e2fb0fb134a84c3a76,2026-03-06T02:10:00+00:00,player_rebounds,False,Pending,,,
2bcbbf1e576480f97be0401eb089cd5a_17553995_player_rebounds_assists_Over_7.5_betmgm_2026-03-05 17:43,2026-03-05T17:43:12.111005-05:00,DEN Nuggets vs LAL Lakers (10:10 PM EST),Austin Reaves,Rebounds Assists,Over,7.5,-118,BetMGM,4.14,60.0,10,False,"FanDuel at -154, DraftKings at -146, theScore at -150",17553995,2bcbbf1e576480f97be0401eb089cd5a,2026-03-06T03:10:00+00:00,player_rebounds_assists,False,Pending,,,
2bcbbf1e576480f97be0401eb089cd5a_17553995_player_rebounds_assists_Over_7.5_hardrockbet_2026-03-05 17:43,2026-03-05T17:43:16.717738-05:00,DEN Nuggets vs LAL Lakers (10:10 PM EST),Austin Reaves,Rebounds Assists,Over,7.5,-115,HardRockBet,5.39,60.0,10,False,"FanDuel at -154, DraftKings at -146, theScore at -150",17553995,2bcbbf1e576480f97be0401eb089cd5a,2026-03-06T03:10:00+00:00,player_rebounds_assists,False,Pending,,,
9433b263c495c0f5968b95317cc639f6_666577_player_rebounds_Over_5.5_draftkings_2026-03-05 17:48,2026-03-05T17:48:41.690153-05:00,ORL Magic vs DAL Mavericks (7:10 PM EST),Daniel Gafford,Rebounds,Over,5.5,-139,DraftKings,2.63,50.0,10,False,"theScore at -190, Pinnacle at -150",666577,9433b263c495c0f5968b95317cc639f6,2026-03-06T00:10:00+00:00,player_rebounds,False,Pending,,,
9433b263c495c0f5968b95317cc639f6_17896073_player_rebounds_assists_Over_9.5_hardrockbet_2026-03-05 17:48,2026-03-05T17:48:47.050269-05:00,ORL Magic vs DAL Mavericks (7:10 PM EST),Jalen Suggs,Rebounds Assists,Over,9.5,110,HardRockBet,4.41,60.0,10,False,"FanDuel at -115, DraftKings at -110, theScore at -110",17896073,9433b263c495c0f5968b95317cc639f6,2026-03-06T00:10:00+00:00,player_rebounds_assists,False,Pending,,,
bc0cdadc5e95e588b0a1ea210243fa52_1028025235_player_rebounds_Under_3.5_hardrockbet_2026-03-05 17:48,2026-03-05T17:48:58.626140-05:00,WAS Wizards vs UTA Jazz (7:10 PM EST),Carlton Carrington,Rebounds,Under,3.5,105,HardRockBet,2.09,50.0,10,False,"FanDuel at -115, DraftKings at -105, theScore at -115",1028025235,bc0cdadc5e95e588b0a1ea210243fa52,2026-03-06T00:10:00+00:00,player_rebounds,False,Pending,,,
bc0cdadc5e95e588b0a1ea210243fa52_1028025235_player_rebounds_Under_3.5_hardrockbet_2026-03-05 17:54,2026-03-05T17:54:48.368406-05:00,WAS Wizards vs UTA Jazz (7:10 PM EST),Carlton Carrington,Rebounds,Under,3.5,105,HardRockBet,3.59,50.0,10,False,"FanDuel at -122, DraftKings at -105, theScore at -115",1028025235,bc0cdadc5e95e588b0a1ea210243fa52,2026-03-06T00:10:00+00:00,player_rebounds,False,Pending,,,
2838ee4e0a7f60e2fb0fb134a84c3a76_1028025723_player_points_Under_5.5_draftkings_2026-03-05 17:55,2026-03-05T17:55:29.173511-05:00,PHX Suns vs CHI Bulls (9:10 PM EST),Ryan Dunn,Points,Under,5.5,-101,DraftKings,2.07,70.0,10,False,"FanDuel at -120, theScore at -120",1028025723,2838ee4e0a7f60e2fb0fb134a84c3a76,2026-03-06T02:10:00+00:00,player_points,False,Pending,,,
3a3ada953e9680525dd22a739ea65ffd_1057276634_player_rebounds_assists_Under_9.5_hardrockbet_2026-03-05 17:56,2026-03-05T17:56:03.122356-05:00,SAC Kings vs NOP Pelicans (10:10 PM EST),Nique Clifford,Rebounds Assists,Under,9.5,-115,HardRockBet,3.39,40.0,10,False,"FanDuel at -152, DraftKings at -128, theScore at -145",1057276634,3a3ada953e9680525dd22a739ea65ffd,2026-03-06T03:10:00+00:00,player_rebounds_assists,False,Pending,,,
f7585c5c396d85403879fd5cd3097302_56677825_player_rebounds_Under_7.5_hardrockbet_2026-03-05 18:01,2026-03-05T18:01:46.936406-05:00,HOU Rockets vs GSW Warriors (7:40 PM EST),Amen Thompson,Rebounds,Under,7.5,100,HardRockBet,2.89,70.0,10,False,"FanDuel at -132, DraftKings at -113, theScore at -115, Pinnacle at -117",56677825,f7585c5c396d85403879fd5cd3097302,2026-03-06T00:40:00+00:00,player_rebounds,False,Pending,,,
f7585c5c396d85403879fd5cd3097302_140_player_threes_Under_2.5_hardrockbet_2026-03-05 18:02,2026-03-05T18:02:00.712412-05:00,HOU Rockets vs GSW Warriors (7:40 PM EST),Kevin Durant,Threes,Under,2.5,100,HardRockBet,5.39,50.0,10,False,"FanDuel at -130, DraftKings at -117, theScore at -130, Pinnacle at -134",140,f7585c5c396d85403879fd5cd3097302,2026-03-06T00:40:00+00:00,player_threes,False,Pending,,,
405300ced4b3e611f8d6cc145e5cc9da_17896075_player_points_Under_26.5_hardrockbet_2026-03-05 18:02,2026-03-05T18:02:11.869819-05:00,SAS Spurs vs DET Pistons (8:10 PM EST),Cade Cunningham,Points,Under,26.5,-125,HardRockBet,2.58,50.0,10,False,"theScore at -160, Pinnacle at -147",17896075,405300ced4b3e611f8d6cc145e5cc9da,2026-03-06T01:10:00+00:00,player_points,False,Pending,,,
0aac7c0b9b7350238d921ab4c6faf26d_17896059_player_rebounds_Over_3.5_hardrockbet_2026-03-05 18:02,2026-03-05T18:02:22.574845-05:00,MIN Timberwolves vs TOR Raptors (8:10 PM EST),Sandro Mamukelashvili,Rebounds,Over,3.5,-110,HardRockBet,4.58,60.0,10,False,"FanDuel at -140, DraftKings at -140, theScore at -140",17896059,0aac7c0b9b7350238d921ab4c6faf26d,2026-03-06T01:10:00+00:00,player_rebounds,False,Pending,,,
2838ee4e0a7f60e2fb0fb134a84c3a76_57_player_rebounds_Under_4.5_hardrockbet_2026-03-05 18:02,2026-03-05T18:02:32.822484-05:00,PHX Suns vs CHI Bulls (9:10 PM EST),Devin Booker,Rebounds,Under,4.5,-130,HardRockBet,2.13,90.0,10,True,"FanDuel at -160, DraftKings at -159, theScore at -160",57,2838ee4e0a7f60e2fb0fb134a84c3a76,2026-03-06T02:10:00+00:00,player_rebounds,False,Pending,,,
f7585c5c396d85403879fd5cd3097302_140_player_threes_Under_2.5_hardrockbet_2026-03-05 18:08,2026-03-05T18:08:13.171281-05:00,HOU Rockets vs GSW Warriors (7:40 PM EST),Kevin Durant,Threes,Under,2.5,-105,HardRockBet,3.79,50.0,10,False,"FanDuel at -132, DraftKings at -121, theScore at -130, Pinnacle at -144",140,f7585c5c396d85403879fd5cd3097302,2026-03-06T00:40:00+00:00,player_threes,False,Pending,,,
0aac7c0b9b7350238d921ab4c6faf26d_17896059_player_rebounds_Over_3.5_betparx_2026-03-05 18:08,2026-03-05T18:08:35.147357-05:00,MIN Timberwolves vs TOR Raptors (8:10 PM EST),Sandro Mamukelashvili,Rebounds,Over,3.5,-115,BetParx,2.42,60.0,10,False,"FanDuel at -140, DraftKings at -140, theScore at -140",17896059,0aac7c0b9b7350238d921ab4c6faf26d,2026-03-06T01:10:00+00:00,player_rebounds,False,Pending,,,
0aac7c0b9b7350238d921ab4c6faf26d_17896059_player_rebounds_Over_3.5_betrivers_2026-03-05 18:08,2026-03-05T18:08:39.519490-05:00,MIN Timberwolves vs TOR Raptors (8:10 PM EST),Sandro Mamukelashvili,Rebounds,Over,3.5,-115,BetRivers,2.42,60.0,10,False,"FanDuel at -140, DraftKings at -140, theScore at -140",17896059,0aac7c0b9b7350238d921ab4c6faf26d,2026-03-06T01:10:00+00:00,player_rebounds,False,Pending,,,
0aac7c0b9b7350238d921ab4c6faf26d_17896059_player_rebounds_Over_3.5_ballybet_2026-03-05 18:08,2026-03-05T18:08:44.072868-05:00,MIN Timberwolves vs TOR Raptors (8:10 PM EST),Sandro Mamukelashvili,Rebounds,Over,3.5,-115,BallyBet,2.42,60.0,10,False,"FanDuel at -140, DraftKings at -140, theScore at -140",17896059,0aac7c0b9b7350238d921ab4c6faf26d,2026-03-06T01:10:00+00:00,player_rebounds,False,Pending,,,
9433b263c495c0f5968b95317cc639f6_17896073_player_rebounds_assists_Over_9.5_hardrockbet_2026-03-05 18:14,2026-03-05T18:14:24.152308-05:00,ORL Magic vs DAL Mavericks (7:10 PM EST),Jalen Suggs,Rebounds Assists,Over,9.5,105,HardRockBet,2.12,60.0,10,False,"FanDuel at -113, DraftKings at -110, theScore at -115",17896073,9433b263c495c0f5968b95317cc639f6,2026-03-06T00:10:00+00:00,player_rebounds_assists,False,Pending,,,
2838ee4e0a7f60e2fb0fb134a84c3a76_1028025723_player_points_Under_5.5_draftkings_2026-03-05 18:15,2026-03-05T18:15:07.183674-05:00,PHX Suns vs CHI Bulls (9:10 PM EST),Ryan Dunn,Points,Under,5.5,-101,DraftKings,3.35,70.0,10,False,"FanDuel at -122, theScore at -125",1028025723,2838ee4e0a7f60e2fb0fb134a84c3a76,2026-03-06T02:10:00+00:00,player_points,False,Pending,,,
2838ee4e0a7f60e2fb0fb134a84c3a76_57_player_rebounds_Under_4.5_hardrockbet_2026-03-05 18:15,2026-03-05T18:15:16.509937-05:00,PHX Suns vs CHI Bulls (9:10 PM EST),Devin Booker,Rebounds,Under,4.5,-130,HardRockBet,2.42,90.0,10,True,"FanDuel at -162, DraftKings at -159, theScore at -160",57,2838ee4e0a7f60e2fb0fb134a84c3a76,2026-03-06T02:10:00+00:00,player_rebounds,False,Pending,,,
3a3ada953e9680525dd22a739ea65ffd_1057276634_player_rebounds_assists_Under_9.5_hardrockbet_2026-03-05 18:15,2026-03-05T18:15:45.347106-05:00,SAC Kings vs NOP Pelicans (10:10 PM EST),Nique Clifford,Rebounds Assists,Under,9.5,-115,HardRockBet,2.38,40.0,10,False,"FanDuel at -148, DraftKings at -133, theScore at -130",1057276634,3a3ada953e9680525dd22a739ea65ffd,2026-03-06T03:10:00+00:00,player_rebounds_assists,False,Pending,,,
f7585c5c396d85403879fd5cd3097302_140_player_threes_Under_2.5_hardrockbet_2026-03-05 18:21,2026-03-05T18:21:13.472361-05:00,HOU Rockets vs GSW Warriors (7:40 PM EST),Kevin Durant,Threes,Under,2.5,-105,HardRockBet,4.53,50.0,10,False,"FanDuel at -138, DraftKings at -121, theScore at -130, Pinnacle at -144",140,f7585c5c396d85403879fd5cd3097302,2026-03-06T00:40:00+00:00,player_threes,False,Pending,,,
2838ee4e0a7f60e2fb0fb134a84c3a76_8_player_rebounds_Under_3.5_hardrockbet_2026-03-05 18:21,2026-03-05T18:21:35.880240-05:00,PHX Suns vs CHI Bulls (9:10 PM EST),Grayson Allen,Rebounds,Under,3.5,100,HardRockBet,3.81,70.0,10,False,"FanDuel at -125, DraftKings at -117, theScore at -125",8,2838ee4e0a7f60e2fb0fb134a84c3a76,2026-03-06T02:10:00+00:00,player_rebounds,False,Pending,,,
bc0cdadc5e95e588b0a1ea210243fa52_1028025235_player_rebounds_assists_Under_7.5_hardrockbet_2026-03-05 18:26,2026-03-05T18:26:58.354781-05:00,WAS Wizards vs UTA Jazz (7:10 PM EST),Carlton Carrington,Rebounds Assists,Under,7.5,110,HardRockBet,2.08,40.0,10,False,"FanDuel at -104, DraftKings at -109, theScore at -110",1028025235,bc0cdadc5e95e588b0a1ea210243fa52,2026-03-06T00:10:00+00:00,player_rebounds_assists,False,Pending,,,
f7585c5c396d85403879fd5cd3097302_56677825_player_rebounds_Under_7.5_hardrockbet_2026-03-05 18:27,2026-03-05T18:27:22.249451-05:00,HOU Rockets vs GSW Warriors (7:40 PM EST),Amen Thompson,Rebounds,Under,7.5,100,HardRockBet,2.06,70.0,10,False,"FanDuel at -130, DraftKings at -112, theScore at -115, Pinnacle at -106",56677825,f7585c5c396d85403879fd5cd3097302,2026-03-06T00:40:00+00:00,player_rebounds,False,Pending,,,
f7585c5c396d85403879fd5cd3097302_795959473_player_points_rebounds_assists_Under_16.5_betparx_2026-03-05 18:27,2026-03-05T18:27:30.593104-05:00,HOU Rockets vs GSW Warriors (7:40 PM EST),Pat Spencer,Points Rebounds Assists,Under,16.5,107,BetParx,3.26,50.0,10,False,"FanDuel at -115, DraftKings at -107, theScore at -115",795959473,f7585c5c396d85403879fd5cd3097302,2026-03-06T00:40:00+00:00,player_points_rebounds_assists,False,Pending,,,
f7585c5c396d85403879fd5cd3097302_795959473_player_points_rebounds_assists_Under_16.5_betrivers_2026-03-05 18:27,2026-03-05T18:27:34.899444-05:00,HOU Rockets vs GSW Warriors (7:40 PM EST),Pat Spencer,Points Rebounds Assists,Under,16.5,105,BetRivers,2.26,50.0,10,False,"FanDuel at -115, DraftKings at -107, theScore at -115",795959473,f7585c5c396d85403879fd5cd3097302,2026-03-06T00:40:00+00:00,player_points_rebounds_assists,False,Pending,,,
f7585c5c396d85403879fd5cd3097302_140_player_threes_Under_2.5_hardrockbet_2026-03-05 18:27,2026-03-05T18:27:53.698243-05:00,HOU Rockets vs GSW Warriors (7:40 PM EST),Kevin Durant,Threes,Under,2.5,-105,HardRockBet,4.54,50.0,10,False,"FanDuel at -136, DraftKings at -125, theScore at -130, Pinnacle at -144",140,f7585c5c396d85403879fd5cd3097302,2026-03-06T00:40:00+00:00,player_threes,False,Pending,,,
2838ee4e0a7f60e2fb0fb134a84c3a76_57_player_rebounds_Under_4.5_hardrockbet_2026-03-05 18:28,2026-03-05T18:28:11.431486-05:00,PHX Suns vs CHI Bulls (9:10 PM EST),Devin Booker,Rebounds,Under,4.5,-130,HardRockBet,2.13,90.0,10,True,"FanDuel at -160, DraftKings at -159, theScore at -160",57,2838ee4e0a7f60e2fb0fb134a84c3a76,2026-03-06T02:10:00+00:00,player_rebounds,False,Pending,,,
2bcbbf1e576480f97be0401eb089cd5a_17553995_player_rebounds_assists_Over_7.5_betmgm_2026-03-05 18:28,2026-03-05T18:28:37.438661-05:00,DEN Nuggets vs LAL Lakers (10:10 PM EST),Austin Reaves,Rebounds Assists,Over,7.5,-120,BetMGM,4.13,60.0,10,False,"DraftKings at -146, theScore at -160",17553995,2bcbbf1e576480f97be0401eb089cd5a,2026-03-06T03:10:00+00:00,player_rebounds_assists,False,Pending,,,
2bcbbf1e576480f97be0401eb089cd5a_17553995_player_rebounds_assists_Over_7.5_hardrockbet_2026-03-05 18:28,2026-03-05T18:28:42.243142-05:00,DEN Nuggets vs LAL Lakers (10:10 PM EST),Austin Reaves,Rebounds Assists,Over,7.5,-120,HardRockBet,4.13,60.0,10,False,"DraftKings at -146, theScore at -160",17553995,2bcbbf1e576480f97be0401eb089cd5a,2026-03-06T03:10:00+00:00,player_rebounds_assists,False,Pending,,,
bc0cdadc5e95e588b0a1ea210243fa52_56677844_player_rebounds_Over_3.5_betrivers_2026-03-05 18:34,2026-03-05T18:34:09.310716-05:00,WAS Wizards vs UTA Jazz (7:10 PM EST),Bilal Coulibaly,Rebounds,Over,3.5,-117,BetRivers,5.39,60.0,10,False,"DraftKings at -147, theScore at -160",56677844,bc0cdadc5e95e588b0a1ea210243fa52,2026-03-06T00:10:00+00:00,player_rebounds,False,Pending,,,
bc0cdadc5e95e588b0a1ea210243fa52_56677844_player_rebounds_Over_3.5_ballybet_2026-03-05 18:34,2026-03-05T18:34:14.038674-05:00,WAS Wizards vs UTA Jazz (7:10 PM EST),Bilal Coulibaly,Rebounds,Over,3.5,-115,BallyBet,6.24,60.0,10,False,"DraftKings at -147, theScore at -160",56677844,bc0cdadc5e95e588b0a1ea210243fa52,2026-03-06T00:10:00+00:00,player_rebounds,False,Pending,,,
2838ee4e0a7f60e2fb0fb134a84c3a76_8_player_rebounds_Under_3.5_hardrockbet_2026-03-05 18:34,2026-03-05T18:34:54.779885-05:00,PHX Suns vs CHI Bulls (9:10 PM EST),Grayson Allen,Rebounds,Under,3.5,100,HardRockBet,3.3,70.0,10,False,"FanDuel at -122, DraftKings at -117, theScore at -125",8,2838ee4e0a7f60e2fb0fb134a84c3a76,2026-03-06T02:10:00+00:00,player_rebounds,False,Pending,,,
2838ee4e0a7f60e2fb0fb134a84c3a76_57_player_rebounds_Under_4.5_hardrockbet_2026-03-05 18:34,2026-03-05T18:34:59.210606-05:00,PHX Suns vs CHI Bulls (9:10 PM EST),Devin Booker,Rebounds,Under,4.5,-130,HardRockBet,2.42,90.0,10,True,"FanDuel at -162, DraftKings at -159, theScore at -160",57,2838ee4e0a7f60e2fb0fb134a84c3a76,2026-03-06T02:10:00+00:00,player_rebounds,False,Pending,,,
3a3ada953e9680525dd22a739ea65ffd_1057276634_player_rebounds_assists_Under_9.5_hardrockbet_2026-03-05 18:35,2026-03-05T18:35:13.359231-05:00,SAC Kings vs NOP Pelicans (10:10 PM EST),Nique Clifford,Rebounds Assists,Under,9.5,-115,HardRockBet,2.21,40.0,10,False,"DraftKings at -133, theScore at -145",1057276634,3a3ada953e9680525dd22a739ea65ffd,2026-03-06T03:10:00+00:00,player_rebounds_assists,False,Pending,,,
9433b263c495c0f5968b95317cc639f6_3547293_player_rebounds_Under_4.5_draftkings_2026-03-05 18:40,2026-03-05T18:40:27.366267-05:00,ORL Magic vs DAL Mavericks (7:10 PM EST),Naji Marshall,Rebounds,Under,4.5,-105,DraftKings,2.58,50.0,10,False,"FanDuel at -138, theScore at -110",3547293,9433b263c495c0f5968b95317cc639f6,2026-03-06T00:10:00+00:00,player_rebounds,False,Pending,,,
f7585c5c396d85403879fd5cd3097302_795959473_player_points_Under_9.5_betmgm_2026-03-05 18:40,2026-03-05T18:40:56.213452-05:00,HOU Rockets vs GSW Warriors (7:40 PM EST),Pat Spencer,Points,Under,9.5,-110,BetMGM,2.3,60.0,10,False,"DraftKings at -131, theScore at -140, Pinnacle at -123",795959473,f7585c5c396d85403879fd5cd3097302,2026-03-06T00:40:00+00:00,player_points,False,Pending,,,
f7585c5c396d85403879fd5cd3097302_17896062_player_points_Under_19.5_betmgm_2026-03-05 18:41,2026-03-05T18:41:07.075945-05:00,HOU Rockets vs GSW Warriors (7:40 PM EST),Alperen Sengun,Points,Under,19.5,-105,BetMGM,3.39,70.0,10,False,"FanDuel at -132, DraftKings at -123, theScore at -130, Pinnacle at -122",17896062,f7585c5c396d85403879fd5cd3097302,2026-03-06T00:40:00+00:00,player_points,False,Pending,,,
f7585c5c396d85403879fd5cd3097302_795959473_player_points_Under_9.5_hardrockbet_2026-03-05 18:41,2026-03-05T18:41:41.935014-05:00,HOU Rockets vs GSW Warriors (7:40 PM EST),Pat Spencer,Points,Under,9.5,-110,HardRockBet,2.3,60.0,10,False,"DraftKings at -131, theScore at -140, Pinnacle at -123",795959473,f7585c5c396d85403879fd5cd3097302,2026-03-06T00:40:00+00:00,player_points,False,Pending,,,
f7585c5c396d85403879fd5cd3097302_17896062_player_points_Under_19.5_hardrockbet_2026-03-05 18:41,2026-03-05T18:41:46.168791-05:00,HOU Rockets vs GSW Warriors (7:40 PM EST),Alperen Sengun,Points,Under,19.5,-105,HardRockBet,3.39,70.0,10,False,"FanDuel at -132, DraftKings at -123, theScore at -130, Pinnacle at -122",17896062,f7585c5c396d85403879fd5cd3097302,2026-03-06T00:40:00+00:00,player_points,False,Pending,,,
2838ee4e0a7f60e2fb0fb134a84c3a76_8_player_rebounds_Under_3.5_hardrockbet_2026-03-05 18:42,2026-03-05T18:42:12.869390-05:00,PHX Suns vs CHI Bulls (9:10 PM EST),Grayson Allen,Rebounds,Under,3.5,100,HardRockBet,6.71,70.0,10,False,"FanDuel at -138, DraftKings at -117, theScore at -130",8,2838ee4e0a7f60e2fb0fb134a84c3a76,2026-03-06T02:10:00+00:00,player_rebounds,False,Pending,,,
2838ee4e0a7f60e2fb0fb134a84c3a76_57_player_rebounds_Under_4.5_hardrockbet_2026-03-05 18:42,2026-03-05T18:42:18.687747-05:00,PHX Suns vs CHI Bulls (9:10 PM EST),Devin Booker,Rebounds,Under,4.5,-130,HardRockBet,2.02,90.0,10,True,"FanDuel at -158, DraftKings at -159, theScore at -160",57,2838ee4e0a7f60e2fb0fb134a84c3a76,2026-03-06T02:10:00+00:00,player_rebounds,False,Pending,,,
2bcbbf1e576480f97be0401eb089cd5a_132_player_points_Under_30.5_draftkings_2026-03-05 18:42,2026-03-05T18:42:32.769128-05:00,DEN Nuggets vs LAL Lakers (10:10 PM EST),Luka Doncic,Points,Under,30.5,-107,DraftKings,2.0,80.0,10,False,"FanDuel at -130, theScore at -130, Pinnacle at -112",132,2bcbbf1e576480f97be0401eb089cd5a,2026-03-06T03:10:00+00:00,player_points,False,Pending,,,
bc0cdadc5e95e588b0a1ea210243fa52_1028025235_player_points_Under_10.5_hardrockbet_2026-03-05 18:48,2026-03-05T18:48:24.392161-05:00,WAS Wizards vs UTA Jazz (7:10 PM EST),Carlton Carrington,Points,Under,10.5,-105,HardRockBet,2.6,50.0,10,False,"DraftKings at -110, theScore at -140",1028025235,bc0cdadc5e95e588b0a1ea210243fa52,2026-03-06T00:10:00+00:00,player_points,False,Pending,,,
bc0cdadc5e95e588b0a1ea210243fa52_1028025235_player_rebounds_Under_3.5_hardrockbet_2026-03-05 18:48,2026-03-05T18:48:32.256311-05:00,WAS Wizards vs UTA Jazz (7:10 PM EST),Carlton Carrington,Rebounds,Under,3.5,-105,HardRockBet,5.74,50.0,10,False,"FanDuel at -142, theScore at -125",1028025235,bc0cdadc5e95e588b0a1ea210243fa52,2026-03-06T00:10:00+00:00,player_rebounds,False,Pending,,,
2838ee4e0a7f60e2fb0fb134a84c3a76_8_player_rebounds_Under_3.5_hardrockbet_2026-03-05 18:49,2026-03-05T18:49:18.208929-05:00,PHX Suns vs CHI Bulls (9:10 PM EST),Grayson Allen,Rebounds,Under,3.5,100,HardRockBet,6.56,70.0,10,False,"FanDuel at -136, DraftKings at -117, theScore at -130",8,2838ee4e0a7f60e2fb0fb134a84c3a76,2026-03-06T02:10:00+00:00,player_rebounds,False,Pending,,,
2838ee4e0a7f60e2fb0fb134a84c3a76_57_player_rebounds_Under_4.5_hardrockbet_2026-03-05 18:49,2026-03-05T18:49:22.449081-05:00,PHX Suns vs CHI Bulls (9:10 PM EST),Devin Booker,Rebounds,Under,4.5,-130,HardRockBet,2.13,90.0,10,True,"FanDuel at -160, DraftKings at -159, theScore at -160",57,2838ee4e0a7f60e2fb0fb134a84c3a76,2026-03-06T02:10:00+00:00,player_rebounds,False,Pending,,,
bc0cdadc5e95e588b0a1ea210243fa52_1028025235_player_rebounds_assists_Under_7.5_hardrockbet_2026-03-05 18:54,2026-03-05T18:54:52.793525-05:00,WAS Wizards vs UTA Jazz (7:10 PM EST),Carlton Carrington,Rebounds Assists,Under,7.5,100,HardRockBet,3.1,40.0,10,False,"FanDuel at -122, theScore at -120",1028025235,bc0cdadc5e95e588b0a1ea210243fa52,2026-03-06T00:10:00+00:00,player_rebounds_assists,False,Pending,,,
f7585c5c396d85403879fd5cd3097302_140_player_threes_Under_2.5_hardrockbet_2026-03-05 18:55,2026-03-05T18:55:31.279291-05:00,HOU Rockets vs GSW Warriors (7:40 PM EST),Kevin Durant,Threes,Under,2.5,-105,HardRockBet,4.76,50.0,10,False,"FanDuel at -132, DraftKings at -134, theScore at -130, Pinnacle at -144",140,f7585c5c396d85403879fd5cd3097302,2026-03-06T00:40:00+00:00,player_threes,False,Pending,,,
3a3ada953e9680525dd22a739ea65ffd_3547249_player_rebounds_Under_8.5_hardrockbet_2026-03-05 18:56,2026-03-05T18:56:05.880373-05:00,SAC Kings vs NOP Pelicans (10:10 PM EST),Precious Achiuwa,Rebounds,Under,8.5,100,HardRockBet,2.16,40.0,10,False,"FanDuel at -120, DraftKings at -125, theScore at -120, Pinnacle at -105",3547249,3a3ada953e9680525dd22a739ea65ffd,2026-03-06T03:10:00+00:00,player_rebounds,False,Pending,,,
bc0cdadc5e95e588b0a1ea210243fa52_1028035794_player_points_Over_13.5_betmgm_2026-03-05 19:01,2026-03-05T19:01:37.803588-05:00,WAS Wizards vs UTA Jazz (7:10 PM EST),Kyle Filipowski,Points,Over,13.5,-120,BetMGM,2.05,40.0,10,False,"theScore at -150, Pinnacle at -137",1028035794,bc0cdadc5e95e588b0a1ea210243fa52,2026-03-06T00:10:00+00:00,player_points,False,Pending,,,
bc0cdadc5e95e588b0a1ea210243fa52_1028035794_player_points_Over_13.5_hardrockbet_2026-03-05 19:01,2026-03-05T19:01:42.310410-05:00,WAS Wizards vs UTA Jazz (7:10 PM EST),Kyle Filipowski,Points,Over,13.5,-120,HardRockBet,2.05,40.0,10,False,"theScore at -150, Pinnacle at -137",1028035794,bc0cdadc5e95e588b0a1ea210243fa52,2026-03-06T00:10:00+00:00,player_points,False,Pending,,,
bc0cdadc5e95e588b0a1ea210243fa52_1028025235_player_rebounds_assists_Under_7.5_hardrockbet_2026-03-05 19:01,2026-03-05T19:01:50.499070-05:00,WAS Wizards vs UTA Jazz (7:10 PM EST),Carlton Carrington,Rebounds Assists,Under,7.5,100,HardRockBet,2.58,40.0,10,False,"FanDuel at -120, theScore at -120",1028025235,bc0cdadc5e95e588b0a1ea210243fa52,2026-03-06T00:10:00+00:00,player_rebounds_assists,False,Pending,,,
2838ee4e0a7f60e2fb0fb134a84c3a76_8_player_rebounds_Under_3.5_hardrockbet_2026-03-05 19:02,2026-03-05T19:02:25.061729-05:00,PHX Suns vs CHI Bulls (9:10 PM EST),Grayson Allen,Rebounds,Under,3.5,100,HardRockBet,6.71,70.0,10,False,"FanDuel at -138, DraftKings at -117, theScore at -130",8,2838ee4e0a7f60e2fb0fb134a84c3a76,2026-03-06T02:10:00+00:00,player_rebounds,False,Pending,,,
9433b263c495c0f5968b95317cc639f6_1057262088_player_assists_Under_3.5_draftkings_2026-03-05 19:07,2026-03-05T19:07:52.395243-05:00,ORL Magic vs DAL Mavericks (7:10 PM EST),Cooper Flagg,Assists,Under,3.5,-137,DraftKings,2.08,50.0,10,False,"FanDuel at -166, theScore at -170, Pinnacle at -170",1057262088,9433b263c495c0f5968b95317cc639f6,2026-03-06T00:10:00+00:00,player_assists,False,Pending,,,
bc0cdadc5e95e588b0a1ea210243fa52_1028025235_player_rebounds_assists_Under_7.5_hardrockbet_2026-03-05 19:08,2026-03-05T19:08:03.172012-05:00,WAS Wizards vs UTA Jazz (7:10 PM EST),Carlton Carrington,Rebounds Assists,Under,7.5,105,HardRockBet,4.77,40.0,10,False,"FanDuel at -118, DraftKings at -122, theScore at -120",1028025235,bc0cdadc5e95e588b0a1ea210243fa52,2026-03-06T00:10:00+00:00,player_rebounds_assists,False,Pending,,,
9096d55ba6f3120da3126b404e48d023_375_player_points_Over_20.5_betmgm_2026-03-05 19:08,2026-03-05T19:08:13.113986-05:00,MIA Heat vs BKN Nets (7:40 PM EST),Michael Porter Jr,Points,Over,20.5,-120,BetMGM,2.6,50.0,10,False,"theScore at -150, Pinnacle at -143",375,9096d55ba6f3120da3126b404e48d023,2026-03-06T00:40:00+00:00,player_points,False,Pending,,,
9096d55ba6f3120da3126b404e48d023_375_player_points_Over_20.5_hardrockbet_2026-03-05 19:08,2026-03-05T19:08:18.312865-05:00,MIA Heat vs BKN Nets (7:40 PM EST),Michael Porter Jr,Points,Over,20.5,-120,HardRockBet,2.6,50.0,10,False,"theScore at -150, Pinnacle at -143",375,9096d55ba6f3120da3126b404e48d023,2026-03-06T00:40:00+00:00,player_points,False,Pending,,,
2bcbbf1e576480f97be0401eb089cd5a_335_player_rebounds_Under_4.5_hardrockbet_2026-03-05 19:09,2026-03-05T19:09:20.161090-05:00,DEN Nuggets vs LAL Lakers (10:10 PM EST),Jamal Murray,Rebounds,Under,4.5,-135,HardRockBet,2.45,40.0,10,False,"DraftKings at -165, theScore at -170",335,2bcbbf1e576480f97be0401eb089cd5a,2026-03-06T03:10:00+00:00,player_rebounds,False,Pending,,,
f7585c5c396d85403879fd5cd3097302_795959473_player_points_Under_9.5_betmgm_2026-03-05 19:14,2026-03-05T19:14:39.974540-05:00,HOU Rockets vs GSW Warriors (7:40 PM EST),Pat Spencer,Points,Under,9.5,-110,BetMGM,3.03,60.0,10,False,"DraftKings at -132, theScore at -145, Pinnacle at -120",795959473,f7585c5c396d85403879fd5cd3097302,2026-03-06T00:40:00+00:00,player_points,False,Pending,,,
f7585c5c396d85403879fd5cd3097302_795959473_player_points_Under_9.5_hardrockbet_2026-03-05 19:14,2026-03-05T19:14:44.957876-05:00,HOU Rockets vs GSW Warriors (7:40 PM EST),Pat Spencer,Points,Under,9.5,-110,HardRockBet,3.03,60.0,10,False,"DraftKings at -132, theScore at -145, Pinnacle at -120",795959473,f7585c5c396d85403879fd5cd3097302,2026-03-06T00:40:00+00:00,player_points,False,Pending,,,
f7585c5c396d85403879fd5cd3097302_56677825_player_rebounds_Under_7.5_hardrockbet_2026-03-05 19:14,2026-03-05T19:14:50.739288-05:00,HOU Rockets vs GSW Warriors (7:40 PM EST),Amen Thompson,Rebounds,Under,7.5,100,HardRockBet,2.78,70.0,10,False,"FanDuel at -128, DraftKings at -119, theScore at -120, Pinnacle at -103",56677825,f7585c5c396d85403879fd5cd3097302,2026-03-06T00:40:00+00:00,player_rebounds,False,Pending,,,
2838ee4e0a7f60e2fb0fb134a84c3a76_8_player_rebounds_Under_3.5_hardrockbet_2026-03-05 19:15,2026-03-05T19:15:28.247626-05:00,PHX Suns vs CHI Bulls (9:10 PM EST),Grayson Allen,Rebounds,Under,3.5,100,HardRockBet,6.32,70.0,10,False,"FanDuel at -136, DraftKings at -117, theScore at -130",8,2838ee4e0a7f60e2fb0fb134a84c3a76,2026-03-06T02:10:00+00:00,player_rebounds,False,Pending,,,
2838ee4e0a7f60e2fb0fb134a84c3a76_57_player_rebounds_Under_4.5_hardrockbet_2026-03-05 19:15,2026-03-05T19:15:32.701797-05:00,PHX Suns vs CHI Bulls (9:10 PM EST),Devin Booker,Rebounds,Under,4.5,-130,HardRockBet,2.02,90.0,10,True,"FanDuel at -158, DraftKings at -159, theScore at -160",57,2838ee4e0a7f60e2fb0fb134a84c3a76,2026-03-06T02:10:00+00:00,player_rebounds,False,Pending,,,
f7585c5c396d85403879fd5cd3097302_56677825_player_rebounds_Under_7.5_hardrockbet_2026-03-05 19:21,2026-03-05T19:21:26.835681-05:00,HOU Rockets vs GSW Warriors (7:40 PM EST),Amen Thompson,Rebounds,Under,7.5,100,HardRockBet,3.12,70.0,10,False,"FanDuel at -130, DraftKings at -119, theScore at -120, Pinnacle at -103",56677825,f7585c5c396d85403879fd5cd3097302,2026-03-06T00:40:00+00:00,player_rebounds,False,Pending,,,
405300ced4b3e611f8d6cc145e5cc9da_3547246_player_threes_Under_2.5_draftkings_2026-03-05 19:21,2026-03-05T19:21:44.423156-05:00,SAS Spurs vs DET Pistons (8:10 PM EST),Devin Vassell,Threes,Under,2.5,-119,DraftKings,2.14,50.0,10,False,"FanDuel at -156, theScore at -130, Pinnacle at -142",3547246,405300ced4b3e611f8d6cc145e5cc9da,2026-03-06T01:10:00+00:00,player_threes,False,Pending,,,
2838ee4e0a7f60e2fb0fb134a84c3a76_57_player_rebounds_Under_4.5_hardrockbet_2026-03-05 19:22,2026-03-05T19:22:00.259167-05:00,PHX Suns vs CHI Bulls (9:10 PM EST),Devin Booker,Rebounds,Under,4.5,-130,HardRockBet,2.13,90.0,10,True,"FanDuel at -160, DraftKings at -159, theScore at -160",57,2838ee4e0a7f60e2fb0fb134a84c3a76,2026-03-06T02:10:00+00:00,player_rebounds,False,Pending,,,
f7585c5c396d85403879fd5cd3097302_56677825_player_rebounds_Under_7.5_hardrockbet_2026-03-05 19:27,2026-03-05T19:27:40.627557-05:00,HOU Rockets vs GSW Warriors (7:40 PM EST),Amen Thompson,Rebounds,Under,7.5,100,HardRockBet,2.78,70.0,10,False,"FanDuel at -128, DraftKings at -119, theScore at -120, Pinnacle at -103",56677825,f7585c5c396d85403879fd5cd3097302,2026-03-06T00:40:00+00:00,player_rebounds,False,Pending,,,
f7585c5c396d85403879fd5cd3097302_57875092_player_rebounds_Over_5.5_hardrockbet_2026-03-05 19:27,2026-03-05T19:27:46.712464-05:00,HOU Rockets vs GSW Warriors (7:40 PM EST),Gui Santos,Rebounds,Over,5.5,100,HardRockBet,2.91,50.0,10,False,"FanDuel at -130, DraftKings at -114, theScore at -120, Pinnacle at -108",57875092,f7585c5c396d85403879fd5cd3097302,2026-03-06T00:40:00+00:00,player_rebounds,False,Pending,,,
2838ee4e0a7f60e2fb0fb134a84c3a76_57_player_points_Under_24.5_draftkings_2026-03-05 19:34,2026-03-05T19:34:10.310733-05:00,PHX Suns vs CHI Bulls (9:10 PM EST),Devin Booker,Points,Under,24.5,-109,DraftKings,4.98,70.0,10,False,"theScore at -140, Pinnacle at -146",57,2838ee4e0a7f60e2fb0fb134a84c3a76,2026-03-06T02:10:00+00:00,player_points,False,Pending,,,
2838ee4e0a7f60e2fb0fb134a84c3a76_8_player_rebounds_Under_3.5_draftkings_2026-03-05 19:34,2026-03-05T19:34:18.920158-05:00,PHX Suns vs CHI Bulls (9:10 PM EST),Grayson Allen,Rebounds,Under,3.5,-111,DraftKings,2.31,70.0,10,False,"FanDuel at -136, theScore at -130",8,2838ee4e0a7f60e2fb0fb134a84c3a76,2026-03-06T02:10:00+00:00,player_rebounds,False,Pending,,,
2838ee4e0a7f60e2fb0fb134a84c3a76_57_player_rebounds_Under_4.5_hardrockbet_2026-03-05 19:34,2026-03-05T19:34:23.926647-05:00,PHX Suns vs CHI Bulls (9:10 PM EST),Devin Booker,Rebounds,Under,4.5,-125,HardRockBet,4.2,90.0,10,True,"FanDuel at -162, DraftKings at -159, theScore at -160",57,2838ee4e0a7f60e2fb0fb134a84c3a76,2026-03-06T02:10:00+00:00,player_rebounds,False,Pending,,,
9096d55ba6f3120da3126b404e48d023_375_player_points_Over_20.5_betmgm_2026-03-05 19:39,2026-03-05T19:39:53.001557-05:00,MIA Heat vs BKN Nets (7:41 PM EST),Michael Porter Jr,Points,Over,20.5,-125,BetMGM,2.25,50.0,10,False,"theScore at -160, Pinnacle at -143",375,9096d55ba6f3120da3126b404e48d023,2026-03-06T00:41:00+00:00,player_points,False,Pending,,,
9096d55ba6f3120da3126b404e48d023_375_player_points_Over_20.5_hardrockbet_2026-03-05 19:39,2026-03-05T19:39:57.225534-05:00,MIA Heat vs BKN Nets (7:41 PM EST),Michael Porter Jr,Points,Over,20.5,-125,HardRockBet,2.25,50.0,10,False,"theScore at -160, Pinnacle at -143",375,9096d55ba6f3120da3126b404e48d023,2026-03-06T00:41:00+00:00,player_points,False,Pending,,,
f7585c5c396d85403879fd5cd3097302_795959473_player_points_Under_9.5_betmgm_2026-03-05 19:40,2026-03-05T19:40:09.926102-05:00,HOU Rockets vs GSW Warriors (7:41 PM EST),Pat Spencer,Points,Under,9.5,-110,BetMGM,2.06,60.0,10,False,"DraftKings at -127, theScore at -140, Pinnacle at -126",795959473,f7585c5c396d85403879fd5cd3097302,2026-03-06T00:41:00+00:00,player_points,False,Pending,,,
f7585c5c396d85403879fd5cd3097302_795959473_player_points_Under_9.5_hardrockbet_2026-03-05 19:40,2026-03-05T19:40:15.571175-05:00,HOU Rockets vs GSW Warriors (7:41 PM EST),Pat Spencer,Points,Under,9.5,-110,HardRockBet,2.06,60.0,10,False,"DraftKings at -127, theScore at -140, Pinnacle at -126",795959473,f7585c5c396d85403879fd5cd3097302,2026-03-06T00:41:00+00:00,player_points,False,Pending,,,
f7585c5c396d85403879fd5cd3097302_219_player_rebounds_Under_5.5_draftkings_2026-03-05 19:40,2026-03-05T19:40:22.872027-05:00,HOU Rockets vs GSW Warriors (7:41 PM EST),Al Horford,Rebounds,Under,5.5,-101,DraftKings,2.23,60.0,10,False,"FanDuel at -122, theScore at -120, Pinnacle at -117",219,f7585c5c396d85403879fd5cd3097302,2026-03-06T00:41:00+00:00,player_rebounds,False,Pending,,,
2838ee4e0a7f60e2fb0fb134a84c3a76_8_player_rebounds_Under_3.5_draftkings_2026-03-05 19:40,2026-03-05T19:40:56.101356-05:00,PHX Suns vs CHI Bulls (9:10 PM EST),Grayson Allen,Rebounds,Under,3.5,-111,DraftKings,2.78,70.0,10,False,"FanDuel at -138, theScore at -130",8,2838ee4e0a7f60e2fb0fb134a84c3a76,2026-03-06T02:10:00+00:00,player_rebounds,False,Pending,,,
2838ee4e0a7f60e2fb0fb134a84c3a76_8_player_rebounds_Under_3.5_hardrockbet_2026-03-05 19:41,2026-03-05T19:41:01.203567-05:00,PHX Suns vs CHI Bulls (9:10 PM EST),Grayson Allen,Rebounds,Under,3.5,105,HardRockBet,8.88,70.0,10,False,"FanDuel at -138, DraftKings at -111, theScore at -130",8,2838ee4e0a7f60e2fb0fb134a84c3a76,2026-03-06T02:10:00+00:00,player_rebounds,False,Pending,,,
2838ee4e0a7f60e2fb0fb134a84c3a76_57_player_points_Under_24.5_draftkings_2026-03-05 19:46,2026-03-05T19:46:41.244541-05:00,PHX Suns vs CHI Bulls (9:10 PM EST),Devin Booker,Points,Under,24.5,-108,DraftKings,3.87,70.0,10,False,"theScore at -130, Pinnacle at -150",57,2838ee4e0a7f60e2fb0fb134a84c3a76,2026-03-06T02:10:00+00:00,player_points,False,Pending,,,
2838ee4e0a7f60e2fb0fb134a84c3a76_8_player_rebounds_Under_3.5_hardrockbet_2026-03-05 19:46,2026-03-05T19:46:51.028184-05:00,PHX Suns vs CHI Bulls (9:10 PM EST),Grayson Allen,Rebounds,Under,3.5,110,HardRockBet,11.42,70.0,10,False,"FanDuel at -136, DraftKings at -115, theScore at -130",8,2838ee4e0a7f60e2fb0fb134a84c3a76,2026-03-06T02:10:00+00:00,player_rebounds,False,Pending,,,
2838ee4e0a7f60e2fb0fb134a84c3a76_57_player_rebounds_Under_4.5_hardrockbet_2026-03-05 19:46,2026-03-05T19:46:56.607088-05:00,PHX Suns vs CHI Bulls (9:10 PM EST),Devin Booker,Rebounds,Under,4.5,-125,HardRockBet,4.35,90.0,10,True,"FanDuel at -160, DraftKings at -159, theScore at -165",57,2838ee4e0a7f60e2fb0fb134a84c3a76,2026-03-06T02:10:00+00:00,player_rebounds,False,Pending,,,
2838ee4e0a7f60e2fb0fb134a84c3a76_1028025723_player_rebounds_Under_4.5_hardrockbet_2026-03-05 19:52,2026-03-05T19:52:49.626189-05:00,PHX Suns vs CHI Bulls (9:10 PM EST),Ryan Dunn,Rebounds,Under,4.5,100,HardRockBet,2.61,70.0,10,False,"FanDuel at -122, DraftKings at -109, theScore at -125",1028025723,2838ee4e0a7f60e2fb0fb134a84c3a76,2026-03-06T02:10:00+00:00,player_rebounds,False,Pending,,,
405300ced4b3e611f8d6cc145e5cc9da_1028025261_player_points_Under_15.5_hardrockbet_2026-03-05 19:58,2026-03-05T19:58:23.043777-05:00,SAS Spurs vs DET Pistons (8:10 PM EST),Stephon Castle,Points,Under,15.5,-105,HardRockBet,2.19,50.0,10,False,"FanDuel at -130, DraftKings at -118, theScore at -130, Pinnacle at -110",1028025261,405300ced4b3e611f8d6cc145e5cc9da,2026-03-06T01:10:00+00:00,player_points,False,Pending,,,
2838ee4e0a7f60e2fb0fb134a84c3a76_1028036515_player_assists_Over_2.5_hardrockbet_2026-03-05 19:58,2026-03-05T19:58:41.444031-05:00,PHX Suns vs CHI Bulls (9:10 PM EST),Oso Ighodaro,Assists,Over,2.5,-130,HardRockBet,4.89,60.0,10,False,"FanDuel at -170, theScore at -170",1028036515,2838ee4e0a7f60e2fb0fb134a84c3a76,2026-03-06T02:10:00+00:00,player_assists,False,Pending,,,
3a3ada953e9680525dd22a739ea65ffd_1057276634_player_rebounds_assists_Under_9.5_hardrockbet_2026-03-05 19:59,2026-03-05T19:59:06.429340-05:00,SAC Kings vs NOP Pelicans (10:10 PM EST),Nique Clifford,Rebounds Assists,Under,9.5,-115,HardRockBet,3.28,40.0,10,False,"DraftKings at -133, theScore at -150",1057276634,3a3ada953e9680525dd22a739ea65ffd,2026-03-06T03:10:00+00:00,player_rebounds_assists,False,Pending,,,
2838ee4e0a7f60e2fb0fb134a84c3a76_8_player_rebounds_Under_3.5_hardrockbet_2026-03-05 20:04,2026-03-05T20:04:23.865672-05:00,PHX Suns vs CHI Bulls (9:10 PM EST),Grayson Allen,Rebounds,Under,3.5,105,HardRockBet,9.17,70.0,10,False,"FanDuel at -138, DraftKings at -115, theScore at -130",8,2838ee4e0a7f60e2fb0fb134a84c3a76,2026-03-06T02:10:00+00:00,player_rebounds,False,Pending,,,
405300ced4b3e611f8d6cc145e5cc9da_161_player_rebounds_Under_3.5_hardrockbet_2026-03-05 20:10,2026-03-05T20:10:11.330072-05:00,SAS Spurs vs DET Pistons (8:11 PM EST),De'Aaron Fox,Rebounds,Under,3.5,-145,HardRockBet,2.34,80.0,10,False,"FanDuel at -186, DraftKings at -161, theScore at -190",161,405300ced4b3e611f8d6cc145e5cc9da,2026-03-06T01:11:00+00:00,player_rebounds,False,Pending,,,
2838ee4e0a7f60e2fb0fb134a84c3a76_57_player_points_Under_24.5_draftkings_2026-03-05 20:10,2026-03-05T20:10:25.685378-05:00,PHX Suns vs CHI Bulls (9:10 PM EST),Devin Booker,Points,Under,24.5,-112,DraftKings,6.41,70.0,10,False,"theScore at -150, Pinnacle at -149",57,2838ee4e0a7f60e2fb0fb134a84c3a76,2026-03-06T02:10:00+00:00,player_points,False,Pending,,,
2838ee4e0a7f60e2fb0fb134a84c3a76_57_player_points_Under_23.5_betrivers_2026-03-05 20:10,2026-03-05T20:10:34.454066-05:00,PHX Suns vs CHI Bulls (9:10 PM EST),Devin Booker,Points,Under,23.5,100,BetRivers,3.87,50.0,10,False,"FanDuel at -122, theScore at -125",57,2838ee4e0a7f60e2fb0fb134a84c3a76,2026-03-06T02:10:00+00:00,player_points,False,Pending,,,
2838ee4e0a7f60e2fb0fb134a84c3a76_57_player_points_Under_23.5_betparx_2026-03-05 20:10,2026-03-05T20:10:38.918074-05:00,PHX Suns vs CHI Bulls (9:10 PM EST),Devin Booker,Points,Under,23.5,102,BetParx,4.91,50.0,10,False,"FanDuel at -122, theScore at -125",57,2838ee4e0a7f60e2fb0fb134a84c3a76,2026-03-06T02:10:00+00:00,player_points,False,Pending,,,
2838ee4e0a7f60e2fb0fb134a84c3a76_8_player_rebounds_Under_3.5_draftkings_2026-03-05 20:10,2026-03-05T20:10:48.047185-05:00,PHX Suns vs CHI Bulls (9:10 PM EST),Grayson Allen,Rebounds,Under,3.5,-111,DraftKings,2.59,70.0,10,False,"FanDuel at -136, theScore at -130",8,2838ee4e0a7f60e2fb0fb134a84c3a76,2026-03-06T02:10:00+00:00,player_rebounds,False,Pending,,,
2838ee4e0a7f60e2fb0fb134a84c3a76_8_player_rebounds_Under_3.5_hardrockbet_2026-03-05 20:10,2026-03-05T20:10:53.105990-05:00,PHX Suns vs CHI Bulls (9:10 PM EST),Grayson Allen,Rebounds,Under,3.5,100,HardRockBet,6.03,70.0,10,False,"FanDuel at -136, DraftKings at -111, theScore at -130",8,2838ee4e0a7f60e2fb0fb134a84c3a76,2026-03-06T02:10:00+00:00,player_rebounds,False,Pending,,,
2838ee4e0a7f60e2fb0fb134a84c3a76_1028036515_player_assists_Over_2.5_hardrockbet_2026-03-05 20:11,2026-03-05T20:11:03.834899-05:00,PHX Suns vs CHI Bulls (9:10 PM EST),Oso Ighodaro,Assists,Over,2.5,-135,HardRockBet,2.74,60.0,10,False,"FanDuel at -166, theScore at -170",1028036515,2838ee4e0a7f60e2fb0fb134a84c3a76,2026-03-06T02:10:00+00:00,player_assists,False,Pending,,,
3a3ada953e9680525dd22a739ea65ffd_3547249_player_rebounds_Under_8.5_hardrockbet_2026-03-05 20:11,2026-03-05T20:11:27.868585-05:00,SAC Kings vs NOP Pelicans (10:10 PM EST),Precious Achiuwa,Rebounds,Under,8.5,100,HardRockBet,2.74,40.0,10,False,"FanDuel at -132, DraftKings at -118, theScore at -115, Pinnacle at -103",3547249,3a3ada953e9680525dd22a739ea65ffd,2026-03-06T03:10:00+00:00,player_rebounds,False,Pending,,,
2838ee4e0a7f60e2fb0fb134a84c3a76_8_player_rebounds_Under_3.5_draftkings_2026-03-05 20:24,2026-03-05T20:24:43.193223-05:00,PHX Suns vs CHI Bulls (9:10 PM EST),Grayson Allen,Rebounds,Under,3.5,-111,DraftKings,2.78,70.0,10,False,"FanDuel at -138, theScore at -130",8,2838ee4e0a7f60e2fb0fb134a84c3a76,2026-03-06T02:10:00+00:00,player_rebounds,False,Pending,,,
2838ee4e0a7f60e2fb0fb134a84c3a76_8_player_rebounds_Under_3.5_hardrockbet_2026-03-05 20:24,2026-03-05T20:24:48.189976-05:00,PHX Suns vs CHI Bulls (9:10 PM EST),Grayson Allen,Rebounds,Under,3.5,100,HardRockBet,6.18,70.0,10,False,"FanDuel at -138, DraftKings at -111, theScore at -130",8,2838ee4e0a7f60e2fb0fb134a84c3a76,2026-03-06T02:10:00+00:00,player_rebounds,False,Pending,,,
2bcbbf1e576480f97be0401eb089cd5a_666609_player_points_Under_7.5_hardrockbet_2026-03-05 20:25,2026-03-05T20:25:05.569203-05:00,DEN Nuggets vs LAL Lakers (10:10 PM EST),Rui Hachimura,Points,Under,7.5,105,HardRockBet,2.26,40.0,10,False,"FanDuel at -115, DraftKings at -113, theScore at -115, Pinnacle at -102",666609,2bcbbf1e576480f97be0401eb089cd5a,2026-03-06T03:10:00+00:00,player_points,False,Pending,,,
2bcbbf1e576480f97be0401eb089cd5a_246_player_assists_Under_10.5_hardrockbet_2026-03-05 20:25,2026-03-05T20:25:21.486483-05:00,DEN Nuggets vs LAL Lakers (10:10 PM EST),Nikola Jokic,Assists,Under,10.5,-110,HardRockBet,7.39,50.0,10,False,"FanDuel at -150, Pinnacle at -140",246,2bcbbf1e576480f97be0401eb089cd5a,2026-03-06T03:10:00+00:00,player_assists,False,Pending,,,
2bcbbf1e576480f97be0401eb089cd5a_38017709_player_rebounds_assists_Over_7.5_betmgm_2026-03-05 20:25,2026-03-05T20:25:31.563881-05:00,DEN Nuggets vs LAL Lakers (10:10 PM EST),Christian Braun,Rebounds Assists,Over,7.5,110,BetMGM,10.14,50.0,10,False,"FanDuel at -130, theScore at -120",38017709,2bcbbf1e576480f97be0401eb089cd5a,2026-03-06T03:10:00+00:00,player_rebounds_assists,False,Pending,,,
2bcbbf1e576480f97be0401eb089cd5a_38017709_player_rebounds_assists_Over_7.5_hardrockbet_2026-03-05 20:25,2026-03-05T20:25:36.718869-05:00,DEN Nuggets vs LAL Lakers (10:10 PM EST),Christian Braun,Rebounds Assists,Over,7.5,110,HardRockBet,10.14,50.0,10,False,"FanDuel at -130, theScore at -120",38017709,2bcbbf1e576480f97be0401eb089cd5a,2026-03-06T03:10:00+00:00,player_rebounds_assists,False,Pending,,,
2bcbbf1e576480f97be0401eb089cd5a_191_player_points_Over_12.5_hardrockbet_2026-03-05 20:31,2026-03-05T20:31:13.674264-05:00,DEN Nuggets vs LAL Lakers (10:10 PM EST),Tim Hardaway Jr,Points,Over,12.5,-115,HardRockBet,4.06,60.0,10,False,"theScore at -160, Pinnacle at -120",191,2bcbbf1e576480f97be0401eb089cd5a,2026-03-06T03:10:00+00:00,player_points,False,Pending,,,
2bcbbf1e576480f97be0401eb089cd5a_246_player_assists_Under_10.5_hardrockbet_2026-03-05 20:31,2026-03-05T20:31:18.518068-05:00,DEN Nuggets vs LAL Lakers (10:10 PM EST),Nikola Jokic,Assists,Under,10.5,100,HardRockBet,11.93,50.0,10,False,"FanDuel at -148, Pinnacle at -140",246,2bcbbf1e576480f97be0401eb089cd5a,2026-03-06T03:10:00+00:00,player_assists,False,Pending,,,
2838ee4e0a7f60e2fb0fb134a84c3a76_8_player_rebounds_Under_3.5_draftkings_2026-03-05 20:36,2026-03-05T20:36:33.799586-05:00,PHX Suns vs CHI Bulls (9:10 PM EST),Grayson Allen,Rebounds,Under,3.5,-111,DraftKings,2.31,70.0,10,False,"FanDuel at -136, theScore at -130",8,2838ee4e0a7f60e2fb0fb134a84c3a76,2026-03-06T02:10:00+00:00,player_rebounds,False,Pending,,,
2838ee4e0a7f60e2fb0fb134a84c3a76_8_player_rebounds_Under_3.5_hardrockbet_2026-03-05 20:36,2026-03-05T20:36:38.281471-05:00,PHX Suns vs CHI Bulls (9:10 PM EST),Grayson Allen,Rebounds,Under,3.5,100,HardRockBet,5.79,70.0,10,False,"FanDuel at -136, DraftKings at -111, theScore at -130",8,2838ee4e0a7f60e2fb0fb134a84c3a76,2026-03-06T02:10:00+00:00,player_rebounds,False,Pending,,,
2838ee4e0a7f60e2fb0fb134a84c3a76_57_player_rebounds_assists_Under_10.5_betmgm_2026-03-05 20:36,2026-03-05T20:36:51.623814-05:00,PHX Suns vs CHI Bulls (9:10 PM EST),Devin Booker,Rebounds Assists,Under,10.5,-120,BetMGM,2.21,70.0,10,False,"FanDuel at -146, theScore at -145",57,2838ee4e0a7f60e2fb0fb134a84c3a76,2026-03-06T02:10:00+00:00,player_rebounds_assists,False,Pending,,,
2838ee4e0a7f60e2fb0fb134a84c3a76_57_player_rebounds_assists_Under_10.5_hardrockbet_2026-03-05 20:36,2026-03-05T20:36:55.966821-05:00,PHX Suns vs CHI Bulls (9:10 PM EST),Devin Booker,Rebounds Assists,Under,10.5,-120,HardRockBet,2.21,70.0,10,False,"FanDuel at -146, theScore at -145",57,2838ee4e0a7f60e2fb0fb134a84c3a76,2026-03-06T02:10:00+00:00,player_rebounds_assists,False,Pending,,,
2838ee4e0a7f60e2fb0fb134a84c3a76_38017727_player_points_Under_14.5_draftkings_2026-03-05 20:49,2026-03-05T20:49:51.449349-05:00,PHX Suns vs CHI Bulls (9:10 PM EST),Collin Gillespie,Points,Under,14.5,-104,DraftKings,2.28,50.0,10,False,"FanDuel at -125, theScore at -125, Pinnacle at -123",38017727,2838ee4e0a7f60e2fb0fb134a84c3a76,2026-03-06T02:10:00+00:00,player_points,False,Pending,,,
2838ee4e0a7f60e2fb0fb134a84c3a76_57_player_rebounds_assists_Under_10.5_hardrockbet_2026-03-05 20:50,2026-03-05T20:50:04.570804-05:00,PHX Suns vs CHI Bulls (9:10 PM EST),Devin Booker,Rebounds Assists,Under,10.5,-115,HardRockBet,2.06,70.0,10,False,"FanDuel at -138, theScore at -140",57,2838ee4e0a7f60e2fb0fb134a84c3a76,2026-03-06T02:10:00+00:00,player_rebounds_assists,False,Pending,,,
2838ee4e0a7f60e2fb0fb134a84c3a76_3547247_player_threes_Over_1.5_hardrockbet_2026-03-05 20:50,2026-03-05T20:50:14.973760-05:00,PHX Suns vs CHI Bulls (9:10 PM EST),Isaac Okoro,Threes,Over,1.5,105,HardRockBet,2.28,40.0,10,False,"FanDuel at -113, DraftKings at -122, theScore at -115, Pinnacle at 103",3547247,2838ee4e0a7f60e2fb0fb134a84c3a76,2026-03-06T02:10:00+00:00,player_threes,False,Pending,,,
2838ee4e0a7f60e2fb0fb134a84c3a76_57_player_points_Under_24.5_betmgm_2026-03-05 20:56,2026-03-05T20:56:04.903805-05:00,PHX Suns vs CHI Bulls (9:10 PM EST),Devin Booker,Points,Under,24.5,-115,BetMGM,2.06,70.0,10,False,"theScore at -140, Pinnacle at -143",57,2838ee4e0a7f60e2fb0fb134a84c3a76,2026-03-06T02:10:00+00:00,player_points,False,Pending,,,
2838ee4e0a7f60e2fb0fb134a84c3a76_57_player_points_Under_24.5_hardrockbet_2026-03-05 20:56,2026-03-05T20:56:09.713543-05:00,PHX Suns vs CHI Bulls (9:10 PM EST),Devin Booker,Points,Under,24.5,-115,HardRockBet,2.06,70.0,10,False,"theScore at -140, Pinnacle at -143",57,2838ee4e0a7f60e2fb0fb134a84c3a76,2026-03-06T02:10:00+00:00,player_points,False,Pending,,,
2838ee4e0a7f60e2fb0fb134a84c3a76_57_player_assists_Over_5.5_draftkings_2026-03-05 20:56,2026-03-05T20:56:19.663280-05:00,PHX Suns vs CHI Bulls (9:10 PM EST),Devin Booker,Assists,Over,5.5,-116,DraftKings,2.34,50.0,10,False,"FanDuel at -140, theScore at -145, Pinnacle at -132",57,2838ee4e0a7f60e2fb0fb134a84c3a76,2026-03-06T02:10:00+00:00,player_assists,False,Pending,,,
2838ee4e0a7f60e2fb0fb134a84c3a76_57_player_rebounds_assists_Under_10.5_betmgm_2026-03-05 20:56,2026-03-05T20:56:28.823909-05:00,PHX Suns vs CHI Bulls (9:10 PM EST),Devin Booker,Rebounds Assists,Under,10.5,-115,BetMGM,2.06,70.0,10,False,"FanDuel at -138, theScore at -140",57,2838ee4e0a7f60e2fb0fb134a84c3a76,2026-03-06T02:10:00+00:00,player_rebounds_assists,False,Pending,,,
2838ee4e0a7f60e2fb0fb134a84c3a76_57_player_points_Under_24.5_betmgm_2026-03-05 21:01,2026-03-05T21:01:45.232022-05:00,PHX Suns vs CHI Bulls (9:10 PM EST),Devin Booker,Points,Under,24.5,-110,BetMGM,5.52,70.0,10,False,"theScore at -145, Pinnacle at -143",57,2838ee4e0a7f60e2fb0fb134a84c3a76,2026-03-06T02:10:00+00:00,player_points,False,Pending,,,
2838ee4e0a7f60e2fb0fb134a84c3a76_57_player_points_Under_24.5_hardrockbet_2026-03-05 21:01,2026-03-05T21:01:52.142375-05:00,PHX Suns vs CHI Bulls (9:10 PM EST),Devin Booker,Points,Under,24.5,-110,HardRockBet,5.52,70.0,10,False,"theScore at -145, Pinnacle at -143",57,2838ee4e0a7f60e2fb0fb134a84c3a76,2026-03-06T02:10:00+00:00,player_points,False,Pending,,,
2838ee4e0a7f60e2fb0fb134a84c3a76_57_player_rebounds_assists_Under_10.5_betmgm_2026-03-05 21:02,2026-03-05T21:02:05.107845-05:00,PHX Suns vs CHI Bulls (9:10 PM EST),Devin Booker,Rebounds Assists,Under,10.5,-115,BetMGM,2.96,70.0,10,False,"FanDuel at -142, theScore at -140",57,2838ee4e0a7f60e2fb0fb134a84c3a76,2026-03-06T02:10:00+00:00,player_rebounds_assists,False,Pending,,,
3a3ada953e9680525dd22a739ea65ffd_3547256_player_rebounds_Under_5.5_draftkings_2026-03-05 21:19,2026-03-05T21:19:05.969640-05:00,SAC Kings vs NOP Pelicans (10:10 PM EST),Saddiq Bey,Rebounds,Under,5.5,-102,DraftKings,2.59,50.0,10,False,"FanDuel at -122, theScore at -125, Pinnacle at -119",3547256,3a3ada953e9680525dd22a739ea65ffd,2026-03-06T03:10:00+00:00,player_rebounds,False,Pending,,,
3a3ada953e9680525dd22a739ea65ffd_1057274415_player_rebounds_Over_5.5_draftkings_2026-03-05 21:19,2026-03-05T21:19:11.948207-05:00,SAC Kings vs NOP Pelicans (10:10 PM EST),Derik Queen,Rebounds,Over,5.5,101,DraftKings,2.64,60.0,10,False,"FanDuel at -120, Pinnacle at -117",1057274415,3a3ada953e9680525dd22a739ea65ffd,2026-03-06T03:10:00+00:00,player_rebounds,False,Pending,,,
3a3ada953e9680525dd22a739ea65ffd_18677986_player_rebounds_Under_4.5_draftkings_2026-03-05 21:19,2026-03-05T21:19:16.856502-05:00,SAC Kings vs NOP Pelicans (10:10 PM EST),Trey Murphy III,Rebounds,Under,4.5,-108,DraftKings,2.98,50.0,10,False,"FanDuel at -132, theScore at -130",18677986,3a3ada953e9680525dd22a739ea65ffd,2026-03-06T03:10:00+00:00,player_rebounds,False,Pending,,,
3a3ada953e9680525dd22a739ea65ffd_3547249_player_rebounds_Under_8.5_hardrockbet_2026-03-05 21:19,2026-03-05T21:19:21.166048-05:00,SAC Kings vs NOP Pelicans (10:10 PM EST),Precious Achiuwa,Rebounds,Under,8.5,-105,HardRockBet,2.92,40.0,10,False,"FanDuel at -136, DraftKings at -122, theScore at -130, Pinnacle at -105",3547249,3a3ada953e9680525dd22a739ea65ffd,2026-03-06T03:10:00+00:00,player_rebounds,False,Pending,,,
3a3ada953e9680525dd22a739ea65ffd_18677986_player_rebounds_Under_4.5_hardrockbet_2026-03-05 21:19,2026-03-05T21:19:26.272351-05:00,SAC Kings vs NOP Pelicans (10:10 PM EST),Trey Murphy III,Rebounds,Under,4.5,100,HardRockBet,4.99,50.0,10,False,"FanDuel at -132, DraftKings at -108, theScore at -130",18677986,3a3ada953e9680525dd22a739ea65ffd,2026-03-06T03:10:00+00:00,player_rebounds,False,Pending,,,
3a3ada953e9680525dd22a739ea65ffd_1057276634_player_points_assists_Under_18.5_betmgm_2026-03-05 21:36,2026-03-05T21:36:25.977391-05:00,SAC Kings vs NOP Pelicans (10:10 PM EST),Nique Clifford,Points Assists,Under,18.5,-105,BetMGM,2.3,70.0,10,False,"FanDuel at -132, theScore at -120",1057276634,3a3ada953e9680525dd22a739ea65ffd,2026-03-06T03:10:00+00:00,player_points_assists,False,Pending,,,
3a3ada953e9680525dd22a739ea65ffd_1057276634_player_points_assists_Under_18.5_hardrockbet_2026-03-05 21:36,2026-03-05T21:36:30.926779-05:00,SAC Kings vs NOP Pelicans (10:10 PM EST),Nique Clifford,Points Assists,Under,18.5,-105,HardRockBet,2.3,70.0,10,False,"FanDuel at -132, theScore at -120",1057276634,3a3ada953e9680525dd22a739ea65ffd,2026-03-06T03:10:00+00:00,player_points_assists,False,Pending,,,
2bcbbf1e576480f97be0401eb089cd5a_237_player_points_Under_20.5_draftkings_2026-03-05 21:53,2026-03-05T21:53:43.151735-05:00,DEN Nuggets vs LAL Lakers (10:10 PM EST),LeBron James,Points,Under,20.5,-109,DraftKings,2.87,40.0,10,False,"theScore at -140, Pinnacle at -123",237,2bcbbf1e576480f97be0401eb089cd5a,2026-03-06T03:10:00+00:00,player_points,False,Pending,,,
2bcbbf1e576480f97be0401eb089cd5a_237_player_points_Under_20.5_draftkings_2026-03-05 21:58,2026-03-05T21:58:55.672641-05:00,DEN Nuggets vs LAL Lakers (10:10 PM EST),LeBron James,Points,Under,20.5,-109,DraftKings,2.87,40.0,10,False,"theScore at -140, Pinnacle at -123",237,2bcbbf1e576480f97be0401eb089cd5a,2026-03-06T03:10:00+00:00,player_points,False,Pending,,,
3a3ada953e9680525dd22a739ea65ffd_1057276634_player_points_Under_14.5_betmgm_2026-03-05 22:04,2026-03-05T22:04:43.716954-05:00,SAC Kings vs NOP Pelicans (10:10 PM EST),Nique Clifford,Points,Under,14.5,100,BetMGM,3.84,70.0,10,False,"FanDuel at -122, DraftKings at -126, theScore at -125, Pinnacle at -117",1057276634,3a3ada953e9680525dd22a739ea65ffd,2026-03-06T03:10:00+00:00,player_points,False,Pending,,,
3a3ada953e9680525dd22a739ea65ffd_1057276634_player_points_Under_14.5_betmgm_2026-03-05 22:10,2026-03-05T22:10:21.723583-05:00,SAC Kings vs NOP Pelicans (10:11 PM EST),Nique Clifford,Points,Under,14.5,100,BetMGM,3.25,70.0,10,False,"FanDuel at -122, DraftKings at -126, theScore at -125, Pinnacle at -103",1057276634,3a3ada953e9680525dd22a739ea65ffd,2026-03-06T03:11:00+00:00,player_points,False,Pending,,,
